skuCode,name,brand,businessCategory,functionCategory,productKind,classificationStatus,classificationMethod,seriesId,seriesMatch,reviewRequired,reviewReasons,legacyProductType,legacyMainCategory,legacyCategory
AB-01,Vera Bond 瓷牙金屬,Aalba Dent,fixed-restorative,metal-material,material,approved_rule,legacy_category_rule,,unmatched,false,,材料,材料,金屬材料
AB-02,Vera Bond II 瓷牙金屬(不含鈹),Aalba Dent,fixed-restorative,metal-material,material,approved_rule,legacy_category_rule,,unmatched,false,,材料,材料,金屬材料
AB-03,Vera Bond V 瓷牙金屬,Aalba Dent,fixed-restorative,metal-material,material,approved_rule,legacy_category_rule,,unmatched,false,,材料,材料,金屬材料
AB-03-1,Vera Bond V 瓷牙金屬,Aalba Dent,fixed-restorative,metal-material,material,approved_rule,legacy_category_rule,,unmatched,false,,材料,材料,金屬材料
AB-04,Comandium 陶瓷合金,Aalba Dent,fixed-restorative,metal-material,material,approved_rule,legacy_category_rule,,unmatched,false,,材料,材料,金屬材料
AB-05,Continum V 陶瓷合金,Aalba Dent,fixed-restorative,metal-material,material,approved_rule,legacy_category_rule,,unmatched,false,,材料,材料,金屬材料
AB-06,Continum C 陶瓷合金,Aalba Dent,fixed-restorative,metal-material,material,approved_rule,legacy_category_rule,,unmatched,false,,材料,材料,金屬材料
AB-07,NPG Alloy (100g),Aalba Dent,fixed-restorative,metal-material,material,approved_rule,legacy_category_rule,,unmatched,false,,材料,材料,金屬材料
AB-09,VB Solder 瓷牙焊條 (10g),Aalba Dent,fixed-restorative,metal-material,material,approved_rule,legacy_category_rule,,unmatched,false,,材料,材料,金屬材料
AB-10,Vera PDS 軟 太空金屬,Aalba Dent,fixed-restorative,metal-material,material,approved_rule,legacy_category_rule,,unmatched,false,,材料,材料,金屬材料
AB-11,Vera PDN 硬 太空金屬,Aalba Dent,fixed-restorative,metal-material,material,approved_rule,legacy_category_rule,,unmatched,false,,材料,材料,金屬材料
AB-12,Vera PDN 軟 太空金屬,Aalba Dent,fixed-restorative,metal-material,material,approved_rule,legacy_category_rule,,unmatched,false,,材料,材料,金屬材料
AB-17,Comandium II 瓷牙金屬,Aalba Dent,fixed-restorative,metal-material,material,approved_rule,legacy_category_rule,,unmatched,false,,材料,材料,金屬材料
AB-20,Vera Bond 2V 瓷牙金屬,Aalba Dent,fixed-restorative,metal-material,material,approved_rule,legacy_category_rule,,unmatched,false,,材料,材料,金屬材料
AB-21,Vera PDI 硬 太空金屬,Aalba Dent,fixed-restorative,metal-material,material,approved_rule,legacy_category_rule,,unmatched,false,,材料,材料,金屬材料
AB-22,Comandium (ti) 陶瓷合金,Aalba Dent,fixed-restorative,metal-material,material,approved_rule,legacy_category_rule,,unmatched,false,,材料,材料,金屬材料
AB-23,Vera Bond III 鈷鉻金屬,Aalba Dent,fixed-restorative,metal-material,material,approved_rule,legacy_category_rule,,unmatched,false,,材料,材料,金屬材料
ADB-001,Carbide Bur HP1,Prima Dental,lab-production,bur-drill,consumable,approved_rule,legacy_category_rule,,unmatched,false,,耗材,耗材,車針 / 鑽針
ADB-002,Carbide Bur HP2,Prima Dental,lab-production,bur-drill,consumable,approved_rule,legacy_category_rule,,unmatched,false,,耗材,耗材,車針 / 鑽針
ADB-003,Carbide Bur HP3,Prima Dental,lab-production,bur-drill,consumable,approved_rule,legacy_category_rule,,unmatched,false,,耗材,耗材,車針 / 鑽針
ADB-004,Carbide Bur HP4,Prima Dental,lab-production,bur-drill,consumable,approved_rule,legacy_category_rule,,unmatched,false,,耗材,耗材,車針 / 鑽針
ADB-005,Carbide Bur HP5,Prima Dental,lab-production,bur-drill,consumable,approved_rule,legacy_category_rule,,unmatched,false,,耗材,耗材,車針 / 鑽針
ADB-006,Carbide Bur HP6,Prima Dental,lab-production,bur-drill,consumable,approved_rule,legacy_category_rule,,unmatched,false,,耗材,耗材,車針 / 鑽針
ADB-007,Carbide Bur HP7,Prima Dental,lab-production,bur-drill,consumable,approved_rule,legacy_category_rule,,unmatched,false,,耗材,耗材,車針 / 鑽針
ADB-008,Carbide Bur HP8,Prima Dental,lab-production,bur-drill,consumable,approved_rule,legacy_category_rule,,unmatched,false,,耗材,耗材,車針 / 鑽針
ADB-009FG,Carbide Bur 009FG,Prima Dental,lab-production,bur-drill,consumable,approved_rule,legacy_category_rule,,unmatched,false,,耗材,耗材,車針 / 鑽針
ADB-016FG,Carbide Bur 016FG,Prima Dental,lab-production,bur-drill,consumable,approved_rule,legacy_category_rule,,unmatched,false,,耗材,耗材,車針 / 鑽針
ADB-034,Carbide Bur HP34,Prima Dental,lab-production,bur-drill,consumable,approved_rule,legacy_category_rule,,unmatched,false,,耗材,耗材,車針 / 鑽針
ADB-035,Carbide Bur HP35,Prima Dental,lab-production,bur-drill,consumable,approved_rule,legacy_category_rule,,unmatched,false,,耗材,耗材,車針 / 鑽針
ADB-035-1,Carbide Bur HP35,Prima Dental,lab-production,bur-drill,consumable,approved_rule,legacy_category_rule,,unmatched,false,,耗材,耗材,車針 / 鑽針
ADB-036,Carbide Bur HP36,Prima Dental,lab-production,bur-drill,consumable,approved_rule,legacy_category_rule,,unmatched,false,,耗材,耗材,車針 / 鑽針
ADB-037,Carbide Bur HP37,Prima Dental,lab-production,bur-drill,consumable,approved_rule,legacy_category_rule,,unmatched,false,,耗材,耗材,車針 / 鑽針
ADB-038,Carbide Bur HP38,Prima Dental,lab-production,bur-drill,consumable,approved_rule,legacy_category_rule,,unmatched,false,,耗材,耗材,車針 / 鑽針
ADB-039,Carbide Bur HP39,Prima Dental,lab-production,bur-drill,consumable,approved_rule,legacy_category_rule,,unmatched,false,,耗材,耗材,車針 / 鑽針
ADB-040,Carbide Bur HP40,Prima Dental,lab-production,bur-drill,consumable,approved_rule,legacy_category_rule,,unmatched,false,,耗材,耗材,車針 / 鑽針
ADB-041,Carbide Bur HP41,Prima Dental,lab-production,bur-drill,consumable,approved_rule,legacy_category_rule,,unmatched,false,,耗材,耗材,車針 / 鑽針
ADB-1/2,Carbide Bur HP1/2,Prima Dental,lab-production,bur-drill,consumable,approved_rule,legacy_category_rule,,unmatched,false,,耗材,耗材,車針 / 鑽針
ADB-1/4,Carbide Bur HP1/4,Prima Dental,lab-production,bur-drill,consumable,approved_rule,legacy_category_rule,,unmatched,false,,耗材,耗材,車針 / 鑽針
ADB-1558,Carbide Bur HP 1558,Prima Dental,lab-production,bur-drill,consumable,approved_rule,legacy_category_rule,,unmatched,false,,耗材,耗材,車針 / 鑽針
ADB-1559,Carbide Bur HP 1559,Prima Dental,lab-production,bur-drill,consumable,approved_rule,legacy_category_rule,,unmatched,false,,耗材,耗材,車針 / 鑽針
ADB-168,Carbide Bur HP168,Prima Dental,lab-production,bur-drill,consumable,approved_rule,legacy_category_rule,,unmatched,false,,耗材,耗材,車針 / 鑽針
ADB-169,Carbide Bur HP169,Prima Dental,lab-production,bur-drill,consumable,approved_rule,legacy_category_rule,,unmatched,false,,耗材,耗材,車針 / 鑽針
ADB-170,Carbide Bur HP170,Prima Dental,lab-production,bur-drill,consumable,approved_rule,legacy_category_rule,,unmatched,false,,耗材,耗材,車針 / 鑽針
ADB-171,Carbide Bur HP171,Prima Dental,lab-production,bur-drill,consumable,approved_rule,legacy_category_rule,,unmatched,false,,耗材,耗材,車針 / 鑽針
ADB-172,Carbide Bur HP172,Prima Dental,lab-production,bur-drill,consumable,approved_rule,legacy_category_rule,,unmatched,false,,耗材,耗材,車針 / 鑽針
ADB-174,Carbide Bur HP174(563),Prima Dental,lab-production,bur-drill,consumable,approved_rule,legacy_category_rule,,unmatched,false,,耗材,耗材,車針 / 鑽針
ADB-562,Carbide Bur HP562,Prima Dental,lab-production,bur-drill,consumable,approved_rule,legacy_category_rule,,unmatched,false,,耗材,耗材,車針 / 鑽針
ADB-563,Carbide Bur HP563,Prima Dental,lab-production,bur-drill,consumable,approved_rule,legacy_category_rule,,unmatched,false,,耗材,耗材,車針 / 鑽針
ADB-698,Carbide Bur HP698,Prima Dental,lab-production,bur-drill,consumable,approved_rule,legacy_category_rule,,unmatched,false,,耗材,耗材,車針 / 鑽針
ADB-700,Carbide Bur HP700,Prima Dental,lab-production,bur-drill,consumable,approved_rule,legacy_category_rule,,unmatched,false,,耗材,耗材,車針 / 鑽針
ADB-701,Carbide Bur HP701,Prima Dental,lab-production,bur-drill,consumable,approved_rule,legacy_category_rule,,unmatched,false,,耗材,耗材,車針 / 鑽針
ADB-702,Carbide Bur HP702,Prima Dental,lab-production,bur-drill,consumable,approved_rule,legacy_category_rule,,unmatched,false,,耗材,耗材,車針 / 鑽針
ADB-702-1/2,Carbide Bur HP702-1/2,Prima Dental,lab-production,bur-drill,consumable,approved_rule,legacy_category_rule,,unmatched,false,,耗材,耗材,車針 / 鑽針
ADB-703,Carbide Bur HP703,Prima Dental,lab-production,bur-drill,consumable,approved_rule,legacy_category_rule,,unmatched,false,,耗材,耗材,車針 / 鑽針
ADB-704,Carbide Bur HP704,Prima Dental,lab-production,bur-drill,consumable,approved_rule,legacy_category_rule,,unmatched,false,,耗材,耗材,車針 / 鑽針
AF-BLSS900-2.3,無刷電子馬達(60000轉),Argofile,lab-equipment,motor-handpiece,equipment,approved_rule,legacy_category_rule,,unmatched,false,,設備,設備,馬達 / 手機
AG-00194,Asiga Flash 光固化機,ASIGA,additive-manufacturing,post-processing,equipment,approved_rule,official_sku_rule,,unmatched,false,,設備,設備,光固化機
AG-00194-1,光固化機-燈管,ASIGA,additive-manufacturing,printer-spare-part,spare_part,approved_rule,official_sku_rule,,unmatched,false,,設備,設備,光固化機
AG-0044,Bundled 1L MAX Build Tary,ASIGA,additive-manufacturing,printing-consumable,consumable,approved_rule,official_sku_rule,,unmatched,false,,設備,設備,3D列印機
AG-0077,MAX 2 Crown kit,ASIGA,additive-manufacturing,printer-accessory,accessory,approved_rule,official_sku_rule,,unmatched,false,,配件,耗材,3D列印機配件
AG-00928,PlasGRAY V2 1kg,ASIGA,additive-manufacturing,print-resin,material,approved_rule,official_sku_rule,,unmatched,false,,材料,材料,樹脂材料
AG-00929,PlasPINK V2 1kg,ASIGA,additive-manufacturing,print-resin,material,approved_rule,official_sku_rule,,unmatched,false,,配件,耗材,3D列印機配件
AG-00930,PlasCLEAR V2 1kg Bottle,ASIGA,additive-manufacturing,print-resin,material,approved_rule,official_sku_rule,,unmatched,false,,材料,材料,樹脂材料
AG-00931,PlasWHITE V2 1kg Bottle,ASIGA,additive-manufacturing,print-resin,material,approved_rule,official_sku_rule,,unmatched,false,,材料,材料,樹脂材料
AG-01329,FusionGRAY V2 1kg Bottle,ASIGA,additive-manufacturing,print-resin,material,approved_rule,official_sku_rule,,unmatched,false,,材料,材料,樹脂材料
AG-01407,MAX Touchscreen,ASIGA,additive-manufacturing,printer-spare-part,spare_part,approved_rule,official_sku_rule,,unmatched,false,,配件,耗材,3D列印機配件
AG-02391,MAX UV 3D Printer,ASIGA,additive-manufacturing,3d-printer,equipment,approved_rule,official_sku_rule,,unmatched,false,,設備,設備,3D列印機
AG-02479,MAX Build Platform 成型台,ASIGA,additive-manufacturing,printer-accessory,accessory,approved_rule,official_sku_rule,,unmatched,false,,設備,設備,3D列印機
AG-02499,MAX Build Tray 1L 料槽,ASIGA,additive-manufacturing,printing-consumable,consumable,approved_rule,official_sku_rule,,unmatched,false,,設備,設備,3D列印機
AG-02500,MAX Build Tray 2L 料槽,ASIGA,additive-manufacturing,printing-consumable,consumable,approved_rule,official_sku_rule,,unmatched,false,,設備,設備,3D列印機
AG-02501,MAX Build Tray 5L 料槽,ASIGA,additive-manufacturing,printing-consumable,consumable,approved_rule,official_sku_rule,,unmatched,false,,設備,設備,3D列印機
AG-02502,MAX Build Tray 10L 料槽,ASIGA,additive-manufacturing,printing-consumable,consumable,approved_rule,official_sku_rule,,unmatched,false,,設備,設備,3D列印機
AG-02551,Posltion Encoder Projector USB Cable,ASIGA,additive-manufacturing,printer-spare-part,spare_part,approved_rule,official_sku_rule,,unmatched,false,,配件,耗材,3D列印機配件
AG-03000,DentaModel,ASIGA,additive-manufacturing,print-resin,material,approved_rule,official_sku_rule,,unmatched,false,,材料,材料,樹脂材料
AG-03569,Denta BASE N1 1kg Bottle,ASIGA,additive-manufacturing,print-resin,material,approved_rule,official_sku_rule,,unmatched,false,,材料,材料,樹脂材料
AG-03624,Denta TOOTH A1 1kg Bottle,ASIGA,additive-manufacturing,print-resin,material,approved_rule,official_sku_rule,,unmatched,false,,材料,材料,樹脂材料
AG-03625,Denta TOOTH A2 Bottle(1Kg),ASIGA,additive-manufacturing,print-resin,material,approved_rule,official_sku_rule,,unmatched,false,,材料,材料,樹脂材料
AG-03626,Denta TOOTH A3,ASIGA,additive-manufacturing,print-resin,material,approved_rule,official_sku_rule,,unmatched,false,,材料,材料,樹脂材料
AG-03653,Denta GUM 1kg Bottle,ASIGA,additive-manufacturing,print-resin,material,approved_rule,official_sku_rule,,unmatched,false,,材料,材料,樹脂材料
AG-03768,DentaTRY A1 1kg Bottle,ASIGA,additive-manufacturing,print-resin,material,approved_rule,official_sku_rule,,unmatched,false,,材料,材料,樹脂材料
AG-03810,DentaTOOTH 1kg Bottle,ASIGA,additive-manufacturing,print-resin,material,approved_rule,official_sku_rule,,unmatched,false,,材料,材料,樹脂材料
AG-03817,DentaTRY A2 1kg Bottle,ASIGA,additive-manufacturing,print-resin,material,approved_rule,official_sku_rule,,unmatched,false,,材料,材料,樹脂材料
AG-04248,MAX Build Tray Storage Case 料槽收納盒,ASIGA,additive-manufacturing,printer-accessory,accessory,approved_rule,official_sku_rule,,unmatched,false,,設備,設備,3D列印機
AG-04504,Denta GUIDE 1kg Bottle,ASIGA,additive-manufacturing,print-resin,material,approved_rule,official_sku_rule,,unmatched,false,,材料,材料,樹脂材料
AG-04569,PRO Build Tray 2L 料槽,ASIGA,additive-manufacturing,printing-consumable,consumable,approved_rule,official_sku_rule,,unmatched,false,,配件,耗材,3D列印機配件
AG-04570,PRO Build Tray 5L 料槽,ASIGA,additive-manufacturing,printing-consumable,consumable,approved_rule,official_sku_rule,,unmatched,false,,配件,耗材,3D列印機配件
AG-04571,PRO Build Tray 10L 料槽,ASIGA,additive-manufacturing,printing-consumable,consumable,approved_rule,official_sku_rule,,unmatched,false,,配件,耗材,3D列印機配件
AG-04634,PRO 4K80 UV 3D Printer,ASIGA,additive-manufacturing,3d-printer,equipment,approved_rule,official_sku_rule,,unmatched,false,,設備,設備,3D列印機
AG-04748,Denta Cast 1kg Bottle,ASIGA,additive-manufacturing,print-resin,material,approved_rule,official_sku_rule,,unmatched,false,,材料,材料,樹脂材料
AG-05167,DentaFORM Grey,ASIGA,additive-manufacturing,print-resin,material,approved_rule,official_sku_rule,,unmatched,false,,材料,材料,樹脂材料
AG-05220,MAX Law Force Build Tray 1L 料槽,ASIGA,additive-manufacturing,printing-consumable,consumable,approved_rule,official_sku_rule,,unmatched,false,,配件,耗材,3D列印機配件
AG-05226,PRO 4K Tool kit 工具組,ASIGA,additive-manufacturing,printer-accessory,accessory,approved_rule,official_sku_rule,,unmatched,false,,配件,耗材,3D列印機配件
AG-05359,MAX Tool kit 工具組,ASIGA,additive-manufacturing,printer-accessory,accessory,approved_rule,official_sku_rule,,unmatched,false,,配件,耗材,3D列印機配件
AG-05367,Denta STUDY 1kg Bottle,ASIGA,additive-manufacturing,print-resin,material,approved_rule,official_sku_rule,,unmatched,false,,材料,材料,樹脂材料
AG-05565,PRO Build Tray Storage Case 料槽收納盒(大),ASIGA,additive-manufacturing,printer-accessory,accessory,approved_rule,official_sku_rule,,unmatched,false,,配件,耗材,3D列印機配件
AG-05864,MAX UltraGloss Build Tray 1L 料槽,ASIGA,additive-manufacturing,printing-consumable,consumable,approved_rule,official_sku_rule,,unmatched,false,,配件,耗材,3D列印機配件
AG-05868,PRO UltraGloss 2L 料槽,ASIGA,additive-manufacturing,printing-consumable,consumable,approved_rule,official_sku_rule,,unmatched,false,,配件,耗材,3D列印機配件
AG-05899,Ultra Hood 門板蓋子,ASIGA,additive-manufacturing,printer-spare-part,spare_part,approved_rule,official_sku_rule,,unmatched,false,,配件,耗材,3D列印機配件
AG-07035,Ultra 油壓桿,ASIGA,additive-manufacturing,printer-spare-part,spare_part,approved_rule,official_sku_rule,,unmatched,false,,配件,耗材,3D列印機配件
AG-07063,Ultra 成型平台,ASIGA,additive-manufacturing,printer-accessory,accessory,approved_rule,official_sku_rule,,unmatched,false,,配件,耗材,3D列印機配件
AG-07323,Ultra 3D Printer,ASIGA,additive-manufacturing,3d-printer,equipment,approved_rule,official_sku_rule,,unmatched,false,,設備,設備,3D列印機
AG-07388,Max 2 3D Printer,ASIGA,additive-manufacturing,3d-printer,equipment,approved_rule,official_sku_rule,,unmatched,false,,設備,設備,3D列印機
AG-07391,Encoder Board Assembly,ASIGA,additive-manufacturing,printer-spare-part,spare_part,approved_rule,official_sku_rule,,unmatched,false,,配件,耗材,3D列印機配件
AG-07419,Ultra Endurance Build Tray 2L 料槽,ASIGA,additive-manufacturing,printing-consumable,consumable,approved_rule,official_sku_rule,,unmatched,false,,配件,耗材,3D列印機配件
AG-07422,Ultra UltraGLOSS 2L 料槽,ASIGA,additive-manufacturing,printing-consumable,consumable,approved_rule,official_sku_rule,,unmatched,false,,配件,耗材,3D列印機配件
AG-07440,Ultra Reseller Service Tool kit 工具組,ASIGA,additive-manufacturing,printer-accessory,accessory,approved_rule,official_sku_rule,,unmatched,false,,配件,耗材,3D列印機配件
AG-07446,Max 2/Ultra CPU Board,ASIGA,additive-manufacturing,printer-spare-part,spare_part,approved_rule,official_sku_rule,,unmatched,false,,配件,耗材,3D列印機配件
AG-07458,Max2 Front Panel觸控面板,ASIGA,additive-manufacturing,printer-spare-part,spare_part,approved_rule,official_sku_rule,,unmatched,false,,配件,耗材,3D列印機配件
AG-07514,Stepping Motor,ASIGA,additive-manufacturing,printer-spare-part,spare_part,approved_rule,official_sku_rule,,unmatched,false,,配件,耗材,3D列印機配件
AG-07570,校正工具包,ASIGA,additive-manufacturing,printer-accessory,accessory,approved_rule,official_sku_rule,,unmatched,false,,配件,耗材,3D列印機配件
AG-07647,Ultra Endurance Build Tray 5L 料槽,ASIGA,additive-manufacturing,printing-consumable,consumable,approved_rule,official_sku_rule,,unmatched,false,,配件,耗材,3D列印機配件
AG-07650,Max UltraGLOSS LIFT 料槽,ASIGA,additive-manufacturing,printing-consumable,consumable,approved_rule,official_sku_rule,,unmatched,false,,配件,耗材,3D列印機配件
AG-07741,Max LIFT Build Tray 料槽,ASIGA,additive-manufacturing,printing-consumable,consumable,approved_rule,official_sku_rule,,unmatched,false,,配件,耗材,3D列印機配件
AG-07788,PRO 4K Endurance Build Tray 2L 料槽,ASIGA,additive-manufacturing,printing-consumable,consumable,approved_rule,official_sku_rule,,unmatched,false,,配件,耗材,3D列印機配件
AG-07789,PRO 4K Endurance Build Tray 5L 料槽,ASIGA,additive-manufacturing,printing-consumable,consumable,approved_rule,official_sku_rule,,unmatched,false,,配件,耗材,3D列印機配件
AG-07862,DentaTRAY Orange 1kg Bottle,ASIGA,additive-manufacturing,print-resin,material,approved_rule,official_sku_rule,,unmatched,false,,配件,耗材,3D列印機配件
AG-07876,DentaFORM Beige 1kg Bottle,ASIGA,additive-manufacturing,print-resin,material,approved_rule,official_sku_rule,,unmatched,false,,材料,材料,樹脂材料
AG-07915,Max 2 3D Printer,ASIGA,additive-manufacturing,3d-printer,equipment,approved_rule,official_sku_rule,,unmatched,false,,設備,設備,3D列印機
AG-07930,Max 2 (50) 3D Printer,ASIGA,additive-manufacturing,3d-printer,equipment,approved_rule,official_sku_rule,,unmatched,false,,設備,設備,3D列印機
AG-07946,Cure 2.5 光固化機,ASIGA,additive-manufacturing,post-processing,equipment,approved_rule,official_sku_rule,,unmatched,false,,設備,設備,光固化機
AG-07950,Max Crown Kit Build Tray,ASIGA,additive-manufacturing,printing-consumable,consumable,approved_rule,official_sku_rule,,unmatched,false,,配件,耗材,3D列印機配件
AG-07951,Max Crown Kit Set,ASIGA,additive-manufacturing,printer-accessory,accessory,approved_rule,official_sku_rule,,unmatched,false,,配件,耗材,3D列印機配件
AG-07956,Ultra Crown Kit Set,ASIGA,additive-manufacturing,printer-accessory,accessory,approved_rule,official_sku_rule,,unmatched,false,,配件,耗材,3D列印機配件
AG-07957,Ultra Crown Kit Build Tray,ASIGA,additive-manufacturing,printing-consumable,consumable,approved_rule,official_sku_rule,,unmatched,false,,配件,耗材,3D列印機配件
AG-08110,Ultra Projector 50um,ASIGA,additive-manufacturing,printer-spare-part,spare_part,approved_rule,official_sku_rule,,unmatched,false,,配件,耗材,3D列印機配件
AG-08111,Ultra 平台列印偵測器,ASIGA,additive-manufacturing,printer-spare-part,spare_part,approved_rule,official_sku_rule,,unmatched,false,,配件,耗材,3D列印機配件
AG-08114,Ultra Front Panel觸控面板,ASIGA,additive-manufacturing,printer-spare-part,spare_part,approved_rule,official_sku_rule,,unmatched,false,,配件,耗材,3D列印機配件
BO-RP0211,COBRA Shade Scan 比色機,其他,digital-manufacturing,scanner,equipment,approved_rule,legacy_category_rule,,unmatched,false,,設備,設備,掃描儀
BS-05,美學套裝,貝施美,other-review,kit-bundle,other_review,unresolved,researched_unresolved,,unmatched,true,ambiguous_legacy_category,工具,其他,套裝組
BS-06,氧化鋯燒結爐,貝施美,digital-manufacturing,sintering-furnace,equipment,approved_rule,legacy_category_rule,,unmatched,false,,設備,設備,燒結爐
BS-06-01,燒結爐-感溫棒,貝施美,digital-manufacturing,sintering-furnace,equipment,approved_rule,legacy_category_rule,,unmatched,false,,設備,設備,燒結爐
BS-06-02,燒結爐-加熱棒,貝施美,digital-manufacturing,sintering-furnace,equipment,approved_rule,legacy_category_rule,,unmatched,false,,設備,設備,燒結爐
BS-06-FC30,氧化鋯燒結爐(FC30),貝施美,digital-manufacturing,sintering-furnace,equipment,approved_rule,legacy_category_rule,,unmatched,false,,設備,設備,燒結爐
BS-06-FC30-1,FC30燒結爐加熱棒,貝施美,digital-manufacturing,sintering-furnace,equipment,approved_rule,legacy_category_rule,,unmatched,false,,設備,設備,燒結爐
BS-06-FC30-2,FC30燒結爐燒結盤,貝施美,digital-manufacturing,sintering-furnace,equipment,approved_rule,legacy_category_rule,,unmatched,false,,設備,設備,燒結爐
BS-06-FC40,氧化鋯燒結爐(FC40),貝施美,digital-manufacturing,sintering-furnace,equipment,approved_rule,legacy_category_rule,,unmatched,false,,設備,設備,燒結爐
BS-07,SHT 3D26色內染液,貝施美,color-characterization,internal-stain,material,approved_rule,legacy_category_rule,,unmatched,false,,藥液,染液色料,染液 - 內染
BS-08,氧化鋯氣泡球,貝施美,lab-equipment,furnace-accessory,accessory,approved_rule,legacy_category_rule,,unmatched,false,,配件,耗材,爐具配件
BS-09,測溫環,貝施美,lab-equipment,furnace-accessory,accessory,approved_rule,legacy_category_rule,,unmatched,false,,配件,耗材,爐具配件
BS-10,氧化鋯比色板,貝施美,color-characterization,shade-guide,durable_tool,approved_rule,legacy_category_rule,,unmatched,false,,工具,輔助工具,比色板
BS-11,燒付台,貝施美,lab-equipment,furnace-accessory,accessory,approved_rule,legacy_category_rule,,unmatched,false,,配件,耗材,爐具配件
BS-12,BSM-520D 五軸連動車機,貝施美,digital-manufacturing,milling-machine,equipment,approved_rule,legacy_category_rule,,unmatched,false,,設備,設備,車機 / 研磨機
BS-12-0.6,BM-520D 0.6車針,貝施美,lab-production,bur-drill,consumable,approved_rule,legacy_category_rule,BS-BUR,exact_unique,false,,耗材,耗材,車針 / 鑽針
BS-12-001,BSM-520D車機刀座,貝施美,digital-manufacturing,milling-machine,equipment,approved_rule,legacy_category_rule,,unmatched,false,,設備,設備,車機 / 研磨機
BS-12-1.0,BM-520D 1.0車針,貝施美,lab-production,bur-drill,consumable,approved_rule,legacy_category_rule,BS-BUR,exact_unique,false,,耗材,耗材,車針 / 鑽針
BS-12-2.0,BM-520D 2.0車針,貝施美,lab-production,bur-drill,consumable,approved_rule,legacy_category_rule,BS-BUR,exact_unique,false,,耗材,耗材,車針 / 鑽針
BS-12-F1.0,BM-520D 1.0平頭車針,貝施美,lab-production,bur-drill,consumable,approved_rule,legacy_category_rule,BS-BUR,exact_unique,false,,耗材,耗材,車針 / 鑽針
BS-13,冷卻機,貝施美,lab-equipment,other-equipment,equipment,needs_review,researched_unresolved,,unmatched,true,ambiguous_legacy_category,設備,設備,其他設備
BS-14,Artamic Master Stain Kit(大組),貝施美,color-characterization,external-stain,material,approved_rule,legacy_category_rule,,unmatched,false,,材料,材料,染液 - 外染
BS-14-1,Artamic Stain/Glaze (Purple-Gray).4g XXXXXXX,貝施美,color-characterization,external-stain,material,approved_rule,legacy_category_rule,,unmatched,false,,材料,染液色料,染液 - 外染
BS-14-10,Artamic Stain/Glaze (Glaze).4g,貝施美,color-characterization,external-stain,material,approved_rule,legacy_category_rule,,unmatched,false,,材料,染液色料,染液 - 外染
BS-14-10-1,Artamic Stain/Glaze 釉水(20ml),貝施美,color-characterization,external-stain,material,approved_rule,legacy_category_rule,,unmatched,false,,材料,染液色料,染液 - 外染
BS-14-10-2,Artamic 3D Stain/Glaze (Glaze).4g,貝施美,color-characterization,external-stain,material,approved_rule,legacy_category_rule,,unmatched,false,,材料,染液色料,染液 - 外染
BS-14-11,Stain Glaze A,貝施美,color-characterization,external-stain,material,approved_rule,legacy_category_rule,,unmatched,false,,藥液,染液色料,染液 - 外染
BS-14-12,Stain Glaze B,貝施美,color-characterization,external-stain,material,approved_rule,legacy_category_rule,,unmatched,false,,藥液,染液色料,染液 - 外染
BS-14-13,Stain Glaze C,貝施美,color-characterization,external-stain,material,approved_rule,legacy_category_rule,,unmatched,false,,藥液,染液色料,染液 - 外染
BS-14-14,Stain Glaze D3,貝施美,color-characterization,external-stain,material,approved_rule,legacy_category_rule,,unmatched,false,,藥液,染液色料,染液 - 外染
BS-14-14-D4,Stain Glaze D4,貝施美,color-characterization,external-stain,material,approved_rule,legacy_category_rule,,unmatched,false,,藥液,染液色料,染液 - 外染
BS-14-15,Artamic Stain/Glaze (Yellow).4g,貝施美,color-characterization,external-stain,material,approved_rule,legacy_category_rule,,unmatched,false,,材料,染液色料,染液 - 外染
BS-14-16,Artamic Stain/Glaze (Light Brown) .4g,貝施美,color-characterization,external-stain,material,approved_rule,legacy_category_rule,,unmatched,false,,材料,染液色料,染液 - 外染
BS-14-17,Artamic Stain/Glaze (Terracotta).4g,貝施美,color-characterization,external-stain,material,approved_rule,legacy_category_rule,,unmatched,false,,材料,染液色料,染液 - 外染
BS-14-18,Artamic Stain/Glaze (Purplish Red ) .4g,貝施美,color-characterization,external-stain,material,approved_rule,legacy_category_rule,,unmatched,false,,材料,染液色料,染液 - 外染
BS-14-2,Artamic Stain/Glaze (Orange).4g,貝施美,color-characterization,external-stain,material,approved_rule,legacy_category_rule,,unmatched,false,,材料,染液色料,染液 - 外染
BS-14-21,Artamic Stain/Glaze (Light Pink).4g,貝施美,color-characterization,external-stain,material,approved_rule,legacy_category_rule,,unmatched,false,,材料,染液色料,染液 - 外染
BS-14-21-3D,Artamic Stain/Glaze (3D Light Pink).4g,貝施美,color-characterization,external-stain,material,approved_rule,legacy_category_rule,,unmatched,false,,材料,染液色料,染液 - 外染
BS-14-22,Artamic Stain/Glaze (Orange Pink).4g,貝施美,color-characterization,external-stain,material,approved_rule,legacy_category_rule,,unmatched,false,,材料,染液色料,染液 - 外染
BS-14-22-3D,Artamic Stain/Glaze (3D Orange Pink).4g,貝施美,color-characterization,external-stain,material,approved_rule,legacy_category_rule,,unmatched,false,,材料,染液色料,染液 - 外染
BS-14-23,Artamic Stain/Glaze (Reddish Brown).4g,貝施美,color-characterization,external-stain,material,approved_rule,legacy_category_rule,,unmatched,false,,材料,染液色料,染液 - 外染
BS-14-25,Artamic Stain/Glaze (Blending Liquid) 20ml,貝施美,color-characterization,external-stain,material,approved_rule,legacy_category_rule,,unmatched,false,,材料,染液色料,染液 - 外染
BS-14-26,Artamic Stain/Glaze (Translucent Glaze),貝施美,color-characterization,external-stain,material,approved_rule,legacy_category_rule,,unmatched,false,,材料,染液色料,染液 - 外染
BS-14-3,Artamic Stain/Glaze (White).4g,貝施美,color-characterization,external-stain,material,approved_rule,legacy_category_rule,,unmatched,false,,材料,染液色料,染液 - 外染
BS-14-4,Artamic Stain/Glaze (Black).4g,貝施美,color-characterization,external-stain,material,approved_rule,legacy_category_rule,,unmatched,false,,材料,染液色料,染液 - 外染
BS-14-5,Artamic Stain/Glaze (Red).4g,貝施美,color-characterization,external-stain,material,approved_rule,legacy_category_rule,,unmatched,false,,材料,染液色料,染液 - 外染
BS-14-6,Artamic Stain/Glaze (Brown).4g,貝施美,color-characterization,external-stain,material,approved_rule,legacy_category_rule,,unmatched,false,,材料,染液色料,染液 - 外染
BS-14-7,Artamic Stain/Glaze (Pink).4g,貝施美,color-characterization,external-stain,material,approved_rule,legacy_category_rule,,unmatched,false,,材料,染液色料,染液 - 外染
BS-14-8,Artamic Stain/Glaze (Blue).4g,貝施美,color-characterization,external-stain,material,approved_rule,legacy_category_rule,,unmatched,false,,材料,染液色料,染液 - 外染
BS-14-9,Artamic Stain/Glaze (Purple Grey ) .4g,貝施美,color-characterization,external-stain,material,approved_rule,legacy_category_rule,,unmatched,false,,材料,染液色料,染液 - 外染
BS-15,Artamic Starter Kit,貝施美,fixed-restorative,ceramic-material,material,approved_rule,legacy_category_rule,,unmatched,false,,材料,材料,瓷粉 / 陶瓷
BS-16,BSM 燒結膏(10ml),貝施美,lab-production,process-liquid,consumable,approved_rule,legacy_category_rule,,unmatched,false,,藥液,輔助工具,專用液 / 藥劑
BS-17,氧化鋯助粘劑套裝,貝施美,lab-production,process-liquid,consumable,approved_rule,legacy_category_rule,,unmatched,false,,藥液,輔助工具,專用液 / 藥劑
BS-18,Artamic+Gum Shade Guide 比色板,貝施美,color-characterization,shade-guide,durable_tool,approved_rule,legacy_category_rule,,unmatched,false,,材料,輔助工具,比色板
BS-19,Zirconia palette set 調色盤,貝施美,color-characterization,shade-guide,durable_tool,approved_rule,legacy_category_rule,,unmatched,false,,工具,輔助工具,比色板
BS-19-2,瓷粉試用組,貝施美,fixed-restorative,ceramic-material,material,approved_rule,legacy_category_rule,,unmatched,false,,材料,材料,瓷粉 / 陶瓷
BS-20,內染液 03 Vanilla 20ml,貝施美,color-characterization,internal-stain,material,approved_rule,legacy_category_rule,,unmatched,false,,藥液,染液色料,染液 - 內染
BS-20-01,內染液 01 Orange 20ml,貝施美,color-characterization,internal-stain,material,approved_rule,legacy_category_rule,,unmatched,false,,藥液,染液色料,染液 - 內染
BS-20-02,內染液 02 Brown 20ml,貝施美,color-characterization,internal-stain,material,approved_rule,legacy_category_rule,,unmatched,false,,藥液,染液色料,染液 - 內染
BS-20-G1,內染液 G1 Pink 20ml,貝施美,color-characterization,internal-stain,material,approved_rule,legacy_category_rule,,unmatched,false,,藥液,染液色料,染液 - 內染
BS-20-G2,內染液 G2 RED 20ml,貝施美,color-characterization,internal-stain,material,approved_rule,legacy_category_rule,,unmatched,false,,藥液,染液色料,染液 - 內染
BS-20-G3,內染液 G3 Violet 20ml,貝施美,color-characterization,internal-stain,material,approved_rule,legacy_category_rule,,unmatched,false,,藥液,染液色料,染液 - 內染
BS-20-P1,內染液 P1 Sunrise  20ml,貝施美,color-characterization,internal-stain,material,approved_rule,legacy_category_rule,,unmatched,false,,藥液,染液色料,染液 - 內染
BS-20-P2,內染液 P2 Sunset 20ml,貝施美,color-characterization,internal-stain,material,approved_rule,legacy_category_rule,,unmatched,false,,藥液,染液色料,染液 - 內染
BS-20-P3,內染液 P3 Olive  20ml,貝施美,color-characterization,internal-stain,material,approved_rule,legacy_category_rule,,unmatched,false,,藥液,染液色料,染液 - 內染
BS-20-TO,內染液 TO1 (切端透明)20ml,貝施美,color-characterization,internal-stain,material,approved_rule,legacy_category_rule,,unmatched,false,,藥液,染液色料,染液 - 內染
BS-20-TO2,內染液 TO2 切端藍色 (20ml),貝施美,color-characterization,internal-stain,material,approved_rule,legacy_category_rule,,unmatched,false,,藥液,染液色料,染液 - 內染
BS-20-TO3,內染液 TO3 切端灰色(20ml),貝施美,color-characterization,internal-stain,material,approved_rule,legacy_category_rule,,unmatched,false,,藥液,染液色料,染液 - 內染
BS-20-TO4,內染液 TO4 切端色(20ml),貝施美,color-characterization,internal-stain,material,approved_rule,legacy_category_rule,,unmatched,false,,藥液,染液色料,染液 - 內染
BS-20-TOB,內染液 TOB 20ml,貝施美,color-characterization,internal-stain,material,approved_rule,legacy_category_rule,,unmatched,false,,藥液,染液色料,染液 - 內染
BS-20-TOG,內染液 TOG 20ml,貝施美,color-characterization,internal-stain,material,approved_rule,legacy_category_rule,,unmatched,false,,藥液,染液色料,染液 - 內染
BS-20-V1,V1:Opaque 遮色液(white),貝施美,fixed-restorative,ceramic-material,material,approved_rule,legacy_category_rule,,unmatched,false,,材料,材料,瓷粉 / 陶瓷
BS-20-V1-1,V1:Opaque 遮色液(yellow),貝施美,fixed-restorative,ceramic-material,material,approved_rule,legacy_category_rule,,unmatched,false,,材料,材料,瓷粉 / 陶瓷
BS-20-V2,內染液 V2 Gery 20ml,貝施美,color-characterization,internal-stain,material,approved_rule,legacy_category_rule,,unmatched,false,,藥液,染液色料,染液 - 內染
BS-20-V3,內染液 V3 Blue 20ml,貝施美,color-characterization,internal-stain,material,approved_rule,legacy_category_rule,,unmatched,false,,藥液,染液色料,染液 - 內染
BS-21,Artamic  Gingive Stain Glaze Kit,貝施美,color-characterization,external-stain,material,approved_rule,legacy_category_rule,,unmatched,false,,材料,染液色料,染液 - 外染
BS-400DW,BM-400DW 五軸乾濕兩用車機,貝施美,digital-manufacturing,milling-machine,equipment,approved_rule,legacy_category_rule,,unmatched,false,,設備,設備,車機 / 研磨機
BS-400DW-01,400DW玻璃陶瓷車針1L,貝施美,lab-production,bur-drill,consumable,approved_rule,legacy_category_rule,BS-BUR,exact_unique,false,,耗材,耗材,車針 / 鑽針
BS-400DW-02,400DW玻璃陶瓷車針2.5,貝施美,lab-production,bur-drill,consumable,approved_rule,legacy_category_rule,BS-BUR,exact_unique,false,,耗材,耗材,車針 / 鑽針
BS-400DW-03,400DW玻璃陶瓷車針0.6,貝施美,lab-production,bur-drill,consumable,approved_rule,legacy_category_rule,BS-BUR,exact_unique,false,,耗材,耗材,車針 / 鑽針
BS-400DW-11,400DW 金屬車針1L,貝施美,lab-production,bur-drill,consumable,approved_rule,legacy_category_rule,BS-BUR,exact_unique,false,,材料,耗材,車針 / 鑽針
BS-400DW-12,400DW 金屬車針2L,貝施美,lab-production,bur-drill,consumable,approved_rule,legacy_category_rule,BS-BUR,exact_unique,false,,材料,耗材,車針 / 鑽針
BS-400DW-13,400DW 金屬車針3L,貝施美,lab-production,bur-drill,consumable,approved_rule,legacy_category_rule,BS-BUR,exact_unique,false,,材料,耗材,車針 / 鑽針
BS-420W,BM-420W 四軸濕式車機,貝施美,digital-manufacturing,milling-machine,equipment,approved_rule,legacy_category_rule,,unmatched,false,,設備,設備,車機 / 研磨機
BS-50-01,內染液 SHT  Standard(16色/組),貝施美,color-characterization,internal-stain,material,approved_rule,legacy_category_rule,,unmatched,false,,藥液,染液色料,染液 - 內染
BS-50-02,內染液 SHT 3D Master(26色/組),貝施美,color-characterization,internal-stain,material,approved_rule,legacy_category_rule,,unmatched,false,,材料,染液色料,染液 - 內染
BS-50-1M1,內染液 SHT-1M1 50ml,貝施美,color-characterization,internal-stain,material,approved_rule,legacy_category_rule,,unmatched,false,,藥液,染液色料,染液 - 內染
BS-50-1M2,內染液 SHT-1M2 50ml,貝施美,color-characterization,internal-stain,material,approved_rule,legacy_category_rule,,unmatched,false,,藥液,染液色料,染液 - 內染
BS-50-2L1.5,內染液 SHT-2L1.5 50ml,貝施美,color-characterization,internal-stain,material,approved_rule,legacy_category_rule,,unmatched,false,,藥液,染液色料,染液 - 內染
BS-50-2L2.5,內染液 SHT-2L2.5 50ml,貝施美,color-characterization,internal-stain,material,approved_rule,legacy_category_rule,,unmatched,false,,藥液,染液色料,染液 - 內染
BS-50-2M1,內染液 SHT-2M1 50ml,貝施美,color-characterization,internal-stain,material,approved_rule,legacy_category_rule,,unmatched,false,,藥液,染液色料,染液 - 內染
BS-50-2M2,內染液 SHT-2M2 50ml,貝施美,color-characterization,internal-stain,material,approved_rule,legacy_category_rule,,unmatched,false,,藥液,染液色料,染液 - 內染
BS-50-2M3,內染液 SHT-2M3 50ml,貝施美,color-characterization,internal-stain,material,approved_rule,legacy_category_rule,,unmatched,false,,藥液,染液色料,染液 - 內染
BS-50-2R1.5,內染液 SHT-2R1.5 50ml,貝施美,color-characterization,internal-stain,material,approved_rule,legacy_category_rule,,unmatched,false,,藥液,染液色料,染液 - 內染
BS-50-2R2.5,內染液 SHT-2R2.5 50ml,貝施美,color-characterization,internal-stain,material,approved_rule,legacy_category_rule,,unmatched,false,,藥液,染液色料,染液 - 內染
BS-50-3L1.5,內染液 SHT-3L1.5 50ml,貝施美,color-characterization,internal-stain,material,approved_rule,legacy_category_rule,,unmatched,false,,藥液,染液色料,染液 - 內染
BS-50-3L2.5,內染液 SHT-3L2.5 50ml,貝施美,color-characterization,internal-stain,material,approved_rule,legacy_category_rule,,unmatched,false,,藥液,染液色料,染液 - 內染
BS-50-3M1,內染液 SHT-3M1 50ml,貝施美,color-characterization,internal-stain,material,approved_rule,legacy_category_rule,,unmatched,false,,藥液,染液色料,染液 - 內染
BS-50-3M2,內染液 SHT-3M2 50ml,貝施美,color-characterization,internal-stain,material,approved_rule,legacy_category_rule,,unmatched,false,,藥液,染液色料,染液 - 內染
BS-50-3M3,內染液 SHT-3M3 50ml,貝施美,color-characterization,internal-stain,material,approved_rule,legacy_category_rule,,unmatched,false,,藥液,染液色料,染液 - 內染
BS-50-3R1.5,內染液 SHT-3R1.5 50ml,貝施美,color-characterization,internal-stain,material,approved_rule,legacy_category_rule,,unmatched,false,,藥液,染液色料,染液 - 內染
BS-50-3R2.5,內染液 SHT-3R2.5 50ml,貝施美,color-characterization,internal-stain,material,approved_rule,legacy_category_rule,,unmatched,false,,藥液,染液色料,染液 - 內染
BS-50-4L1.5,內染液 SHT-4L1.5 50ml,貝施美,color-characterization,internal-stain,material,approved_rule,legacy_category_rule,,unmatched,false,,藥液,染液色料,染液 - 內染
BS-50-4L2.5,內染液 SHT-4L2.5 50ml,貝施美,color-characterization,internal-stain,material,approved_rule,legacy_category_rule,,unmatched,false,,藥液,染液色料,染液 - 內染
BS-50-4M1,內染液 SHT-4M1 50ml,貝施美,color-characterization,internal-stain,material,approved_rule,legacy_category_rule,,unmatched,false,,藥液,染液色料,染液 - 內染
BS-50-4M2,內染液 SHT-4M2 50ml,貝施美,color-characterization,internal-stain,material,approved_rule,legacy_category_rule,,unmatched,false,,藥液,染液色料,染液 - 內染
BS-50-4M3,內染液 SHT-4M3 50ml,貝施美,color-characterization,internal-stain,material,approved_rule,legacy_category_rule,,unmatched,false,,藥液,染液色料,染液 - 內染
BS-50-4R1.5,內染液 SHT-4R1.5 50ml,貝施美,color-characterization,internal-stain,material,approved_rule,legacy_category_rule,,unmatched,false,,藥液,染液色料,染液 - 內染
BS-50-4R2.5,內染液 SHT-4R2.5 50ml,貝施美,color-characterization,internal-stain,material,approved_rule,legacy_category_rule,,unmatched,false,,藥液,染液色料,染液 - 內染
BS-50-5M1,內染液 SHT-5M1 50ml,貝施美,color-characterization,internal-stain,material,approved_rule,legacy_category_rule,,unmatched,false,,藥液,染液色料,染液 - 內染
BS-50-5M2,內染液 SHT-5M2 50ml,貝施美,color-characterization,internal-stain,material,approved_rule,legacy_category_rule,,unmatched,false,,藥液,染液色料,染液 - 內染
BS-50-5M3,內染液 SHT-5M3 50ml,貝施美,color-characterization,internal-stain,material,approved_rule,legacy_category_rule,,unmatched,false,,藥液,染液色料,染液 - 內染
BS-50-SHT-A1,內染液 SHT-A1 50ml,貝施美,color-characterization,internal-stain,material,approved_rule,legacy_category_rule,,unmatched,false,,藥液,染液色料,染液 - 內染
BS-50-SHT-A2,內染液 SHT-A2 50ml,貝施美,color-characterization,internal-stain,material,approved_rule,legacy_category_rule,,unmatched,false,,藥液,染液色料,染液 - 內染
BS-50-SHT-A3,內染液 SHT-A3 50ml,貝施美,color-characterization,internal-stain,material,approved_rule,legacy_category_rule,,unmatched,false,,藥液,染液色料,染液 - 內染
BS-50-SHT-A3.5,內染液 SHT-A3.5 50ml,貝施美,color-characterization,internal-stain,material,approved_rule,legacy_category_rule,,unmatched,false,,藥液,染液色料,染液 - 內染
BS-50-SHT-A4,內染液 SHT-A4 50ml,貝施美,color-characterization,internal-stain,material,approved_rule,legacy_category_rule,,unmatched,false,,藥液,染液色料,染液 - 內染
BS-50-SHT-B1,內染液 SHT-B1 50ml,貝施美,color-characterization,internal-stain,material,approved_rule,legacy_category_rule,,unmatched,false,,藥液,染液色料,染液 - 內染
BS-50-SHT-B2,內染液 SHT-B2 50ml,貝施美,color-characterization,internal-stain,material,approved_rule,legacy_category_rule,,unmatched,false,,藥液,染液色料,染液 - 內染
BS-50-SHT-B3,內染液 SHT-B3 50ml,貝施美,color-characterization,internal-stain,material,approved_rule,legacy_category_rule,,unmatched,false,,藥液,染液色料,染液 - 內染
BS-50-SHT-B4,內染液 SHT-B4 50ml,貝施美,color-characterization,internal-stain,material,approved_rule,legacy_category_rule,,unmatched,false,,藥液,染液色料,染液 - 內染
BS-50-SHT-C1,內染液 SHT-C1 50ml,貝施美,color-characterization,internal-stain,material,approved_rule,legacy_category_rule,,unmatched,false,,藥液,染液色料,染液 - 內染
BS-50-SHT-C2,內染液 SHT-C2 50ml,貝施美,color-characterization,internal-stain,material,approved_rule,legacy_category_rule,,unmatched,false,,藥液,染液色料,染液 - 內染
BS-50-SHT-C3,內染液 SHT-C3 50ml,貝施美,color-characterization,internal-stain,material,approved_rule,legacy_category_rule,,unmatched,false,,藥液,染液色料,染液 - 內染
BS-50-SHT-C4,內染液 SHT-C4 50ml,貝施美,color-characterization,internal-stain,material,approved_rule,legacy_category_rule,,unmatched,false,,藥液,染液色料,染液 - 內染
BS-50-SHT-D2,內染液 SHT-D2 50ml,貝施美,color-characterization,internal-stain,material,approved_rule,legacy_category_rule,,unmatched,false,,藥液,染液色料,染液 - 內染
BS-50-SHT-D3,內染液 SHT-D3 50ml,貝施美,color-characterization,internal-stain,material,approved_rule,legacy_category_rule,,unmatched,false,,藥液,染液色料,染液 - 內染
BS-50-SHT-D4,內染液 SHT-D4 50ml,貝施美,color-characterization,internal-stain,material,approved_rule,legacy_category_rule,,unmatched,false,,藥液,染液色料,染液 - 內染
BS-50-ST-A1,內染液 ST-A1 50ml,貝施美,color-characterization,internal-stain,material,approved_rule,legacy_category_rule,,unmatched,false,,藥液,染液色料,染液 - 內染
BS-50-ST-A2,內染液 ST-A2 50ml,貝施美,color-characterization,internal-stain,material,approved_rule,legacy_category_rule,,unmatched,false,,藥液,染液色料,染液 - 內染
BS-50-ST-A3,內染液 ST-A3 50ml,貝施美,color-characterization,internal-stain,material,approved_rule,legacy_category_rule,,unmatched,false,,藥液,染液色料,染液 - 內染
BS-50-ST-A3.5,內染液 ST-A3.5 50ml,貝施美,color-characterization,internal-stain,material,approved_rule,legacy_category_rule,,unmatched,false,,藥液,染液色料,染液 - 內染
BS-50-ST-A4,內染液 ST-A4 50ml,貝施美,color-characterization,internal-stain,material,approved_rule,legacy_category_rule,,unmatched,false,,藥液,染液色料,染液 - 內染
BS-50-ST-B1,內染液 ST-B1 50ml,貝施美,color-characterization,internal-stain,material,approved_rule,legacy_category_rule,,unmatched,false,,藥液,染液色料,染液 - 內染
BS-50-ST-B2,內染液 ST-B2 50ml,貝施美,color-characterization,internal-stain,material,approved_rule,legacy_category_rule,,unmatched,false,,藥液,染液色料,染液 - 內染
BS-50-ST-B3,內染液 ST-B3 50ml,貝施美,color-characterization,internal-stain,material,approved_rule,legacy_category_rule,,unmatched,false,,藥液,染液色料,染液 - 內染
BS-50-ST-B4,內染液 ST-B4 50ml,貝施美,color-characterization,internal-stain,material,approved_rule,legacy_category_rule,,unmatched,false,,藥液,染液色料,染液 - 內染
BS-50-ST-C1,內染液 ST-C1 50ml,貝施美,color-characterization,internal-stain,material,approved_rule,legacy_category_rule,,unmatched,false,,藥液,染液色料,染液 - 內染
BS-50-ST-C2,內染液 ST-C2 50ml,貝施美,color-characterization,internal-stain,material,approved_rule,legacy_category_rule,,unmatched,false,,藥液,染液色料,染液 - 內染
BS-50-ST-C3,內染液 ST-C3 50ml,貝施美,color-characterization,internal-stain,material,approved_rule,legacy_category_rule,,unmatched,false,,藥液,染液色料,染液 - 內染
BS-50-ST-C4,內染液 ST-C4 50ml,貝施美,color-characterization,internal-stain,material,approved_rule,legacy_category_rule,,unmatched,false,,藥液,染液色料,染液 - 內染
BS-50-ST-D2,內染液 ST-D2 50ml,貝施美,color-characterization,internal-stain,material,approved_rule,legacy_category_rule,,unmatched,false,,藥液,染液色料,染液 - 內染
BS-50-ST-D3,內染液 ST-D3 50ml,貝施美,color-characterization,internal-stain,material,approved_rule,legacy_category_rule,,unmatched,false,,藥液,染液色料,染液 - 內染
BS-50-ST-D4,內染液 ST-D4 50ml,貝施美,color-characterization,internal-stain,material,approved_rule,legacy_category_rule,,unmatched,false,,藥液,染液色料,染液 - 內染
BS-50-TT-A1,內染液 TT-A1 50ml,貝施美,color-characterization,internal-stain,material,approved_rule,legacy_category_rule,,unmatched,false,,藥液,染液色料,染液 - 內染
BS-50-TT-A2,內染液 TT-A2 50ml,貝施美,color-characterization,internal-stain,material,approved_rule,legacy_category_rule,,unmatched,false,,藥液,染液色料,染液 - 內染
BS-50-TT-A3,內染液 TT-A3 50ml,貝施美,color-characterization,internal-stain,material,approved_rule,legacy_category_rule,,unmatched,false,,藥液,染液色料,染液 - 內染
BS-500D-0.6,500D Zirconia Bur 0.6,貝施美,lab-production,bur-drill,consumable,approved_rule,legacy_category_rule,BS-BUR,exact_unique,false,,耗材,耗材,車針 / 鑽針
BS-500D-1.0,500D Zirconia Bur 1.0,貝施美,lab-production,bur-drill,consumable,approved_rule,legacy_category_rule,BS-BUR,exact_unique,false,,耗材,耗材,車針 / 鑽針
BS-500D-2.0,500D Zirconia Bur 2.0,貝施美,lab-production,bur-drill,consumable,approved_rule,legacy_category_rule,BS-BUR,exact_unique,false,,耗材,耗材,車針 / 鑽針
BS-500D-R-1,500D Resin Bur 1.0平頭,貝施美,lab-production,bur-drill,consumable,approved_rule,legacy_category_rule,BS-BUR,exact_unique,false,,耗材,耗材,車針 / 鑽針
BS-500D-R1.0,500D Resin Bur 1.0,貝施美,lab-production,bur-drill,consumable,approved_rule,legacy_category_rule,BS-BUR,exact_unique,false,,耗材,耗材,車針 / 鑽針
BS-500D-R2.0,500D Resin Bur 2.0,貝施美,lab-production,bur-drill,consumable,approved_rule,legacy_category_rule,BS-BUR,exact_unique,false,,耗材,耗材,車針 / 鑽針
BS-500DC,BSM-500DC 自動換片5軸研磨機,貝施美,digital-manufacturing,milling-machine,equipment,approved_rule,researched_sku_rule,,unmatched,false,,配件,耗材,設備配件
BS-520D-0.6,BSM milling burs 4mm*刃0.6mm,貝施美,lab-production,bur-drill,consumable,approved_rule,legacy_category_rule,BS-BUR,exact_unique,false,,耗材,耗材,車針 / 鑽針
BS-520D-1.0,BSM milling burs 4mm*刃1.0mm,貝施美,lab-production,bur-drill,consumable,approved_rule,legacy_category_rule,BS-BUR,exact_unique,false,,耗材,耗材,車針 / 鑽針
BS-520D-1.0-1,BSM milling burs 4mm*平1.0mm,貝施美,lab-production,bur-drill,consumable,approved_rule,legacy_category_rule,BS-BUR,exact_unique,false,,耗材,耗材,車針 / 鑽針
BS-520D-2.0,BSM milling burs 4mm*刃2.0mm,貝施美,lab-production,bur-drill,consumable,approved_rule,legacy_category_rule,BS-BUR,exact_unique,false,,耗材,耗材,車針 / 鑽針
BS-BM-500D,Milling unit BM-500D 車機,貝施美,digital-manufacturing,milling-machine,equipment,approved_rule,legacy_category_rule,,unmatched,false,,設備,設備,車機 / 研磨機
BS-BM-500D-01,500D刀套,貝施美,lab-equipment,equipment-accessory,accessory,needs_review,researched_unresolved,,unmatched,true,ambiguous_legacy_category,配件,耗材,設備配件
BS-GL-HT-A1,Glass Ceramic HT A1,貝施美,digital-manufacturing,glass-ceramic,material,approved_rule,legacy_category_rule,,unmatched,false,,材料,材料,玻璃陶瓷
BS-GL-HT-A2,Glass Ceramic HT A2,貝施美,digital-manufacturing,glass-ceramic,material,approved_rule,legacy_category_rule,,unmatched,false,,材料,材料,玻璃陶瓷
BS-GL-HT-A2-1,Glass Ceramic HT A2,貝施美,digital-manufacturing,glass-ceramic,material,approved_rule,legacy_category_rule,,unmatched,false,,材料,材料,玻璃陶瓷
BS-GL-HT-OM1,Glass Ceramic HT OM1(5Pcs),貝施美,digital-manufacturing,glass-ceramic,material,approved_rule,legacy_category_rule,,unmatched,false,,材料,材料,玻璃陶瓷
BS-GL-HT-OM1-1,Glass Ceramic HT OM1(1Pcs),貝施美,digital-manufacturing,glass-ceramic,material,approved_rule,legacy_category_rule,,unmatched,false,,材料,材料,玻璃陶瓷
BS-GL-HT-OM2,Glass Ceramic HT OM2(5Pcs),貝施美,digital-manufacturing,glass-ceramic,material,approved_rule,legacy_category_rule,,unmatched,false,,材料,材料,玻璃陶瓷
BS-GL-LT-A1,Glass Ceramic LT A1(5Pcs),貝施美,digital-manufacturing,glass-ceramic,material,approved_rule,legacy_category_rule,,unmatched,false,,材料,材料,玻璃陶瓷
BS-GL-LT-A2,Glass Ceramic LT A2(5PCS),貝施美,digital-manufacturing,glass-ceramic,material,approved_rule,legacy_category_rule,,unmatched,false,,材料,材料,玻璃陶瓷
BS-GL-LT-A2-1,Glass Ceramic LT A2,貝施美,digital-manufacturing,glass-ceramic,material,approved_rule,legacy_category_rule,,unmatched,false,,材料,材料,玻璃陶瓷
BS-GL-LT-A3,Glass Ceramic LT A3(5PCS),貝施美,digital-manufacturing,glass-ceramic,material,approved_rule,legacy_category_rule,,unmatched,false,,材料,材料,玻璃陶瓷
BS-GL-LT-OM1,Glass Ceramic LT OM1(5pcs),貝施美,digital-manufacturing,glass-ceramic,material,approved_rule,legacy_category_rule,,unmatched,false,,材料,材料,玻璃陶瓷
BS-GL-LT-OM1-1,Glass Ceramic LT OM1(1Pcs),貝施美,digital-manufacturing,glass-ceramic,material,approved_rule,legacy_category_rule,,unmatched,false,,材料,材料,玻璃陶瓷
BS-GL-LT-OM2,Glass Ceramic LT OM2(5pcs),貝施美,digital-manufacturing,glass-ceramic,material,approved_rule,legacy_category_rule,,unmatched,false,,材料,材料,玻璃陶瓷
BS-HT+95H14,HT+ 95H14,貝施美,digital-manufacturing,zirconia-blank,material,approved_rule,legacy_category_rule,,unmatched,false,,材料,材料,氧化鋯塊
BS-HT+95H16,HT+ 95H16,貝施美,digital-manufacturing,zirconia-blank,material,approved_rule,legacy_category_rule,,unmatched,false,,材料,材料,氧化鋯塊
BS-HT+95H20,HT+ 95H20,貝施美,digital-manufacturing,zirconia-blank,material,approved_rule,legacy_category_rule,,unmatched,false,,材料,材料,氧化鋯塊
BS-HT+98H12,HT+ 98H12,貝施美,digital-manufacturing,zirconia-blank,material,approved_rule,legacy_category_rule,,unmatched,false,,材料,材料,氧化鋯塊
BS-HT+98H14,HT+ 98H14,貝施美,digital-manufacturing,zirconia-blank,material,approved_rule,legacy_category_rule,,unmatched,false,,材料,材料,氧化鋯塊
BS-HT+98H16,HT+ 98H16,貝施美,digital-manufacturing,zirconia-blank,material,approved_rule,legacy_category_rule,,unmatched,false,,材料,材料,氧化鋯塊
BS-HT+98H18,HT+ 98H18,貝施美,digital-manufacturing,zirconia-blank,material,approved_rule,legacy_category_rule,,unmatched,false,,材料,材料,氧化鋯塊
BS-HT+98H20,HT+ 98H20,貝施美,digital-manufacturing,zirconia-blank,material,approved_rule,legacy_category_rule,,unmatched,false,,材料,材料,氧化鋯塊
BS-PF10,BSM-PF10 電腦瓷爐,貝施美,lab-equipment,ceramic-furnace,equipment,approved_rule,legacy_category_rule,,unmatched,false,,設備,設備,瓷爐
BS-SHT-95H12,SHT 95H12,貝施美,digital-manufacturing,zirconia-blank,material,approved_rule,legacy_category_rule,,unmatched,false,,材料,材料,氧化鋯塊
BS-SHT-95H12-A1,SHT 95H12-A1,貝施美,digital-manufacturing,zirconia-blank,material,approved_rule,legacy_category_rule,,unmatched,false,,材料,材料,氧化鋯塊
BS-SHT-95H12-A2,SHT 95H12-A2,貝施美,digital-manufacturing,zirconia-blank,material,approved_rule,legacy_category_rule,,unmatched,false,,材料,材料,氧化鋯塊
BS-SHT-95H12-A3,SHT 95H12-A3,貝施美,digital-manufacturing,zirconia-blank,material,approved_rule,legacy_category_rule,,unmatched,false,,材料,材料,氧化鋯塊
BS-SHT-95H12-A3.5,SHT 95H12-A3.5,貝施美,digital-manufacturing,zirconia-blank,material,approved_rule,legacy_category_rule,,unmatched,false,,材料,材料,氧化鋯塊
BS-SHT-95H14,SHT 95H14,貝施美,digital-manufacturing,zirconia-blank,material,approved_rule,legacy_category_rule,,unmatched,false,,材料,材料,氧化鋯塊
BS-SHT-95H14-A1,SHT 95H14-A1,貝施美,digital-manufacturing,zirconia-blank,material,approved_rule,legacy_category_rule,,unmatched,false,,材料,材料,氧化鋯塊
BS-SHT-95H14-A2,SHT 95H14-A2,貝施美,digital-manufacturing,zirconia-blank,material,approved_rule,legacy_category_rule,,unmatched,false,,材料,材料,氧化鋯塊
BS-SHT-95H14-A3,SHT 95H14-A3,貝施美,digital-manufacturing,zirconia-blank,material,approved_rule,legacy_category_rule,,unmatched,false,,材料,材料,氧化鋯塊
BS-SHT-95H14-A3.5,SHT 95H14-A3.5,貝施美,digital-manufacturing,zirconia-blank,material,approved_rule,legacy_category_rule,,unmatched,false,,材料,材料,氧化鋯塊
BS-SHT-95H14-A4,SHT 95H14-A4,貝施美,digital-manufacturing,zirconia-blank,material,approved_rule,legacy_category_rule,,unmatched,false,,材料,材料,氧化鋯塊
BS-SHT-95H16,SHT 95H16,貝施美,digital-manufacturing,zirconia-blank,material,approved_rule,legacy_category_rule,,unmatched,false,,材料,材料,氧化鋯塊
BS-SHT-95H16-A1,SHT 95H16-A1,貝施美,digital-manufacturing,zirconia-blank,material,approved_rule,legacy_category_rule,,unmatched,false,,材料,材料,氧化鋯塊
BS-SHT-95H16-A2,SHT 95H16-A2,貝施美,digital-manufacturing,zirconia-blank,material,approved_rule,legacy_category_rule,,unmatched,false,,材料,材料,氧化鋯塊
BS-SHT-95H16-A3,SHT 95H16-A3,貝施美,digital-manufacturing,zirconia-blank,material,approved_rule,legacy_category_rule,,unmatched,false,,材料,材料,氧化鋯塊
BS-SHT-95H16-A3.5,SHT 95H16-A3.5,貝施美,digital-manufacturing,zirconia-blank,material,approved_rule,legacy_category_rule,,unmatched,false,,材料,材料,氧化鋯塊
BS-SHT-95H16-A4,SHT 95H16-A4,貝施美,digital-manufacturing,zirconia-blank,material,approved_rule,legacy_category_rule,,unmatched,false,,材料,材料,氧化鋯塊
BS-SHT-95H18,SHT 95H18,貝施美,digital-manufacturing,zirconia-blank,material,approved_rule,legacy_category_rule,,unmatched,false,,材料,材料,氧化鋯塊
BS-SHT-95H18-A1,SHT 95H18-A1,貝施美,digital-manufacturing,zirconia-blank,material,approved_rule,legacy_category_rule,,unmatched,false,,材料,材料,氧化鋯塊
BS-SHT-95H18-A2,SHT 95H18-A2,貝施美,digital-manufacturing,zirconia-blank,material,approved_rule,legacy_category_rule,,unmatched,false,,材料,材料,氧化鋯塊
BS-SHT-95H18-A3,SHT 95H18-A3,貝施美,digital-manufacturing,zirconia-blank,material,approved_rule,legacy_category_rule,,unmatched,false,,材料,材料,氧化鋯塊
BS-SHT-95H18-A3.5,SHT 95H18-A3.5,貝施美,digital-manufacturing,zirconia-blank,material,approved_rule,legacy_category_rule,,unmatched,false,,材料,材料,氧化鋯塊
BS-SHT-95H20,SHT 95H20,貝施美,digital-manufacturing,zirconia-blank,material,approved_rule,legacy_category_rule,,unmatched,false,,材料,材料,氧化鋯塊
BS-SHT-95H20-A1,SHT 95H20-A1,貝施美,digital-manufacturing,zirconia-blank,material,approved_rule,legacy_category_rule,,unmatched,false,,材料,材料,氧化鋯塊
BS-SHT-95H20-A2,SHT 95H20-A2,貝施美,digital-manufacturing,zirconia-blank,material,approved_rule,legacy_category_rule,,unmatched,false,,材料,材料,氧化鋯塊
BS-SHT-95H20-A3,SHT 95H20-A3,貝施美,digital-manufacturing,zirconia-blank,material,approved_rule,legacy_category_rule,,unmatched,false,,材料,材料,氧化鋯塊
BS-SHT-95H20-A3.5,SHT 95H20-A3.5,貝施美,digital-manufacturing,zirconia-blank,material,approved_rule,legacy_category_rule,,unmatched,false,,材料,材料,氧化鋯塊
BS-SHT-95H22,SHT 95H22,貝施美,digital-manufacturing,zirconia-blank,material,approved_rule,legacy_category_rule,,unmatched,false,,材料,材料,氧化鋯塊
BS-SHT-95H22-A1,SHT 95H22-A1,貝施美,digital-manufacturing,zirconia-blank,material,approved_rule,legacy_category_rule,,unmatched,false,,材料,材料,氧化鋯塊
BS-SHT-95H22-A2,SHT 95H22-A2,貝施美,digital-manufacturing,zirconia-blank,material,approved_rule,legacy_category_rule,,unmatched,false,,材料,材料,氧化鋯塊
BS-SHT-95H22-A3,SHT 95H22-A3,貝施美,digital-manufacturing,zirconia-blank,material,approved_rule,legacy_category_rule,,unmatched,false,,材料,材料,氧化鋯塊
BS-SHT-95H22-A3.5,SHT 95H22-A3.5,貝施美,digital-manufacturing,zirconia-blank,material,approved_rule,legacy_category_rule,,unmatched,false,,材料,材料,氧化鋯塊
BS-SHT-95H25,SHT 95H25,貝施美,digital-manufacturing,zirconia-blank,material,approved_rule,legacy_category_rule,,unmatched,false,,材料,材料,氧化鋯塊
BS-SHT-95H25-A2,SHT 95H25-A2,貝施美,digital-manufacturing,zirconia-blank,material,approved_rule,legacy_category_rule,,unmatched,false,,材料,材料,氧化鋯塊
BS-SHT-95H25-A3,SHT 95H25-A3,貝施美,digital-manufacturing,zirconia-blank,material,approved_rule,legacy_category_rule,,unmatched,false,,材料,材料,氧化鋯塊
BS-SHT-98H10,SHT 98H10,貝施美,digital-manufacturing,zirconia-blank,material,approved_rule,legacy_category_rule,,unmatched,false,,材料,材料,氧化鋯塊
BS-SHT-98H10-A1,SHT 98H10-A1,貝施美,digital-manufacturing,zirconia-blank,material,approved_rule,legacy_category_rule,,unmatched,false,,材料,材料,氧化鋯塊
BS-SHT-98H10-A2,SHT 98H10-A2,貝施美,digital-manufacturing,zirconia-blank,material,approved_rule,legacy_category_rule,,unmatched,false,,材料,材料,氧化鋯塊
BS-SHT-98H10-A3,SHT 98H10-A3,貝施美,digital-manufacturing,zirconia-blank,material,approved_rule,legacy_category_rule,,unmatched,false,,材料,材料,氧化鋯塊
BS-SHT-98H10-A3.5,SHT 98H10-A3.5,貝施美,digital-manufacturing,zirconia-blank,material,approved_rule,legacy_category_rule,,unmatched,false,,材料,材料,氧化鋯塊
BS-SHT-98H10-A4,SHT 98H10-A4,貝施美,digital-manufacturing,zirconia-blank,material,approved_rule,legacy_category_rule,,unmatched,false,,材料,材料,氧化鋯塊
BS-SHT-98H12,SHT 98H12,貝施美,digital-manufacturing,zirconia-blank,material,approved_rule,legacy_category_rule,,unmatched,false,,材料,材料,氧化鋯塊
BS-SHT-98H12-A1,SHT 98H12-A1,貝施美,digital-manufacturing,zirconia-blank,material,approved_rule,legacy_category_rule,,unmatched,false,,材料,材料,氧化鋯塊
BS-SHT-98H12-A2,SHT 98H12-A2,貝施美,digital-manufacturing,zirconia-blank,material,approved_rule,legacy_category_rule,,unmatched,false,,材料,材料,氧化鋯塊
BS-SHT-98H12-A3,SHT 98H12-A3,貝施美,digital-manufacturing,zirconia-blank,material,approved_rule,legacy_category_rule,,unmatched,false,,材料,材料,氧化鋯塊
BS-SHT-98H12-A3.5,SHT 98H12-A3.5,貝施美,digital-manufacturing,zirconia-blank,material,approved_rule,legacy_category_rule,,unmatched,false,,材料,材料,氧化鋯塊
BS-SHT-98H12-A4,SHT 98H12-A4,貝施美,digital-manufacturing,zirconia-blank,material,approved_rule,legacy_category_rule,,unmatched,false,,材料,材料,氧化鋯塊
BS-SHT-98H12-B2,SHT 98H12-B2,貝施美,digital-manufacturing,zirconia-blank,material,approved_rule,legacy_category_rule,,unmatched,false,,材料,材料,氧化鋯塊
BS-SHT-98H12-B3,SHT 98H12-B3,貝施美,digital-manufacturing,zirconia-blank,material,approved_rule,legacy_category_rule,,unmatched,false,,材料,材料,氧化鋯塊
BS-SHT-98H12-D2,SHT 98H12-D2,貝施美,digital-manufacturing,zirconia-blank,material,approved_rule,legacy_category_rule,,unmatched,false,,材料,材料,氧化鋯塊
BS-SHT-98H12-D3,SHT 98H12-D3,貝施美,digital-manufacturing,zirconia-blank,material,approved_rule,legacy_category_rule,,unmatched,false,,材料,材料,氧化鋯塊
BS-SHT-98H14,SHT 98H14,貝施美,digital-manufacturing,zirconia-blank,material,approved_rule,legacy_category_rule,,unmatched,false,,材料,材料,氧化鋯塊
BS-SHT-98H14-A1,SHT 98H14-A1,貝施美,digital-manufacturing,zirconia-blank,material,approved_rule,legacy_category_rule,,unmatched,false,,材料,材料,氧化鋯塊
BS-SHT-98H14-A2,SHT 98H14-A2,貝施美,digital-manufacturing,zirconia-blank,material,approved_rule,legacy_category_rule,,unmatched,false,,材料,材料,氧化鋯塊
BS-SHT-98H14-A3,SHT 98H14-A3,貝施美,digital-manufacturing,zirconia-blank,material,approved_rule,legacy_category_rule,,unmatched,false,,材料,材料,氧化鋯塊
BS-SHT-98H14-A3.5,SHT 98H14-A3.5,貝施美,digital-manufacturing,zirconia-blank,material,approved_rule,legacy_category_rule,,unmatched,false,,材料,材料,氧化鋯塊
BS-SHT-98H14-A4,SHT 98H14-A4,貝施美,digital-manufacturing,zirconia-blank,material,approved_rule,legacy_category_rule,,unmatched,false,,材料,材料,氧化鋯塊
BS-SHT-98H14-B1,SHT 98H14-B1,貝施美,digital-manufacturing,zirconia-blank,material,approved_rule,legacy_category_rule,,unmatched,false,,材料,材料,氧化鋯塊
BS-SHT-98H14-B2,SHT 98H14-B2,貝施美,digital-manufacturing,zirconia-blank,material,approved_rule,legacy_category_rule,,unmatched,false,,材料,材料,氧化鋯塊
BS-SHT-98H14-B3,SHT 98H14-B3,貝施美,digital-manufacturing,zirconia-blank,material,approved_rule,legacy_category_rule,,unmatched,false,,材料,材料,氧化鋯塊
BS-SHT-98H14-B4,SHT 98H14-B4,貝施美,digital-manufacturing,zirconia-blank,material,approved_rule,legacy_category_rule,,unmatched,false,,材料,材料,氧化鋯塊
BS-SHT-98H14-C1,SHT 98H14-C1,貝施美,digital-manufacturing,zirconia-blank,material,approved_rule,legacy_category_rule,,unmatched,false,,材料,材料,氧化鋯塊
BS-SHT-98H14-C2,SHT 98H14-C2,貝施美,digital-manufacturing,zirconia-blank,material,approved_rule,legacy_category_rule,,unmatched,false,,材料,材料,氧化鋯塊
BS-SHT-98H14-C3,SHT 98H14-C3,貝施美,digital-manufacturing,zirconia-blank,material,approved_rule,legacy_category_rule,,unmatched,false,,材料,材料,氧化鋯塊
BS-SHT-98H14-D2,SHT 98H14-D2,貝施美,digital-manufacturing,zirconia-blank,material,approved_rule,legacy_category_rule,,unmatched,false,,材料,材料,氧化鋯塊
BS-SHT-98H14-D3,SHT 98H14-D3,貝施美,digital-manufacturing,zirconia-blank,material,approved_rule,legacy_category_rule,,unmatched,false,,材料,材料,氧化鋯塊
BS-SHT-98H16,SHT 98H16,貝施美,digital-manufacturing,zirconia-blank,material,approved_rule,legacy_category_rule,,unmatched,false,,材料,材料,氧化鋯塊
BS-SHT-98H16-A1,SHT 98H16-A1,貝施美,digital-manufacturing,zirconia-blank,material,approved_rule,legacy_category_rule,,unmatched,false,,材料,材料,氧化鋯塊
BS-SHT-98H16-A2,SHT 98H16-A2,貝施美,digital-manufacturing,zirconia-blank,material,approved_rule,legacy_category_rule,,unmatched,false,,材料,材料,氧化鋯塊
BS-SHT-98H16-A3,SHT 98H16-A3,貝施美,digital-manufacturing,zirconia-blank,material,approved_rule,legacy_category_rule,,unmatched,false,,材料,材料,氧化鋯塊
BS-SHT-98H16-A3.5,SHT 98H16-A3.5,貝施美,digital-manufacturing,zirconia-blank,material,approved_rule,legacy_category_rule,,unmatched,false,,材料,材料,氧化鋯塊
BS-SHT-98H16-A4,SHT 98H16-A4,貝施美,digital-manufacturing,zirconia-blank,material,approved_rule,legacy_category_rule,,unmatched,false,,材料,材料,氧化鋯塊
BS-SHT-98H16-B1,SHT 98H16-B1,貝施美,digital-manufacturing,zirconia-blank,material,approved_rule,legacy_category_rule,,unmatched,false,,材料,材料,氧化鋯塊
BS-SHT-98H16-B2,SHT 98H16-B2,貝施美,digital-manufacturing,zirconia-blank,material,approved_rule,legacy_category_rule,,unmatched,false,,材料,材料,氧化鋯塊
BS-SHT-98H16-B3,SHT 98H16-B3,貝施美,digital-manufacturing,zirconia-blank,material,approved_rule,legacy_category_rule,,unmatched,false,,材料,材料,氧化鋯塊
BS-SHT-98H16-C1,SHT 98H16-C1,貝施美,digital-manufacturing,zirconia-blank,material,approved_rule,legacy_category_rule,,unmatched,false,,材料,材料,氧化鋯塊
BS-SHT-98H16-C2,SHT 98H16-C2,貝施美,digital-manufacturing,zirconia-blank,material,approved_rule,legacy_category_rule,,unmatched,false,,材料,材料,氧化鋯塊
BS-SHT-98H16-C3,SHT 98H16-C3,貝施美,digital-manufacturing,zirconia-blank,material,approved_rule,legacy_category_rule,,unmatched,false,,材料,材料,氧化鋯塊
BS-SHT-98H16-C4,SHT 98H16-C4,貝施美,digital-manufacturing,zirconia-blank,material,approved_rule,legacy_category_rule,,unmatched,false,,材料,材料,氧化鋯塊
BS-SHT-98H16-D2,SHT 98H16-D2,貝施美,digital-manufacturing,zirconia-blank,material,approved_rule,legacy_category_rule,,unmatched,false,,材料,材料,氧化鋯塊
BS-SHT-98H16-D3,SHT 98H16-D3,貝施美,digital-manufacturing,zirconia-blank,material,approved_rule,legacy_category_rule,,unmatched,false,,材料,材料,氧化鋯塊
BS-SHT-98H18,SHT 98H18,貝施美,digital-manufacturing,zirconia-blank,material,approved_rule,legacy_category_rule,,unmatched,false,,材料,材料,氧化鋯塊
BS-SHT-98H18-A1,SHT 98H18-A1,貝施美,digital-manufacturing,zirconia-blank,material,approved_rule,legacy_category_rule,,unmatched,false,,材料,材料,氧化鋯塊
BS-SHT-98H18-A2,SHT 98H18-A2,貝施美,digital-manufacturing,zirconia-blank,material,approved_rule,legacy_category_rule,,unmatched,false,,材料,材料,氧化鋯塊
BS-SHT-98H18-A3,SHT 98H18-A3,貝施美,digital-manufacturing,zirconia-blank,material,approved_rule,legacy_category_rule,,unmatched,false,,材料,材料,氧化鋯塊
BS-SHT-98H18-A3.5,SHT 98H18-A3.5,貝施美,digital-manufacturing,zirconia-blank,material,approved_rule,legacy_category_rule,,unmatched,false,,材料,材料,氧化鋯塊
BS-SHT-98H18-A4,SHT 98H18-A4,貝施美,digital-manufacturing,zirconia-blank,material,approved_rule,legacy_category_rule,,unmatched,false,,材料,材料,氧化鋯塊
BS-SHT-98H18-B2,SHT 98H18-B2,貝施美,digital-manufacturing,zirconia-blank,material,approved_rule,legacy_category_rule,,unmatched,false,,材料,材料,氧化鋯塊
BS-SHT-98H18-B3,SHT 98H18-B3,貝施美,digital-manufacturing,zirconia-blank,material,approved_rule,legacy_category_rule,,unmatched,false,,材料,材料,氧化鋯塊
BS-SHT-98H18-C2,SHT 98H18-C2,貝施美,digital-manufacturing,zirconia-blank,material,approved_rule,legacy_category_rule,,unmatched,false,,材料,材料,氧化鋯塊
BS-SHT-98H18-C3,SHT 98H18-C3,貝施美,digital-manufacturing,zirconia-blank,material,approved_rule,legacy_category_rule,,unmatched,false,,材料,材料,氧化鋯塊
BS-SHT-98H20,SHT 98H20,貝施美,digital-manufacturing,zirconia-blank,material,approved_rule,legacy_category_rule,,unmatched,false,,材料,材料,氧化鋯塊
BS-SHT-98H20-A1,SHT 98H20-A1,貝施美,digital-manufacturing,zirconia-blank,material,approved_rule,legacy_category_rule,,unmatched,false,,材料,材料,氧化鋯塊
BS-SHT-98H20-A2,SHT 98H20-A2,貝施美,digital-manufacturing,zirconia-blank,material,approved_rule,legacy_category_rule,,unmatched,false,,材料,材料,氧化鋯塊
BS-SHT-98H20-A3,SHT 98H20-A3,貝施美,digital-manufacturing,zirconia-blank,material,approved_rule,legacy_category_rule,,unmatched,false,,材料,材料,氧化鋯塊
BS-SHT-98H20-A3.5,SHT 98H20-A3.5,貝施美,digital-manufacturing,zirconia-blank,material,approved_rule,legacy_category_rule,,unmatched,false,,材料,材料,氧化鋯塊
BS-SHT-98H20-B2,SHT 98H20-B2,貝施美,digital-manufacturing,zirconia-blank,material,approved_rule,legacy_category_rule,,unmatched,false,,材料,材料,氧化鋯塊
BS-SHT-98H20-B3,SHT 98H20-B3,貝施美,digital-manufacturing,zirconia-blank,material,approved_rule,legacy_category_rule,,unmatched,false,,材料,材料,氧化鋯塊
BS-SHT-98H20-B4,SHT 98H20-B4,貝施美,digital-manufacturing,zirconia-blank,material,approved_rule,legacy_category_rule,,unmatched,false,,材料,材料,氧化鋯塊
BS-SHT-98H20-C1,SHT 98H20-C1,貝施美,digital-manufacturing,zirconia-blank,material,approved_rule,legacy_category_rule,,unmatched,false,,材料,材料,氧化鋯塊
BS-SHT-98H20-C2,SHT 98H20-C2,貝施美,digital-manufacturing,zirconia-blank,material,approved_rule,legacy_category_rule,,unmatched,false,,材料,材料,氧化鋯塊
BS-SHT-98H20-C3,SHT 98H20-C3,貝施美,digital-manufacturing,zirconia-blank,material,approved_rule,legacy_category_rule,,unmatched,false,,材料,材料,氧化鋯塊
BS-SHT-98H20-D3,SHT 98H20-D3,貝施美,digital-manufacturing,zirconia-blank,material,approved_rule,legacy_category_rule,,unmatched,false,,材料,材料,氧化鋯塊
BS-SHT-98H22,SHT 98H22,貝施美,digital-manufacturing,zirconia-blank,material,approved_rule,legacy_category_rule,,unmatched,false,,材料,材料,氧化鋯塊
BS-SHT-98H22-A1,SHT 98H22-A1,貝施美,digital-manufacturing,zirconia-blank,material,approved_rule,legacy_category_rule,,unmatched,false,,材料,材料,氧化鋯塊
BS-SHT-98H22-A2,SHT 98H22-A2,貝施美,digital-manufacturing,zirconia-blank,material,approved_rule,legacy_category_rule,,unmatched,false,,材料,材料,氧化鋯塊
BS-SHT-98H22-A3,SHT 98H22-A3,貝施美,digital-manufacturing,zirconia-blank,material,approved_rule,legacy_category_rule,,unmatched,false,,材料,材料,氧化鋯塊
BS-SHT-98H22-A3.5,SHT 98H22-A3.5,貝施美,digital-manufacturing,zirconia-blank,material,approved_rule,legacy_category_rule,,unmatched,false,,材料,材料,氧化鋯塊
BS-SHT-98H22-B1,SHT 98H22-B1,貝施美,digital-manufacturing,zirconia-blank,material,approved_rule,legacy_category_rule,,unmatched,false,,材料,材料,氧化鋯塊
BS-SHT-98H22-B2,SHT 98H22-B2,貝施美,digital-manufacturing,zirconia-blank,material,approved_rule,legacy_category_rule,,unmatched,false,,材料,材料,氧化鋯塊
BS-SHT-98H22-B3,SHT 98H22-B3,貝施美,digital-manufacturing,zirconia-blank,material,approved_rule,legacy_category_rule,,unmatched,false,,材料,材料,氧化鋯塊
BS-SHT-98H22-C1,SHT 98H22-C1,貝施美,digital-manufacturing,zirconia-blank,material,approved_rule,legacy_category_rule,,unmatched,false,,材料,材料,氧化鋯塊
BS-SHT-98H22-C2,SHT 98H22-C2,貝施美,digital-manufacturing,zirconia-blank,material,approved_rule,legacy_category_rule,,unmatched,false,,材料,材料,氧化鋯塊
BS-SHT-98H22-C3,SHT 98H22-C3,貝施美,digital-manufacturing,zirconia-blank,material,approved_rule,legacy_category_rule,,unmatched,false,,材料,材料,氧化鋯塊
BS-SHT-98H25,SHT 98H25,貝施美,digital-manufacturing,zirconia-blank,material,approved_rule,legacy_category_rule,,unmatched,false,,材料,材料,氧化鋯塊
BS-SHT-98H25-A1,SHT 98H25-A1,貝施美,digital-manufacturing,zirconia-blank,material,approved_rule,legacy_category_rule,,unmatched,false,,材料,材料,氧化鋯塊
BS-SHT-98H25-A2,SHT 98H25-A2,貝施美,digital-manufacturing,zirconia-blank,material,approved_rule,legacy_category_rule,,unmatched,false,,材料,材料,氧化鋯塊
BS-SHT-98H25-A3,SHT 98H25-A3,貝施美,digital-manufacturing,zirconia-blank,material,approved_rule,legacy_category_rule,,unmatched,false,,材料,材料,氧化鋯塊
BS-SHT-98H25-A3.5,SHT 98H25-A3.5,貝施美,digital-manufacturing,zirconia-blank,material,approved_rule,legacy_category_rule,,unmatched,false,,材料,材料,氧化鋯塊
BS-SHT-98H25-B4,SHT 98H25-B4,貝施美,digital-manufacturing,zirconia-blank,material,approved_rule,legacy_category_rule,,unmatched,false,,材料,材料,氧化鋯塊
BS-SHT-98H25-C1,SHT 98H25-C1,貝施美,digital-manufacturing,zirconia-blank,material,approved_rule,legacy_category_rule,,unmatched,false,,材料,材料,氧化鋯塊
BS-SHT-AG71-14-A2,AG71 SHT A2-14,貝施美,digital-manufacturing,zirconia-blank,material,approved_rule,researched_sku_rule,,unmatched,false,,其他,其他,其他
BS-SHT-AG71-14-A3,AG71 SHT A3-14,貝施美,digital-manufacturing,zirconia-blank,material,approved_rule,researched_sku_rule,,unmatched,false,,其他,其他,其他
BS-SHTML-95H12,SHTML 95H22-C2,貝施美,digital-manufacturing,zirconia-blank,material,approved_rule,legacy_category_rule,,unmatched,false,,材料,材料,氧化鋯塊
BS-SHTML-95H12-A1,SHTML 95H12-A1,貝施美,digital-manufacturing,zirconia-blank,material,approved_rule,legacy_category_rule,,unmatched,false,,材料,材料,氧化鋯塊
BS-SHTML-95H12-A2,SHTML 95H12-A2,貝施美,digital-manufacturing,zirconia-blank,material,approved_rule,legacy_category_rule,,unmatched,false,,材料,材料,氧化鋯塊
BS-SHTML-95H12-A3,SHTML 95H12-A3,貝施美,digital-manufacturing,zirconia-blank,material,approved_rule,legacy_category_rule,,unmatched,false,,材料,材料,氧化鋯塊
BS-SHTML-95H12-A3.5,SHTML 95H12-A3.5,貝施美,digital-manufacturing,zirconia-blank,material,approved_rule,legacy_category_rule,,unmatched,false,,材料,材料,氧化鋯塊
BS-SHTML-95H12-A4,SHTML 95H12-A4,貝施美,digital-manufacturing,zirconia-blank,material,approved_rule,legacy_category_rule,,unmatched,false,,材料,材料,氧化鋯塊
BS-SHTML-95H12-C2,SHTML 95H12-C2,貝施美,digital-manufacturing,zirconia-blank,material,approved_rule,legacy_category_rule,,unmatched,false,,材料,材料,氧化鋯塊
BS-SHTML-95H14-A1,SHTML 95H14-A1,貝施美,digital-manufacturing,zirconia-blank,material,approved_rule,legacy_category_rule,,unmatched,false,,材料,材料,氧化鋯塊
BS-SHTML-95H14-A2,SHTML 95H14-A2,貝施美,digital-manufacturing,zirconia-blank,material,approved_rule,legacy_category_rule,,unmatched,false,,材料,材料,氧化鋯塊
BS-SHTML-95H14-A3,SHTML 95H14-A3,貝施美,digital-manufacturing,zirconia-blank,material,approved_rule,legacy_category_rule,,unmatched,false,,材料,材料,氧化鋯塊
BS-SHTML-95H14-A3.5,SHTML 95H14-A3.5,貝施美,digital-manufacturing,zirconia-blank,material,approved_rule,legacy_category_rule,,unmatched,false,,材料,材料,氧化鋯塊
BS-SHTML-95H14-A4,SHTML 95H14-A4,貝施美,digital-manufacturing,zirconia-blank,material,approved_rule,legacy_category_rule,,unmatched,false,,材料,材料,氧化鋯塊
BS-SHTML-95H14-B1,SHTML 95H14-B1,貝施美,digital-manufacturing,zirconia-blank,material,approved_rule,legacy_category_rule,,unmatched,false,,材料,材料,氧化鋯塊
BS-SHTML-95H14-B2,SHTML 95H14-B2,貝施美,digital-manufacturing,zirconia-blank,material,approved_rule,legacy_category_rule,,unmatched,false,,材料,材料,氧化鋯塊
BS-SHTML-95H14-B3,SHTML 95H14-B3,貝施美,digital-manufacturing,zirconia-blank,material,approved_rule,legacy_category_rule,,unmatched,false,,材料,材料,氧化鋯塊
BS-SHTML-95H14-B4,SHTML 95H14-B4,貝施美,digital-manufacturing,zirconia-blank,material,approved_rule,legacy_category_rule,,unmatched,false,,材料,材料,氧化鋯塊
BS-SHTML-95H14-C2,SHTML 95H14-C2,貝施美,digital-manufacturing,zirconia-blank,material,approved_rule,legacy_category_rule,,unmatched,false,,材料,材料,氧化鋯塊
BS-SHTML-95H14-C3,SHTML 95H14-C3,貝施美,digital-manufacturing,zirconia-blank,material,approved_rule,legacy_category_rule,,unmatched,false,,材料,材料,氧化鋯塊
BS-SHTML-95H14-C4,SHTML 95H14-C4,貝施美,digital-manufacturing,zirconia-blank,material,approved_rule,legacy_category_rule,,unmatched,false,,材料,材料,氧化鋯塊
BS-SHTML-95H14-OM1,SHTML 95H14-OM1,貝施美,digital-manufacturing,zirconia-blank,material,approved_rule,legacy_category_rule,,unmatched,false,,材料,材料,氧化鋯塊
BS-SHTML-95H14-OM2,SHTML 95H14-OM2,貝施美,digital-manufacturing,zirconia-blank,material,approved_rule,legacy_category_rule,,unmatched,false,,材料,材料,氧化鋯塊
BS-SHTML-95H14-OM3,SHTML 95H14-OM3,貝施美,digital-manufacturing,zirconia-blank,material,approved_rule,legacy_category_rule,,unmatched,false,,材料,材料,氧化鋯塊
BS-SHTML-95H16-0M2,SHTML 95H16-0M2,貝施美,digital-manufacturing,zirconia-blank,material,approved_rule,legacy_category_rule,,unmatched,false,,材料,材料,氧化鋯塊
BS-SHTML-95H16-A1,SHTML 95H16-A1,貝施美,digital-manufacturing,zirconia-blank,material,approved_rule,legacy_category_rule,,unmatched,false,,材料,材料,氧化鋯塊
BS-SHTML-95H16-A2,SHTML 95H16-A2,貝施美,digital-manufacturing,zirconia-blank,material,approved_rule,legacy_category_rule,,unmatched,false,,材料,材料,氧化鋯塊
BS-SHTML-95H16-A3,SHTML 95H16-A3,貝施美,digital-manufacturing,zirconia-blank,material,approved_rule,legacy_category_rule,,unmatched,false,,材料,材料,氧化鋯塊
BS-SHTML-95H16-A3.5,SHTML 95H16-A3.5,貝施美,digital-manufacturing,zirconia-blank,material,approved_rule,legacy_category_rule,,unmatched,false,,材料,材料,氧化鋯塊
BS-SHTML-95H16-A4,SHTML 95H16-A4,貝施美,digital-manufacturing,zirconia-blank,material,approved_rule,legacy_category_rule,,unmatched,false,,材料,材料,氧化鋯塊
BS-SHTML-95H16-B1,SHTML-95H16-B1,貝施美,digital-manufacturing,zirconia-blank,material,approved_rule,legacy_category_rule,,unmatched,false,,材料,材料,氧化鋯塊
BS-SHTML-95H16-D3,SHTML 95H16-D3,貝施美,digital-manufacturing,zirconia-blank,material,approved_rule,legacy_category_rule,,unmatched,false,,材料,材料,氧化鋯塊
BS-SHTML-95H16-OM1,SHTML 95H16-OM1,貝施美,digital-manufacturing,zirconia-blank,material,approved_rule,legacy_category_rule,,unmatched,false,,材料,材料,氧化鋯塊
BS-SHTML-95H18-A1,SHTML 95H18-A1,貝施美,digital-manufacturing,zirconia-blank,material,approved_rule,legacy_category_rule,,unmatched,false,,材料,材料,氧化鋯塊
BS-SHTML-95H18-A2,SHTML 95H18-A2,貝施美,digital-manufacturing,zirconia-blank,material,approved_rule,legacy_category_rule,,unmatched,false,,材料,材料,氧化鋯塊
BS-SHTML-95H18-A3,SHTML 95H18-A3,貝施美,digital-manufacturing,zirconia-blank,material,approved_rule,legacy_category_rule,,unmatched,false,,材料,材料,氧化鋯塊
BS-SHTML-95H18-A3.5,SHTML 95H18-A3.5,貝施美,digital-manufacturing,zirconia-blank,material,approved_rule,legacy_category_rule,,unmatched,false,,材料,材料,氧化鋯塊
BS-SHTML-95H18-A4,SHTML 95H18-A4,貝施美,digital-manufacturing,zirconia-blank,material,approved_rule,legacy_category_rule,,unmatched,false,,材料,材料,氧化鋯塊
BS-SHTML-95H18-OM1,SHTML 95H18-OM1,貝施美,digital-manufacturing,zirconia-blank,material,approved_rule,legacy_category_rule,,unmatched,false,,材料,材料,氧化鋯塊
BS-SHTML-95H18-OM2,SHTML 95H18-OM2,貝施美,digital-manufacturing,zirconia-blank,material,approved_rule,legacy_category_rule,,unmatched,false,,材料,材料,氧化鋯塊
BS-SHTML-95H18-OM3,SHTML 95H18-OM3,貝施美,digital-manufacturing,zirconia-blank,material,approved_rule,legacy_category_rule,,unmatched,false,,材料,材料,氧化鋯塊
BS-SHTML-95H20-A1,SHTML 95H20-A1,貝施美,digital-manufacturing,zirconia-blank,material,approved_rule,legacy_category_rule,,unmatched,false,,材料,材料,氧化鋯塊
BS-SHTML-95H20-A2,SHTML 95H20-A2,貝施美,digital-manufacturing,zirconia-blank,material,approved_rule,legacy_category_rule,,unmatched,false,,材料,材料,氧化鋯塊
BS-SHTML-95H20-A3,SHTML 95H20-A3,貝施美,digital-manufacturing,zirconia-blank,material,approved_rule,legacy_category_rule,,unmatched,false,,材料,材料,氧化鋯塊
BS-SHTML-95H20-A3.5,SHTML 95H20-A3.5,貝施美,digital-manufacturing,zirconia-blank,material,approved_rule,legacy_category_rule,,unmatched,false,,材料,材料,氧化鋯塊
BS-SHTML-95H22-A1,SHTML 95H22-A1,貝施美,digital-manufacturing,zirconia-blank,material,approved_rule,legacy_category_rule,,unmatched,false,,材料,材料,氧化鋯塊
BS-SHTML-95H22-A2,SHTML 95H22-A2,貝施美,digital-manufacturing,zirconia-blank,material,approved_rule,legacy_category_rule,,unmatched,false,,材料,材料,氧化鋯塊
BS-SHTML-95H22-A3,SHTML 95H22-A3,貝施美,digital-manufacturing,zirconia-blank,material,approved_rule,legacy_category_rule,,unmatched,false,,材料,材料,氧化鋯塊
BS-SHTML-95H22-A3.5,SHTML 95H22-A3.5,貝施美,digital-manufacturing,zirconia-blank,material,approved_rule,legacy_category_rule,,unmatched,false,,材料,材料,氧化鋯塊
BS-SHTML-95H25-A1,SHTML 95H25-A1,貝施美,digital-manufacturing,zirconia-blank,material,approved_rule,legacy_category_rule,,unmatched,false,,材料,材料,氧化鋯塊
BS-SHTML-95H25-A2,SHTML 95H25-A2,貝施美,digital-manufacturing,zirconia-blank,material,approved_rule,legacy_category_rule,,unmatched,false,,材料,材料,氧化鋯塊
BS-SHTML-95H25-A3,SHTML 95H25-A3,貝施美,digital-manufacturing,zirconia-blank,material,approved_rule,legacy_category_rule,,unmatched,false,,材料,材料,氧化鋯塊
BS-SHTML-98H12-A1,SHTML 98H12-A1,貝施美,digital-manufacturing,zirconia-blank,material,approved_rule,legacy_category_rule,,unmatched,false,,材料,材料,氧化鋯塊
BS-SHTML-98H12-A2,SHTML 98H12-A2,貝施美,digital-manufacturing,zirconia-blank,material,approved_rule,legacy_category_rule,,unmatched,false,,材料,材料,氧化鋯塊
BS-SHTML-98H12-A3,SHTML 98H12-A3,貝施美,digital-manufacturing,zirconia-blank,material,approved_rule,legacy_category_rule,,unmatched,false,,材料,材料,氧化鋯塊
BS-SHTML-98H12-A3.5,SHTML 98H12-A3.5,貝施美,digital-manufacturing,zirconia-blank,material,approved_rule,legacy_category_rule,,unmatched,false,,材料,材料,氧化鋯塊
BS-SHTML-98H12-A4,SHTML 98H12-A4,貝施美,digital-manufacturing,zirconia-blank,material,approved_rule,legacy_category_rule,,unmatched,false,,材料,材料,氧化鋯塊
BS-SHTML-98H12-B2,SHTML 98H12-B2,貝施美,digital-manufacturing,zirconia-blank,material,approved_rule,legacy_category_rule,,unmatched,false,,材料,材料,氧化鋯塊
BS-SHTML-98H12-B3,SHTML 98H12-B3,貝施美,digital-manufacturing,zirconia-blank,material,approved_rule,legacy_category_rule,,unmatched,false,,材料,材料,氧化鋯塊
BS-SHTML-98H12-B4,SHTML 98H12-B4,貝施美,digital-manufacturing,zirconia-blank,material,approved_rule,legacy_category_rule,,unmatched,false,,材料,材料,氧化鋯塊
BS-SHTML-98H12-C1,SHTML 98H12-C1,貝施美,digital-manufacturing,zirconia-blank,material,approved_rule,legacy_category_rule,,unmatched,false,,材料,材料,氧化鋯塊
BS-SHTML-98H12-C2,SHTML 98H12-C2,貝施美,digital-manufacturing,zirconia-blank,material,approved_rule,legacy_category_rule,,unmatched,false,,材料,材料,氧化鋯塊
BS-SHTML-98H12-C3,SHTML 98H12-C3,貝施美,digital-manufacturing,zirconia-blank,material,approved_rule,legacy_category_rule,,unmatched,false,,材料,材料,氧化鋯塊
BS-SHTML-98H12-C4,SHTML 98H12-C4,貝施美,digital-manufacturing,zirconia-blank,material,approved_rule,legacy_category_rule,,unmatched,false,,材料,材料,氧化鋯塊
BS-SHTML-98H12-D2,SHTML 98H12-D2,貝施美,digital-manufacturing,zirconia-blank,material,approved_rule,legacy_category_rule,,unmatched,false,,材料,材料,氧化鋯塊
BS-SHTML-98H12-D3,SHTML 98H12-D3,貝施美,digital-manufacturing,zirconia-blank,material,approved_rule,legacy_category_rule,,unmatched,false,,材料,材料,氧化鋯塊
BS-SHTML-98H12-D4,SHTML 98H12-D4,貝施美,digital-manufacturing,zirconia-blank,material,approved_rule,legacy_category_rule,,unmatched,false,,材料,材料,氧化鋯塊
BS-SHTML-98H14-A1,SHTML 98H14-A1,貝施美,digital-manufacturing,zirconia-blank,material,approved_rule,legacy_category_rule,,unmatched,false,,材料,材料,氧化鋯塊
BS-SHTML-98H14-A2,SHTML 98H14-A2,貝施美,digital-manufacturing,zirconia-blank,material,approved_rule,legacy_category_rule,,unmatched,false,,材料,材料,氧化鋯塊
BS-SHTML-98H14-A2-3D,SHTML 98H14-A2 3D Master,貝施美,digital-manufacturing,zirconia-blank,material,approved_rule,legacy_category_rule,,unmatched,false,,材料,材料,氧化鋯塊
BS-SHTML-98H14-A3,SHTML 98H14-A3,貝施美,digital-manufacturing,zirconia-blank,material,approved_rule,legacy_category_rule,,unmatched,false,,材料,材料,氧化鋯塊
BS-SHTML-98H14-A3.5,SHTML 98H14-A3.5,貝施美,digital-manufacturing,zirconia-blank,material,approved_rule,legacy_category_rule,,unmatched,false,,材料,材料,氧化鋯塊
BS-SHTML-98H14-A4,SHTML 98H14-A4,貝施美,digital-manufacturing,zirconia-blank,material,approved_rule,legacy_category_rule,,unmatched,false,,材料,材料,氧化鋯塊
BS-SHTML-98H14-B1,SHTML 98H14-B1,貝施美,digital-manufacturing,zirconia-blank,material,approved_rule,legacy_category_rule,,unmatched,false,,材料,材料,氧化鋯塊
BS-SHTML-98H14-B2,SHTML 98H14-B2,貝施美,digital-manufacturing,zirconia-blank,material,approved_rule,legacy_category_rule,,unmatched,false,,材料,材料,氧化鋯塊
BS-SHTML-98H14-B3,SHTML 98H14-B3,貝施美,digital-manufacturing,zirconia-blank,material,approved_rule,legacy_category_rule,,unmatched,false,,材料,材料,氧化鋯塊
BS-SHTML-98H14-B4,SHTML 98H14-B4,貝施美,digital-manufacturing,zirconia-blank,material,approved_rule,legacy_category_rule,,unmatched,false,,材料,材料,氧化鋯塊
BS-SHTML-98H14-C1,SHTML 98H14-C1,貝施美,digital-manufacturing,zirconia-blank,material,approved_rule,legacy_category_rule,,unmatched,false,,材料,材料,氧化鋯塊
BS-SHTML-98H14-C2,SHTML 98H14-C2,貝施美,digital-manufacturing,zirconia-blank,material,approved_rule,legacy_category_rule,,unmatched,false,,材料,材料,氧化鋯塊
BS-SHTML-98H14-C3,SHTML 98H14-C3,貝施美,digital-manufacturing,zirconia-blank,material,approved_rule,legacy_category_rule,,unmatched,false,,材料,材料,氧化鋯塊
BS-SHTML-98H14-C4,SHTML 98H14-C4,貝施美,digital-manufacturing,zirconia-blank,material,approved_rule,legacy_category_rule,,unmatched,false,,材料,材料,氧化鋯塊
BS-SHTML-98H14-D2,SHTML 98H14-D2,貝施美,digital-manufacturing,zirconia-blank,material,approved_rule,legacy_category_rule,,unmatched,false,,材料,材料,氧化鋯塊
BS-SHTML-98H14-D3,SHTML 98H14-D3,貝施美,digital-manufacturing,zirconia-blank,material,approved_rule,legacy_category_rule,,unmatched,false,,材料,材料,氧化鋯塊
BS-SHTML-98H14-D4,SHTML 98H14-D4,貝施美,digital-manufacturing,zirconia-blank,material,approved_rule,legacy_category_rule,,unmatched,false,,材料,材料,氧化鋯塊
BS-SHTML-98H14-OM1,SHTML 98H14-OM1,貝施美,digital-manufacturing,zirconia-blank,material,approved_rule,legacy_category_rule,,unmatched,false,,材料,材料,氧化鋯塊
BS-SHTML-98H16-A1,SHTML 98H16-A1,貝施美,digital-manufacturing,zirconia-blank,material,approved_rule,legacy_category_rule,,unmatched,false,,材料,材料,氧化鋯塊
BS-SHTML-98H16-A2,SHTML 98H16-A2,貝施美,digital-manufacturing,zirconia-blank,material,approved_rule,legacy_category_rule,,unmatched,false,,材料,材料,氧化鋯塊
BS-SHTML-98H16-A3,SHTML 98H16-A3,貝施美,digital-manufacturing,zirconia-blank,material,approved_rule,legacy_category_rule,,unmatched,false,,材料,材料,氧化鋯塊
BS-SHTML-98H16-A3.5,SHTML 98H16-A3.5,貝施美,digital-manufacturing,zirconia-blank,material,approved_rule,legacy_category_rule,,unmatched,false,,材料,材料,氧化鋯塊
BS-SHTML-98H16-A4,SHTML 98H16-A4,貝施美,digital-manufacturing,zirconia-blank,material,approved_rule,legacy_category_rule,,unmatched,false,,材料,材料,氧化鋯塊
BS-SHTML-98H16-B1,SHTML 98H16-B1,貝施美,digital-manufacturing,zirconia-blank,material,approved_rule,legacy_category_rule,,unmatched,false,,材料,材料,氧化鋯塊
BS-SHTML-98H16-B2,SHTML 98H16-B2,貝施美,digital-manufacturing,zirconia-blank,material,approved_rule,legacy_category_rule,,unmatched,false,,材料,材料,氧化鋯塊
BS-SHTML-98H16-B3,SHTML 98H16-B3,貝施美,digital-manufacturing,zirconia-blank,material,approved_rule,legacy_category_rule,,unmatched,false,,材料,材料,氧化鋯塊
BS-SHTML-98H16-C1,SHTML 98H16-C1,貝施美,digital-manufacturing,zirconia-blank,material,approved_rule,legacy_category_rule,,unmatched,false,,材料,材料,氧化鋯塊
BS-SHTML-98H16-C2,SHTML 98H16-C2,貝施美,digital-manufacturing,zirconia-blank,material,approved_rule,legacy_category_rule,,unmatched,false,,材料,材料,氧化鋯塊
BS-SHTML-98H16-C3,SHTML 98H16-C3,貝施美,digital-manufacturing,zirconia-blank,material,approved_rule,legacy_category_rule,,unmatched,false,,材料,材料,氧化鋯塊
BS-SHTML-98H16-C4,SHTML 98H16-C4,貝施美,digital-manufacturing,zirconia-blank,material,approved_rule,legacy_category_rule,,unmatched,false,,材料,材料,氧化鋯塊
BS-SHTML-98H16-D2,SHTML 98H16-D2,貝施美,digital-manufacturing,zirconia-blank,material,approved_rule,legacy_category_rule,,unmatched,false,,材料,材料,氧化鋯塊
BS-SHTML-98H16-D3,SHTML 98H16-D3,貝施美,digital-manufacturing,zirconia-blank,material,approved_rule,legacy_category_rule,,unmatched,false,,材料,材料,氧化鋯塊
BS-SHTML-98H16-OM1,SHTML 98H16-OM1,貝施美,digital-manufacturing,zirconia-blank,material,approved_rule,legacy_category_rule,,unmatched,false,,材料,材料,氧化鋯塊
BS-SHTML-98H18-A1,SHTML 98H18-A1,貝施美,digital-manufacturing,zirconia-blank,material,approved_rule,legacy_category_rule,,unmatched,false,,材料,材料,氧化鋯塊
BS-SHTML-98H18-A2,SHTML 98H18-A2,貝施美,digital-manufacturing,zirconia-blank,material,approved_rule,legacy_category_rule,,unmatched,false,,材料,材料,氧化鋯塊
BS-SHTML-98H18-A3,SHTML 98H18-A3,貝施美,digital-manufacturing,zirconia-blank,material,approved_rule,legacy_category_rule,,unmatched,false,,材料,材料,氧化鋯塊
BS-SHTML-98H18-A3.5,SHTML 98H18-A3.5,貝施美,digital-manufacturing,zirconia-blank,material,approved_rule,legacy_category_rule,,unmatched,false,,材料,材料,氧化鋯塊
BS-SHTML-98H18-A4,SHTML 98H18-A4,貝施美,digital-manufacturing,zirconia-blank,material,approved_rule,legacy_category_rule,,unmatched,false,,材料,材料,氧化鋯塊
BS-SHTML-98H18-B1,SHTML 98H18-B1,貝施美,digital-manufacturing,zirconia-blank,material,approved_rule,legacy_category_rule,,unmatched,false,,材料,材料,氧化鋯塊
BS-SHTML-98H18-B2,SHTML 98H18-B2,貝施美,digital-manufacturing,zirconia-blank,material,approved_rule,legacy_category_rule,,unmatched,false,,材料,材料,氧化鋯塊
BS-SHTML-98H18-B3,SHTML 98H18-B3,貝施美,digital-manufacturing,zirconia-blank,material,approved_rule,legacy_category_rule,,unmatched,false,,材料,材料,氧化鋯塊
BS-SHTML-98H18-C1,SHTML 98H18-C1,貝施美,digital-manufacturing,zirconia-blank,material,approved_rule,legacy_category_rule,,unmatched,false,,材料,材料,氧化鋯塊
BS-SHTML-98H18-C2,SHTML 98H18-C2,貝施美,digital-manufacturing,zirconia-blank,material,approved_rule,legacy_category_rule,,unmatched,false,,材料,材料,氧化鋯塊
BS-SHTML-98H18-C3,SHTML 98H18-C3,貝施美,digital-manufacturing,zirconia-blank,material,approved_rule,legacy_category_rule,,unmatched,false,,材料,材料,氧化鋯塊
BS-SHTML-98H18-C4,SHTML 98H18-C4,貝施美,digital-manufacturing,zirconia-blank,material,approved_rule,legacy_category_rule,,unmatched,false,,材料,材料,氧化鋯塊
BS-SHTML-98H18-D4,SHTML 98H18-D4,貝施美,digital-manufacturing,zirconia-blank,material,approved_rule,legacy_category_rule,,unmatched,false,,材料,材料,氧化鋯塊
BS-SHTML-98H18-OM1,SHTML 98H18-OM1,貝施美,digital-manufacturing,zirconia-blank,material,approved_rule,legacy_category_rule,,unmatched,false,,材料,材料,氧化鋯塊
BS-SHTML-98H20-A1,SHTML 98H20-A1,貝施美,digital-manufacturing,zirconia-blank,material,approved_rule,legacy_category_rule,,unmatched,false,,材料,材料,氧化鋯塊
BS-SHTML-98H20-A2,SHTML 98H20-A2,貝施美,digital-manufacturing,zirconia-blank,material,approved_rule,legacy_category_rule,,unmatched,false,,材料,材料,氧化鋯塊
BS-SHTML-98H20-A3,SHTML 98H20-A3,貝施美,digital-manufacturing,zirconia-blank,material,approved_rule,legacy_category_rule,,unmatched,false,,材料,材料,氧化鋯塊
BS-SHTML-98H20-A3.5,SHTML 98H20-A3.5,貝施美,digital-manufacturing,zirconia-blank,material,approved_rule,legacy_category_rule,,unmatched,false,,材料,材料,氧化鋯塊
BS-SHTML-98H20-A4,SHTML 98H20-A4,貝施美,digital-manufacturing,zirconia-blank,material,approved_rule,legacy_category_rule,,unmatched,false,,材料,材料,氧化鋯塊
BS-SHTML-98H20-B1,SHTML 98H20-B1,貝施美,digital-manufacturing,zirconia-blank,material,approved_rule,legacy_category_rule,,unmatched,false,,材料,材料,氧化鋯塊
BS-SHTML-98H20-B2,SHTML 98H20-B2,貝施美,digital-manufacturing,zirconia-blank,material,approved_rule,legacy_category_rule,,unmatched,false,,材料,材料,氧化鋯塊
BS-SHTML-98H20-B3,SHTML 98H20-B3,貝施美,digital-manufacturing,zirconia-blank,material,approved_rule,legacy_category_rule,,unmatched,false,,材料,材料,氧化鋯塊
BS-SHTML-98H20-C2,SHTML 98H20-C2,貝施美,digital-manufacturing,zirconia-blank,material,approved_rule,legacy_category_rule,,unmatched,false,,材料,材料,氧化鋯塊
BS-SHTML-98H20-C3,SHTML 98H20-C3,貝施美,digital-manufacturing,zirconia-blank,material,approved_rule,legacy_category_rule,,unmatched,false,,材料,材料,氧化鋯塊
BS-SHTML-98H20-D2,SHTML 98H20-D2,貝施美,digital-manufacturing,zirconia-blank,material,approved_rule,legacy_category_rule,,unmatched,false,,材料,材料,氧化鋯塊
BS-SHTML-98H20-D3,SHTML 98H20-D3,貝施美,digital-manufacturing,zirconia-blank,material,approved_rule,legacy_category_rule,,unmatched,false,,材料,材料,氧化鋯塊
BS-SHTML-98H20-OM1,SHTML 98H20-OM1,貝施美,digital-manufacturing,zirconia-blank,material,approved_rule,legacy_category_rule,,unmatched,false,,材料,材料,氧化鋯塊
BS-SHTML-98H22-A1,SHTML 98H22-A1,貝施美,digital-manufacturing,zirconia-blank,material,approved_rule,legacy_category_rule,,unmatched,false,,材料,材料,氧化鋯塊
BS-SHTML-98H22-A2,SHTML 98H22-A2,貝施美,digital-manufacturing,zirconia-blank,material,approved_rule,legacy_category_rule,,unmatched,false,,材料,材料,氧化鋯塊
BS-SHTML-98H22-A3,SHTML 98H22-A3,貝施美,digital-manufacturing,zirconia-blank,material,approved_rule,legacy_category_rule,,unmatched,false,,材料,材料,氧化鋯塊
BS-SHTML-98H22-A3.5,SHTML 98H22-A3.5,貝施美,digital-manufacturing,zirconia-blank,material,approved_rule,legacy_category_rule,,unmatched,false,,材料,材料,氧化鋯塊
BS-SHTML-98H25-A1,SHTML 98H25-A1,貝施美,digital-manufacturing,zirconia-blank,material,approved_rule,legacy_category_rule,,unmatched,false,,材料,材料,氧化鋯塊
BS-SHTML-98H25-A2,SHTML 98H25-A2,貝施美,digital-manufacturing,zirconia-blank,material,approved_rule,legacy_category_rule,,unmatched,false,,材料,材料,氧化鋯塊
BS-SHTML-98H25-A3,SHTML 98H25-A3,貝施美,digital-manufacturing,zirconia-blank,material,approved_rule,legacy_category_rule,,unmatched,false,,材料,材料,氧化鋯塊
BS-SHTML-98H25-A3.5,SHTML 98H25-A3.5,貝施美,digital-manufacturing,zirconia-blank,material,approved_rule,legacy_category_rule,,unmatched,false,,材料,材料,氧化鋯塊
BS-ST-95H12,ST 95H12,貝施美,digital-manufacturing,zirconia-blank,material,approved_rule,legacy_category_rule,,unmatched,false,,材料,材料,氧化鋯塊
BS-ST-95H14,ST 95H14,貝施美,digital-manufacturing,zirconia-blank,material,approved_rule,legacy_category_rule,,unmatched,false,,材料,材料,氧化鋯塊
BS-ST-95H14-A1,ST 95H14 A1,貝施美,digital-manufacturing,zirconia-blank,material,approved_rule,legacy_category_rule,,unmatched,false,,材料,材料,氧化鋯塊
BS-ST-95H14-A2,ST 95H14 A2,貝施美,digital-manufacturing,zirconia-blank,material,approved_rule,legacy_category_rule,,unmatched,false,,材料,材料,氧化鋯塊
BS-ST-95H14-A3,ST 95H14 A3,貝施美,digital-manufacturing,zirconia-blank,material,approved_rule,legacy_category_rule,,unmatched,false,,材料,材料,氧化鋯塊
BS-ST-95H14-A3.5,ST 95H14 A3.5,貝施美,digital-manufacturing,zirconia-blank,material,approved_rule,legacy_category_rule,,unmatched,false,,材料,材料,氧化鋯塊
BS-ST-95H14-A4,ST 95H14 A4,貝施美,digital-manufacturing,zirconia-blank,material,approved_rule,legacy_category_rule,,unmatched,false,,材料,材料,氧化鋯塊
BS-ST-95H14-B2,ST 95H14 B2,貝施美,digital-manufacturing,zirconia-blank,material,approved_rule,legacy_category_rule,,unmatched,false,,材料,材料,氧化鋯塊
BS-ST-95H14-B3,ST 95H14 B3,貝施美,digital-manufacturing,zirconia-blank,material,approved_rule,legacy_category_rule,,unmatched,false,,材料,材料,氧化鋯塊
BS-ST-95H14-C2,ST 95H14 C2,貝施美,digital-manufacturing,zirconia-blank,material,approved_rule,legacy_category_rule,,unmatched,false,,材料,材料,氧化鋯塊
BS-ST-95H14-C3,ST 95H14 C3,貝施美,digital-manufacturing,zirconia-blank,material,approved_rule,legacy_category_rule,,unmatched,false,,材料,材料,氧化鋯塊
BS-ST-95H14-D3,ST 95H14 D3,貝施美,digital-manufacturing,zirconia-blank,material,approved_rule,legacy_category_rule,,unmatched,false,,材料,材料,氧化鋯塊
BS-ST-95H16,ST 95H16,貝施美,digital-manufacturing,zirconia-blank,material,approved_rule,legacy_category_rule,,unmatched,false,,材料,材料,氧化鋯塊
BS-ST-95H16-A2,ST 95H16 A2,貝施美,digital-manufacturing,zirconia-blank,material,approved_rule,legacy_category_rule,,unmatched,false,,材料,材料,氧化鋯塊
BS-ST-95H16-A3,ST 95H16 A3,貝施美,digital-manufacturing,zirconia-blank,material,approved_rule,legacy_category_rule,,unmatched,false,,材料,材料,氧化鋯塊
BS-ST-95H16-A3.5,ST 95H16 A3.5,貝施美,digital-manufacturing,zirconia-blank,material,approved_rule,legacy_category_rule,,unmatched,false,,材料,材料,氧化鋯塊
BS-ST-95H18,ST 95H18,貝施美,digital-manufacturing,zirconia-blank,material,approved_rule,legacy_category_rule,,unmatched,false,,材料,材料,氧化鋯塊
BS-ST-95H18-A1,ST 95H18 A1,貝施美,digital-manufacturing,zirconia-blank,material,approved_rule,legacy_category_rule,,unmatched,false,,材料,材料,氧化鋯塊
BS-ST-95H18-A2,ST 95H18 A2,貝施美,digital-manufacturing,zirconia-blank,material,approved_rule,legacy_category_rule,,unmatched,false,,材料,材料,氧化鋯塊
BS-ST-95H18-A3,ST 95H18 A3,貝施美,digital-manufacturing,zirconia-blank,material,approved_rule,legacy_category_rule,,unmatched,false,,材料,材料,氧化鋯塊
BS-ST-95H18-A3.5,ST 95H18 A3.5,貝施美,digital-manufacturing,zirconia-blank,material,approved_rule,legacy_category_rule,,unmatched,false,,材料,材料,氧化鋯塊
BS-ST-95H18-B2,ST 95H18 B2,貝施美,digital-manufacturing,zirconia-blank,material,approved_rule,legacy_category_rule,,unmatched,false,,材料,材料,氧化鋯塊
BS-ST-95H20,ST 95H20,貝施美,digital-manufacturing,zirconia-blank,material,approved_rule,legacy_category_rule,,unmatched,false,,材料,材料,氧化鋯塊
BS-ST-95H20-A2,ST 95H20 A2,貝施美,digital-manufacturing,zirconia-blank,material,approved_rule,legacy_category_rule,,unmatched,false,,材料,材料,氧化鋯塊
BS-ST-95H20-A3,ST 95H20 A3,貝施美,digital-manufacturing,zirconia-blank,material,approved_rule,legacy_category_rule,,unmatched,false,,材料,材料,氧化鋯塊
BS-ST-95H22,ST 95H22,貝施美,digital-manufacturing,zirconia-blank,material,approved_rule,legacy_category_rule,,unmatched,false,,材料,材料,氧化鋯塊
BS-ST-95H22-A1,ST 95H22 A1,貝施美,digital-manufacturing,zirconia-blank,material,approved_rule,legacy_category_rule,,unmatched,false,,材料,材料,氧化鋯塊
BS-ST-95H22-A2,ST 95H22 A2,貝施美,digital-manufacturing,zirconia-blank,material,approved_rule,legacy_category_rule,,unmatched,false,,材料,材料,氧化鋯塊
BS-ST-95H22-A3,ST 95H22 A3,貝施美,digital-manufacturing,zirconia-blank,material,approved_rule,legacy_category_rule,,unmatched,false,,材料,材料,氧化鋯塊
BS-ST-95H25-A1,ST 95H25 A1,貝施美,digital-manufacturing,zirconia-blank,material,approved_rule,legacy_category_rule,,unmatched,false,,材料,材料,氧化鋯塊
BS-ST-95H25-A2,ST 95H25 A2,貝施美,digital-manufacturing,zirconia-blank,material,approved_rule,legacy_category_rule,,unmatched,false,,材料,材料,氧化鋯塊
BS-ST-95H25-A3,ST 95H25 A3,貝施美,digital-manufacturing,zirconia-blank,material,approved_rule,legacy_category_rule,,unmatched,false,,材料,材料,氧化鋯塊
BS-ST-98H10-A3,ST 98H10 A3,貝施美,digital-manufacturing,zirconia-blank,material,approved_rule,legacy_category_rule,,unmatched,false,,材料,材料,氧化鋯塊
BS-ST-98H12,ST 98H12,貝施美,digital-manufacturing,zirconia-blank,material,approved_rule,legacy_category_rule,,unmatched,false,,材料,材料,氧化鋯塊
BS-ST-98H12-A2,ST 98H12-A2,貝施美,digital-manufacturing,zirconia-blank,material,approved_rule,legacy_category_rule,,unmatched,false,,材料,材料,氧化鋯塊
BS-ST-98H12-A3,ST 98H12 A3,貝施美,digital-manufacturing,zirconia-blank,material,approved_rule,legacy_category_rule,,unmatched,false,,材料,材料,氧化鋯塊
BS-ST-98H12-A3.5,ST 98H12-A3.5,貝施美,digital-manufacturing,zirconia-blank,material,approved_rule,legacy_category_rule,,unmatched,false,,材料,材料,氧化鋯塊
BS-ST-98H14,ST 98H14,貝施美,digital-manufacturing,zirconia-blank,material,approved_rule,legacy_category_rule,,unmatched,false,,材料,材料,氧化鋯塊
BS-ST-98H14-A1,ST 98H14 A1,貝施美,digital-manufacturing,zirconia-blank,material,approved_rule,legacy_category_rule,,unmatched,false,,材料,材料,氧化鋯塊
BS-ST-98H14-A2,ST 98H14 A2,貝施美,digital-manufacturing,zirconia-blank,material,approved_rule,legacy_category_rule,,unmatched,false,,材料,材料,氧化鋯塊
BS-ST-98H14-A3,ST 98H14 A3,貝施美,digital-manufacturing,zirconia-blank,material,approved_rule,legacy_category_rule,,unmatched,false,,材料,材料,氧化鋯塊
BS-ST-98H14-A3.5,ST 98H14 A3.5,貝施美,digital-manufacturing,zirconia-blank,material,approved_rule,legacy_category_rule,,unmatched,false,,材料,材料,氧化鋯塊
BS-ST-98H14-A4,ST 98H14 A4,貝施美,digital-manufacturing,zirconia-blank,material,approved_rule,legacy_category_rule,,unmatched,false,,材料,材料,氧化鋯塊
BS-ST-98H14-B1,ST 98H14 B1,貝施美,digital-manufacturing,zirconia-blank,material,approved_rule,legacy_category_rule,,unmatched,false,,材料,材料,氧化鋯塊
BS-ST-98H14-B2,ST 98H14 B2,貝施美,digital-manufacturing,zirconia-blank,material,approved_rule,legacy_category_rule,,unmatched,false,,材料,材料,氧化鋯塊
BS-ST-98H14-B3,ST 98H14 B3,貝施美,digital-manufacturing,zirconia-blank,material,approved_rule,legacy_category_rule,,unmatched,false,,材料,材料,氧化鋯塊
BS-ST-98H14-C1,ST 98H14 C1,貝施美,digital-manufacturing,zirconia-blank,material,approved_rule,legacy_category_rule,,unmatched,false,,材料,材料,氧化鋯塊
BS-ST-98H14-C2,ST 98H14 C2,貝施美,digital-manufacturing,zirconia-blank,material,approved_rule,legacy_category_rule,,unmatched,false,,材料,材料,氧化鋯塊
BS-ST-98H14-C3,ST 98H14 C3,貝施美,digital-manufacturing,zirconia-blank,material,approved_rule,legacy_category_rule,,unmatched,false,,材料,材料,氧化鋯塊
BS-ST-98H14-C4,ST 98H14 C4,貝施美,digital-manufacturing,zirconia-blank,material,approved_rule,legacy_category_rule,,unmatched,false,,材料,材料,氧化鋯塊
BS-ST-98H14-D2,ST 98H14 D2,貝施美,digital-manufacturing,zirconia-blank,material,approved_rule,legacy_category_rule,,unmatched,false,,材料,材料,氧化鋯塊
BS-ST-98H14-D3,ST 98H14 D3,貝施美,digital-manufacturing,zirconia-blank,material,approved_rule,legacy_category_rule,,unmatched,false,,材料,材料,氧化鋯塊
BS-ST-98H16,ST 98H16,貝施美,digital-manufacturing,zirconia-blank,material,approved_rule,legacy_category_rule,,unmatched,false,,材料,材料,氧化鋯塊
BS-ST-98H16-A1,ST 98H16 A1,貝施美,digital-manufacturing,zirconia-blank,material,approved_rule,legacy_category_rule,,unmatched,false,,材料,材料,氧化鋯塊
BS-ST-98H16-A2,ST 98H16 A2,貝施美,digital-manufacturing,zirconia-blank,material,approved_rule,legacy_category_rule,,unmatched,false,,材料,材料,氧化鋯塊
BS-ST-98H16-A3,ST 98H16 A3,貝施美,digital-manufacturing,zirconia-blank,material,approved_rule,legacy_category_rule,,unmatched,false,,材料,材料,氧化鋯塊
BS-ST-98H16-A3.5,ST 98H16 A3.5,貝施美,digital-manufacturing,zirconia-blank,material,approved_rule,legacy_category_rule,,unmatched,false,,材料,材料,氧化鋯塊
BS-ST-98H16-A4,ST 98H16 A4,貝施美,digital-manufacturing,zirconia-blank,material,approved_rule,legacy_category_rule,,unmatched,false,,材料,材料,氧化鋯塊
BS-ST-98H16-B1,ST 98H16 B1,貝施美,digital-manufacturing,zirconia-blank,material,approved_rule,legacy_category_rule,,unmatched,false,,材料,材料,氧化鋯塊
BS-ST-98H16-B2,ST 98H16 B2,貝施美,digital-manufacturing,zirconia-blank,material,approved_rule,legacy_category_rule,,unmatched,false,,材料,材料,氧化鋯塊
BS-ST-98H16-B3,ST 98H16 B3,貝施美,digital-manufacturing,zirconia-blank,material,approved_rule,legacy_category_rule,,unmatched,false,,材料,材料,氧化鋯塊
BS-ST-98H16-C2,ST 98H16 C2,貝施美,digital-manufacturing,zirconia-blank,material,approved_rule,legacy_category_rule,,unmatched,false,,材料,材料,氧化鋯塊
BS-ST-98H16-D3,ST 98H16 D3,貝施美,digital-manufacturing,zirconia-blank,material,approved_rule,legacy_category_rule,,unmatched,false,,材料,材料,氧化鋯塊
BS-ST-98H18,ST 98H18,貝施美,digital-manufacturing,zirconia-blank,material,approved_rule,legacy_category_rule,,unmatched,false,,材料,材料,氧化鋯塊
BS-ST-98H18-A1,ST 98H18 A1,貝施美,digital-manufacturing,zirconia-blank,material,approved_rule,legacy_category_rule,,unmatched,false,,材料,材料,氧化鋯塊
BS-ST-98H18-A2,ST 98H18 A2,貝施美,digital-manufacturing,zirconia-blank,material,approved_rule,legacy_category_rule,,unmatched,false,,材料,材料,氧化鋯塊
BS-ST-98H18-A3,ST 98H18 A3,貝施美,digital-manufacturing,zirconia-blank,material,approved_rule,legacy_category_rule,,unmatched,false,,材料,材料,氧化鋯塊
BS-ST-98H18-A3.5,ST 98H18 A3.5,貝施美,digital-manufacturing,zirconia-blank,material,approved_rule,legacy_category_rule,,unmatched,false,,材料,材料,氧化鋯塊
BS-ST-98H18-C2,ST 98H18 C2,貝施美,digital-manufacturing,zirconia-blank,material,approved_rule,legacy_category_rule,,unmatched,false,,材料,材料,氧化鋯塊
BS-ST-98H18-C3,ST 98H18 C3,貝施美,digital-manufacturing,zirconia-blank,material,approved_rule,legacy_category_rule,,unmatched,false,,材料,材料,氧化鋯塊
BS-ST-98H18-D2,ST 98H18 D2,貝施美,digital-manufacturing,zirconia-blank,material,approved_rule,legacy_category_rule,,unmatched,false,,材料,材料,氧化鋯塊
BS-ST-98H18-D3,ST 98H18 D3,貝施美,digital-manufacturing,zirconia-blank,material,approved_rule,legacy_category_rule,,unmatched,false,,材料,材料,氧化鋯塊
BS-ST-98H20,ST 98H20,貝施美,digital-manufacturing,zirconia-blank,material,approved_rule,legacy_category_rule,,unmatched,false,,材料,材料,氧化鋯塊
BS-ST-98H20-A1,ST 98H20 A1,貝施美,digital-manufacturing,zirconia-blank,material,approved_rule,legacy_category_rule,,unmatched,false,,材料,材料,氧化鋯塊
BS-ST-98H20-A2,ST 98H20 A2,貝施美,digital-manufacturing,zirconia-blank,material,approved_rule,legacy_category_rule,,unmatched,false,,材料,材料,氧化鋯塊
BS-ST-98H20-A3,ST 98H20 A3,貝施美,digital-manufacturing,zirconia-blank,material,approved_rule,legacy_category_rule,,unmatched,false,,材料,材料,氧化鋯塊
BS-ST-98H20-A3.5,ST 98H20 A3.5,貝施美,digital-manufacturing,zirconia-blank,material,approved_rule,legacy_category_rule,,unmatched,false,,材料,材料,氧化鋯塊
BS-ST-98H22,ST 98H22,貝施美,digital-manufacturing,zirconia-blank,material,approved_rule,legacy_category_rule,,unmatched,false,,材料,材料,氧化鋯塊
BS-ST-98H22-A2,ST 98H22 A2,貝施美,digital-manufacturing,zirconia-blank,material,approved_rule,legacy_category_rule,,unmatched,false,,材料,材料,氧化鋯塊
BS-ST-98H22-A3,ST 98H22 A3,貝施美,digital-manufacturing,zirconia-blank,material,approved_rule,legacy_category_rule,,unmatched,false,,材料,材料,氧化鋯塊
BS-ST-98H22-C2,ST 98H22 C2,貝施美,digital-manufacturing,zirconia-blank,material,approved_rule,legacy_category_rule,,unmatched,false,,材料,材料,氧化鋯塊
BS-ST-98H22-C3,ST 98H22 C3,貝施美,digital-manufacturing,zirconia-blank,material,approved_rule,legacy_category_rule,,unmatched,false,,材料,材料,氧化鋯塊
BS-ST-98H22-D2,ST 98H22 D2,貝施美,digital-manufacturing,zirconia-blank,material,approved_rule,legacy_category_rule,,unmatched,false,,材料,材料,氧化鋯塊
BS-ST-98H22-D3,ST 98H22 D3,貝施美,digital-manufacturing,zirconia-blank,material,approved_rule,legacy_category_rule,,unmatched,false,,材料,材料,氧化鋯塊
BS-ST-98H25,ST 98H25,貝施美,digital-manufacturing,zirconia-blank,material,approved_rule,legacy_category_rule,,unmatched,false,,材料,材料,氧化鋯塊
BS-ST-98H25-A1,ST 98H25 A1,貝施美,digital-manufacturing,zirconia-blank,material,approved_rule,legacy_category_rule,,unmatched,false,,材料,材料,氧化鋯塊
BS-ST-98H25-A2,ST 98H25 A2,貝施美,digital-manufacturing,zirconia-blank,material,approved_rule,legacy_category_rule,,unmatched,false,,材料,材料,氧化鋯塊
BS-ST-98H25-A3,ST 98H25 A3,貝施美,digital-manufacturing,zirconia-blank,material,approved_rule,legacy_category_rule,,unmatched,false,,材料,材料,氧化鋯塊
BS-ST-AG71-14-A2,AG71 ST A2-14,貝施美,digital-manufacturing,zirconia-blank,material,approved_rule,researched_sku_rule,,unmatched,false,,其他,其他,其他
BS-ST-AG71-14-A3,AG71 ST A3-14,貝施美,digital-manufacturing,zirconia-blank,material,approved_rule,researched_sku_rule,,unmatched,false,,其他,其他,其他
BS-STML-95H12-A2,3D Master 95H12-A2,貝施美,digital-manufacturing,zirconia-blank,material,approved_rule,legacy_category_rule,,unmatched,false,,材料,材料,氧化鋯塊
BS-STML-95H12-A3,3D Master 95H12-A3,貝施美,digital-manufacturing,zirconia-blank,material,approved_rule,legacy_category_rule,,unmatched,false,,材料,材料,氧化鋯塊
BS-STML-95H12-A3.5,3D Master 95H12-A3.5,貝施美,digital-manufacturing,zirconia-blank,material,approved_rule,legacy_category_rule,,unmatched,false,,材料,材料,氧化鋯塊
BS-STML-95H12-A4,3D Master 95H12-A4,貝施美,digital-manufacturing,zirconia-blank,material,approved_rule,legacy_category_rule,,unmatched,false,,材料,材料,氧化鋯塊
BS-STML-95H14-A1,3D Master 95H14-A1,貝施美,digital-manufacturing,zirconia-blank,material,approved_rule,legacy_category_rule,,unmatched,false,,材料,材料,氧化鋯塊
BS-STML-95H14-A2,3D Master 95H14-A2,貝施美,digital-manufacturing,zirconia-blank,material,approved_rule,legacy_category_rule,,unmatched,false,,材料,材料,氧化鋯塊
BS-STML-95H14-A3,3D Master 95H14-A3,貝施美,digital-manufacturing,zirconia-blank,material,approved_rule,legacy_category_rule,,unmatched,false,,材料,材料,氧化鋯塊
BS-STML-95H14-A3.5,3D Master 95H14-A3.5,貝施美,digital-manufacturing,zirconia-blank,material,approved_rule,legacy_category_rule,,unmatched,false,,材料,材料,氧化鋯塊
BS-STML-95H14-A4,3D Master 95H14-A4,貝施美,digital-manufacturing,zirconia-blank,material,approved_rule,legacy_category_rule,,unmatched,false,,材料,材料,氧化鋯塊
BS-STML-95H14-B1,3D Master 95H14-B1,貝施美,digital-manufacturing,zirconia-blank,material,approved_rule,legacy_category_rule,,unmatched,false,,材料,材料,氧化鋯塊
BS-STML-95H14-B2,3D Master 95H14-B2,貝施美,digital-manufacturing,zirconia-blank,material,approved_rule,legacy_category_rule,,unmatched,false,,材料,材料,氧化鋯塊
BS-STML-95H14-B3,3D Master 95H14-B3,貝施美,digital-manufacturing,zirconia-blank,material,approved_rule,legacy_category_rule,,unmatched,false,,材料,材料,氧化鋯塊
BS-STML-95H14-B4,3D Master 95H14-B4,貝施美,digital-manufacturing,zirconia-blank,material,approved_rule,legacy_category_rule,,unmatched,false,,材料,材料,氧化鋯塊
BS-STML-95H14-C1,3D Master 95H14-C1,貝施美,digital-manufacturing,zirconia-blank,material,approved_rule,legacy_category_rule,,unmatched,false,,材料,材料,氧化鋯塊
BS-STML-95H14-C2,3D Master 95H14-C2,貝施美,digital-manufacturing,zirconia-blank,material,approved_rule,legacy_category_rule,,unmatched,false,,材料,材料,氧化鋯塊
BS-STML-95H14-C3,3D Master 95H14-C3,貝施美,digital-manufacturing,zirconia-blank,material,approved_rule,legacy_category_rule,,unmatched,false,,材料,材料,氧化鋯塊
BS-STML-95H14-C4,3D Master 95H14-C4,貝施美,digital-manufacturing,zirconia-blank,material,approved_rule,legacy_category_rule,,unmatched,false,,材料,材料,氧化鋯塊
BS-STML-95H14-D2,3D Master 95H14-D2,貝施美,digital-manufacturing,zirconia-blank,material,approved_rule,legacy_category_rule,,unmatched,false,,材料,材料,氧化鋯塊
BS-STML-95H14-D3,3D Master 95H14-D3,貝施美,digital-manufacturing,zirconia-blank,material,approved_rule,legacy_category_rule,,unmatched,false,,材料,材料,氧化鋯塊
BS-STML-95H14-D4,3D Master 95H14-D4,貝施美,digital-manufacturing,zirconia-blank,material,approved_rule,legacy_category_rule,,unmatched,false,,材料,材料,氧化鋯塊
BS-STML-95H14-OM1,3D Master 95H14-OM1,貝施美,digital-manufacturing,zirconia-blank,material,approved_rule,legacy_category_rule,,unmatched,false,,材料,材料,氧化鋯塊
BS-STML-95H14-OM2,3D Master 95H14-OM2,貝施美,digital-manufacturing,zirconia-blank,material,approved_rule,legacy_category_rule,,unmatched,false,,材料,材料,氧化鋯塊
BS-STML-95H16-A1,3D Master 95H16-A1,貝施美,digital-manufacturing,zirconia-blank,material,approved_rule,legacy_category_rule,,unmatched,false,,材料,材料,氧化鋯塊
BS-STML-95H16-A2,3D Master 95H16-A2,貝施美,digital-manufacturing,zirconia-blank,material,approved_rule,legacy_category_rule,,unmatched,false,,材料,材料,氧化鋯塊
BS-STML-95H16-A3,3D Master 95H16-A3,貝施美,digital-manufacturing,zirconia-blank,material,approved_rule,legacy_category_rule,,unmatched,false,,材料,材料,氧化鋯塊
BS-STML-95H16-A3.5,3D Master 95H16-A3.5,貝施美,digital-manufacturing,zirconia-blank,material,approved_rule,legacy_category_rule,,unmatched,false,,材料,材料,氧化鋯塊
BS-STML-95H16-A4,3D Master 95H16-A4,貝施美,digital-manufacturing,zirconia-blank,material,approved_rule,legacy_category_rule,,unmatched,false,,材料,材料,氧化鋯塊
BS-STML-95H16-B1,3D Master 95H16-B1,貝施美,digital-manufacturing,zirconia-blank,material,approved_rule,legacy_category_rule,,unmatched,false,,材料,材料,氧化鋯塊
BS-STML-95H16-B2,3D Master 95H16-B2,貝施美,digital-manufacturing,zirconia-blank,material,approved_rule,legacy_category_rule,,unmatched,false,,材料,材料,氧化鋯塊
BS-STML-95H16-B3,3D Master 95H16-B3,貝施美,digital-manufacturing,zirconia-blank,material,approved_rule,legacy_category_rule,,unmatched,false,,材料,材料,氧化鋯塊
BS-STML-95H16-B4,3D Master 95H16-B4,貝施美,digital-manufacturing,zirconia-blank,material,approved_rule,legacy_category_rule,,unmatched,false,,材料,材料,氧化鋯塊
BS-STML-95H16-C1,3D Master 95H16-C1,貝施美,digital-manufacturing,zirconia-blank,material,approved_rule,legacy_category_rule,,unmatched,false,,材料,材料,氧化鋯塊
BS-STML-95H16-C2,3D Master 95H16-C2,貝施美,digital-manufacturing,zirconia-blank,material,approved_rule,legacy_category_rule,,unmatched,false,,材料,材料,氧化鋯塊
BS-STML-95H16-C3,3D Master 95H16-C3,貝施美,digital-manufacturing,zirconia-blank,material,approved_rule,legacy_category_rule,,unmatched,false,,材料,材料,氧化鋯塊
BS-STML-95H16-C4,3D Master 95H16-C4,貝施美,digital-manufacturing,zirconia-blank,material,approved_rule,legacy_category_rule,,unmatched,false,,材料,材料,氧化鋯塊
BS-STML-95H16-D2,3D Master 95H16-D2,貝施美,digital-manufacturing,zirconia-blank,material,approved_rule,legacy_category_rule,,unmatched,false,,材料,材料,氧化鋯塊
BS-STML-95H16-D3,3D Master 95H16-D3,貝施美,digital-manufacturing,zirconia-blank,material,approved_rule,legacy_category_rule,,unmatched,false,,材料,材料,氧化鋯塊
BS-STML-95H16-OM1,3D Master 95H16-OM1,貝施美,digital-manufacturing,zirconia-blank,material,approved_rule,legacy_category_rule,,unmatched,false,,材料,材料,氧化鋯塊
BS-STML-95H16-OM2,3D Master 95H16-OM2,貝施美,digital-manufacturing,zirconia-blank,material,approved_rule,legacy_category_rule,,unmatched,false,,材料,材料,氧化鋯塊
BS-STML-95H16-OM3,3D Master 95H16-OM3,貝施美,digital-manufacturing,zirconia-blank,material,approved_rule,legacy_category_rule,,unmatched,false,,材料,材料,氧化鋯塊
BS-STML-95H18-A1,3D Master 95H18-A1,貝施美,digital-manufacturing,zirconia-blank,material,approved_rule,legacy_category_rule,,unmatched,false,,材料,材料,氧化鋯塊
BS-STML-95H18-A2,3D Master 95H18-A2,貝施美,digital-manufacturing,zirconia-blank,material,approved_rule,legacy_category_rule,,unmatched,false,,材料,材料,氧化鋯塊
BS-STML-95H18-A3,3D Master 95H18-A3,貝施美,digital-manufacturing,zirconia-blank,material,approved_rule,legacy_category_rule,,unmatched,false,,材料,材料,氧化鋯塊
BS-STML-95H18-A3.5,3D Master 95H18-A3.5,貝施美,digital-manufacturing,zirconia-blank,material,approved_rule,legacy_category_rule,,unmatched,false,,材料,材料,氧化鋯塊
BS-STML-95H18-A4,3D Master 95H18-A4,貝施美,digital-manufacturing,zirconia-blank,material,approved_rule,legacy_category_rule,,unmatched,false,,材料,材料,氧化鋯塊
BS-STML-95H18-B1,3D Master 95H18-B1,貝施美,digital-manufacturing,zirconia-blank,material,approved_rule,legacy_category_rule,,unmatched,false,,材料,材料,氧化鋯塊
BS-STML-95H18-B2,3D Master 95H18-B2,貝施美,digital-manufacturing,zirconia-blank,material,approved_rule,legacy_category_rule,,unmatched,false,,材料,材料,氧化鋯塊
BS-STML-95H18-B3,3D Master 95H18-B3,貝施美,digital-manufacturing,zirconia-blank,material,approved_rule,legacy_category_rule,,unmatched,false,,材料,材料,氧化鋯塊
BS-STML-95H18-B4,3D Master 95H18-B4,貝施美,digital-manufacturing,zirconia-blank,material,approved_rule,legacy_category_rule,,unmatched,false,,材料,材料,氧化鋯塊
BS-STML-95H18-C1,3D Master 95H18-C1,貝施美,digital-manufacturing,zirconia-blank,material,approved_rule,legacy_category_rule,,unmatched,false,,材料,材料,氧化鋯塊
BS-STML-95H18-C2,3D Master 95H18-C2,貝施美,digital-manufacturing,zirconia-blank,material,approved_rule,legacy_category_rule,,unmatched,false,,材料,材料,氧化鋯塊
BS-STML-95H18-C3,3D Master 95H18-C3,貝施美,digital-manufacturing,zirconia-blank,material,approved_rule,legacy_category_rule,,unmatched,false,,材料,材料,氧化鋯塊
BS-STML-95H18-C4,3D Master 95H18-C4,貝施美,digital-manufacturing,zirconia-blank,material,approved_rule,legacy_category_rule,,unmatched,false,,材料,材料,氧化鋯塊
BS-STML-95H18-D2,3D Master 95H18-D2,貝施美,digital-manufacturing,zirconia-blank,material,approved_rule,legacy_category_rule,,unmatched,false,,材料,材料,氧化鋯塊
BS-STML-95H18-D3,3D Master 95H18-D3,貝施美,digital-manufacturing,zirconia-blank,material,approved_rule,legacy_category_rule,,unmatched,false,,材料,材料,氧化鋯塊
BS-STML-95H18-D4,3D Master 95H18-D4,貝施美,digital-manufacturing,zirconia-blank,material,approved_rule,legacy_category_rule,,unmatched,false,,材料,材料,氧化鋯塊
BS-STML-95H18-OM1,3D Master 95H18-OM1,貝施美,digital-manufacturing,zirconia-blank,material,approved_rule,legacy_category_rule,,unmatched,false,,材料,材料,氧化鋯塊
BS-STML-95H20-A2,3D Master 95H20-A2,貝施美,digital-manufacturing,zirconia-blank,material,approved_rule,legacy_category_rule,,unmatched,false,,材料,材料,氧化鋯塊
BS-STML-95H20-A3,3D Master 95H20-A3,貝施美,digital-manufacturing,zirconia-blank,material,approved_rule,legacy_category_rule,,unmatched,false,,材料,材料,氧化鋯塊
BS-STML-95H20-A3.5,3D Master 95H20-A3.5,貝施美,digital-manufacturing,zirconia-blank,material,approved_rule,legacy_category_rule,,unmatched,false,,材料,材料,氧化鋯塊
BS-STML-95H22-A1,3D Master 95H22-A1,貝施美,digital-manufacturing,zirconia-blank,material,approved_rule,legacy_category_rule,,unmatched,false,,材料,材料,氧化鋯塊
BS-STML-95H22-A2,3D Master 95H22-A2,貝施美,digital-manufacturing,zirconia-blank,material,approved_rule,legacy_category_rule,,unmatched,false,,材料,材料,氧化鋯塊
BS-STML-95H22-A3,3D Master 95H22-A3,貝施美,digital-manufacturing,zirconia-blank,material,approved_rule,legacy_category_rule,,unmatched,false,,材料,材料,氧化鋯塊
BS-STML-95H22-A3.5,3D Master 95H22-A3.5,貝施美,digital-manufacturing,zirconia-blank,material,approved_rule,legacy_category_rule,,unmatched,false,,材料,材料,氧化鋯塊
BS-STML-95H22-A4,3D Master 95H22-A4,貝施美,digital-manufacturing,zirconia-blank,material,approved_rule,legacy_category_rule,,unmatched,false,,材料,材料,氧化鋯塊
BS-STML-95H25-A1,STML 95H25-A1,貝施美,digital-manufacturing,zirconia-blank,material,approved_rule,legacy_category_rule,,unmatched,false,,材料,材料,氧化鋯塊
BS-STML-95H25-A2,STML 95H25-A2,貝施美,digital-manufacturing,zirconia-blank,material,approved_rule,legacy_category_rule,,unmatched,false,,材料,材料,氧化鋯塊
BS-STML-95H25-A3,3D Master 95H25-A3,貝施美,digital-manufacturing,zirconia-blank,material,approved_rule,legacy_category_rule,,unmatched,false,,材料,材料,氧化鋯塊
BS-STML-95H25-A3.5,3D Master 95H25-A3.5,貝施美,digital-manufacturing,zirconia-blank,material,approved_rule,legacy_category_rule,,unmatched,false,,材料,材料,氧化鋯塊
BS-STML-95H25-B1,3D Master 95H25-B1,貝施美,digital-manufacturing,zirconia-blank,material,approved_rule,legacy_category_rule,,unmatched,false,,材料,材料,氧化鋯塊
BS-STML-98H12-A2,3D Master 98H12-A2,貝施美,digital-manufacturing,zirconia-blank,material,approved_rule,legacy_category_rule,,unmatched,false,,材料,材料,氧化鋯塊
BS-STML-98H12-A3,3D Master 98H12-A3,貝施美,digital-manufacturing,zirconia-blank,material,approved_rule,legacy_category_rule,,unmatched,false,,材料,材料,氧化鋯塊
BS-STML-98H12-A3.5,3D Master 98H12-A3.5,貝施美,digital-manufacturing,zirconia-blank,material,approved_rule,legacy_category_rule,,unmatched,false,,材料,材料,氧化鋯塊
BS-STML-98H14-A1,3D Master 98H14-A1,貝施美,digital-manufacturing,zirconia-blank,material,approved_rule,legacy_category_rule,,unmatched,false,,材料,材料,氧化鋯塊
BS-STML-98H14-A2,3D Master 98H14-A2,貝施美,digital-manufacturing,zirconia-blank,material,approved_rule,legacy_category_rule,,unmatched,false,,材料,材料,氧化鋯塊
BS-STML-98H14-A3,3D Master 98H14-A3,貝施美,digital-manufacturing,zirconia-blank,material,approved_rule,legacy_category_rule,,unmatched,false,,材料,材料,氧化鋯塊
BS-STML-98H14-A3.5,3D Master 98H14-A3.5,貝施美,digital-manufacturing,zirconia-blank,material,approved_rule,legacy_category_rule,,unmatched,false,,材料,材料,氧化鋯塊
BS-STML-98H14-A4,3D Master 98H14-A4,貝施美,digital-manufacturing,zirconia-blank,material,approved_rule,legacy_category_rule,,unmatched,false,,材料,材料,氧化鋯塊
BS-STML-98H14-B1,3D Master 98H14-B1,貝施美,digital-manufacturing,zirconia-blank,material,approved_rule,legacy_category_rule,,unmatched,false,,材料,材料,氧化鋯塊
BS-STML-98H14-B2,3D Master 98H14-B2,貝施美,digital-manufacturing,zirconia-blank,material,approved_rule,legacy_category_rule,,unmatched,false,,材料,材料,氧化鋯塊
BS-STML-98H14-B3,3D Master 98H14-B3,貝施美,digital-manufacturing,zirconia-blank,material,approved_rule,legacy_category_rule,,unmatched,false,,材料,材料,氧化鋯塊
BS-STML-98H14-B4,3D Master 98H14-B4,貝施美,digital-manufacturing,zirconia-blank,material,approved_rule,legacy_category_rule,,unmatched,false,,材料,材料,氧化鋯塊
BS-STML-98H14-C1,3D Master 98H14-C1,貝施美,digital-manufacturing,zirconia-blank,material,approved_rule,legacy_category_rule,,unmatched,false,,材料,材料,氧化鋯塊
BS-STML-98H14-C2,3D Master 98H14-C2,貝施美,digital-manufacturing,zirconia-blank,material,approved_rule,legacy_category_rule,,unmatched,false,,材料,材料,氧化鋯塊
BS-STML-98H14-C3,3D Master 98H14-C3,貝施美,digital-manufacturing,zirconia-blank,material,approved_rule,legacy_category_rule,,unmatched,false,,材料,材料,氧化鋯塊
BS-STML-98H14-C4,3D Master 98H14-C4,貝施美,digital-manufacturing,zirconia-blank,material,approved_rule,legacy_category_rule,,unmatched,false,,材料,材料,氧化鋯塊
BS-STML-98H14-D2,3D Master 98H14-D2,貝施美,digital-manufacturing,zirconia-blank,material,approved_rule,legacy_category_rule,,unmatched,false,,材料,材料,氧化鋯塊
BS-STML-98H14-D3,3D Master 98H14-D3,貝施美,digital-manufacturing,zirconia-blank,material,approved_rule,legacy_category_rule,,unmatched,false,,材料,材料,氧化鋯塊
BS-STML-98H14-D4,3D Master 98H14-D4,貝施美,digital-manufacturing,zirconia-blank,material,approved_rule,legacy_category_rule,,unmatched,false,,材料,材料,氧化鋯塊
BS-STML-98H14-OM1,3D Master 98H14-OM1,貝施美,digital-manufacturing,zirconia-blank,material,approved_rule,legacy_category_rule,,unmatched,false,,材料,材料,氧化鋯塊
BS-STML-98H14-OM2,3D Master 98H14-OM2,貝施美,digital-manufacturing,zirconia-blank,material,approved_rule,legacy_category_rule,,unmatched,false,,材料,材料,氧化鋯塊
BS-STML-98H16-A1,3D Master 98H16-A1,貝施美,digital-manufacturing,zirconia-blank,material,approved_rule,legacy_category_rule,,unmatched,false,,材料,材料,氧化鋯塊
BS-STML-98H16-A2,3D Master 98H16-A2,貝施美,digital-manufacturing,zirconia-blank,material,approved_rule,legacy_category_rule,,unmatched,false,,材料,材料,氧化鋯塊
BS-STML-98H16-A3,3D Master 98H16-A3,貝施美,digital-manufacturing,zirconia-blank,material,approved_rule,legacy_category_rule,,unmatched,false,,材料,材料,氧化鋯塊
BS-STML-98H16-A3.5,3D Master 98H16-A3.5,貝施美,digital-manufacturing,zirconia-blank,material,approved_rule,legacy_category_rule,,unmatched,false,,材料,材料,氧化鋯塊
BS-STML-98H16-A4,3D Master 98H16-A4,貝施美,digital-manufacturing,zirconia-blank,material,approved_rule,legacy_category_rule,,unmatched,false,,材料,材料,氧化鋯塊
BS-STML-98H16-B1,3D Master 98H16-B1,貝施美,digital-manufacturing,zirconia-blank,material,approved_rule,legacy_category_rule,,unmatched,false,,材料,材料,氧化鋯塊
BS-STML-98H16-B2,3D Master 98H16-B2,貝施美,digital-manufacturing,zirconia-blank,material,approved_rule,legacy_category_rule,,unmatched,false,,材料,材料,氧化鋯塊
BS-STML-98H16-B3,3D Master 98H16-B3,貝施美,digital-manufacturing,zirconia-blank,material,approved_rule,legacy_category_rule,,unmatched,false,,材料,材料,氧化鋯塊
BS-STML-98H16-C1,3D Master 98H16-C1,貝施美,digital-manufacturing,zirconia-blank,material,approved_rule,legacy_category_rule,,unmatched,false,,材料,材料,氧化鋯塊
BS-STML-98H16-C2,3D Master 98H16-C2,貝施美,digital-manufacturing,zirconia-blank,material,approved_rule,legacy_category_rule,,unmatched,false,,材料,材料,氧化鋯塊
BS-STML-98H16-C3,3D Master 98H16-C3,貝施美,digital-manufacturing,zirconia-blank,material,approved_rule,legacy_category_rule,,unmatched,false,,材料,材料,氧化鋯塊
BS-STML-98H16-C4,3D Master 98H16-C4,貝施美,digital-manufacturing,zirconia-blank,material,approved_rule,legacy_category_rule,,unmatched,false,,材料,材料,氧化鋯塊
BS-STML-98H16-D2,3D Master 98H16-D2,貝施美,digital-manufacturing,zirconia-blank,material,approved_rule,legacy_category_rule,,unmatched,false,,材料,材料,氧化鋯塊
BS-STML-98H16-D3,3D Master 98H16-D3,貝施美,digital-manufacturing,zirconia-blank,material,approved_rule,legacy_category_rule,,unmatched,false,,材料,材料,氧化鋯塊
BS-STML-98H16-OM1,3D Master 98H16-OM1,貝施美,digital-manufacturing,zirconia-blank,material,approved_rule,legacy_category_rule,,unmatched,false,,材料,材料,氧化鋯塊
BS-STML-98H16-OM2,3D Master 98H16-OM2,貝施美,digital-manufacturing,zirconia-blank,material,approved_rule,legacy_category_rule,,unmatched,false,,材料,材料,氧化鋯塊
BS-STML-98H16-OM3,3D Master 98H16-OM3,貝施美,digital-manufacturing,zirconia-blank,material,approved_rule,legacy_category_rule,,unmatched,false,,材料,材料,氧化鋯塊
BS-STML-98H18-A1,3D Master 98H18-A1,貝施美,digital-manufacturing,zirconia-blank,material,approved_rule,legacy_category_rule,,unmatched,false,,材料,材料,氧化鋯塊
BS-STML-98H18-A2,3D Master 98H18-A2,貝施美,digital-manufacturing,zirconia-blank,material,approved_rule,legacy_category_rule,,unmatched,false,,材料,材料,氧化鋯塊
BS-STML-98H18-A3,3D Master 98H18-A3,貝施美,digital-manufacturing,zirconia-blank,material,approved_rule,legacy_category_rule,,unmatched,false,,材料,材料,氧化鋯塊
BS-STML-98H18-A3.5,3D Master 98H18-A3.5,貝施美,digital-manufacturing,zirconia-blank,material,approved_rule,legacy_category_rule,,unmatched,false,,材料,材料,氧化鋯塊
BS-STML-98H18-A4,3D Master 98H18-A4,貝施美,digital-manufacturing,zirconia-blank,material,approved_rule,legacy_category_rule,,unmatched,false,,材料,材料,氧化鋯塊
BS-STML-98H18-B1,3D Master 98H18-B1,貝施美,digital-manufacturing,zirconia-blank,material,approved_rule,legacy_category_rule,,unmatched,false,,材料,材料,氧化鋯塊
BS-STML-98H18-B2,3D Master 98H18-B2,貝施美,digital-manufacturing,zirconia-blank,material,approved_rule,legacy_category_rule,,unmatched,false,,材料,材料,氧化鋯塊
BS-STML-98H18-B3,3D Master 98H18-B3,貝施美,digital-manufacturing,zirconia-blank,material,approved_rule,legacy_category_rule,,unmatched,false,,材料,材料,氧化鋯塊
BS-STML-98H18-B4,3D Master 98H18-B4,貝施美,digital-manufacturing,zirconia-blank,material,approved_rule,legacy_category_rule,,unmatched,false,,材料,材料,氧化鋯塊
BS-STML-98H18-C1,3D Master 98H18-C1,貝施美,digital-manufacturing,zirconia-blank,material,approved_rule,legacy_category_rule,,unmatched,false,,材料,材料,氧化鋯塊
BS-STML-98H18-C2,3D Master 98H18-C2,貝施美,digital-manufacturing,zirconia-blank,material,approved_rule,legacy_category_rule,,unmatched,false,,材料,材料,氧化鋯塊
BS-STML-98H18-C3,3D Master 98H18-C3,貝施美,digital-manufacturing,zirconia-blank,material,approved_rule,legacy_category_rule,,unmatched,false,,材料,材料,氧化鋯塊
BS-STML-98H18-C4,3D Master 98H18-C4,貝施美,digital-manufacturing,zirconia-blank,material,approved_rule,legacy_category_rule,,unmatched,false,,材料,材料,氧化鋯塊
BS-STML-98H18-D2,3D Master 98H18-D2,貝施美,digital-manufacturing,zirconia-blank,material,approved_rule,legacy_category_rule,,unmatched,false,,材料,材料,氧化鋯塊
BS-STML-98H18-D3,3D Master 98H18-D3,貝施美,digital-manufacturing,zirconia-blank,material,approved_rule,legacy_category_rule,,unmatched,false,,材料,材料,氧化鋯塊
BS-STML-98H18-D4,3D Master 98H18-D4,貝施美,digital-manufacturing,zirconia-blank,material,approved_rule,legacy_category_rule,,unmatched,false,,材料,材料,氧化鋯塊
BS-STML-98H18-OM1,3D Master 98H18-OM1,貝施美,digital-manufacturing,zirconia-blank,material,approved_rule,legacy_category_rule,,unmatched,false,,材料,材料,氧化鋯塊
BS-STML-98H18-OM2,3D Master 98H18-OM2,貝施美,digital-manufacturing,zirconia-blank,material,approved_rule,legacy_category_rule,,unmatched,false,,材料,材料,氧化鋯塊
BS-STML-98H18-OM3,3D Master 98H18-OM3,貝施美,digital-manufacturing,zirconia-blank,material,approved_rule,legacy_category_rule,,unmatched,false,,材料,材料,氧化鋯塊
BS-STML-98H20-A1,3D Master 98H20-A1,貝施美,digital-manufacturing,zirconia-blank,material,approved_rule,legacy_category_rule,,unmatched,false,,材料,材料,氧化鋯塊
BS-STML-98H20-A2,3D Master 98H20-A2,貝施美,digital-manufacturing,zirconia-blank,material,approved_rule,legacy_category_rule,,unmatched,false,,材料,材料,氧化鋯塊
BS-STML-98H20-A3,3D Master 98H20-A3,貝施美,digital-manufacturing,zirconia-blank,material,approved_rule,legacy_category_rule,,unmatched,false,,材料,材料,氧化鋯塊
BS-STML-98H20-A3.5,3D Master 98H20-A3.5,貝施美,digital-manufacturing,zirconia-blank,material,approved_rule,legacy_category_rule,,unmatched,false,,材料,材料,氧化鋯塊
BS-STML-98H22-A1,3D Master 98H22-A1,貝施美,digital-manufacturing,zirconia-blank,material,approved_rule,legacy_category_rule,,unmatched,false,,材料,材料,氧化鋯塊
BS-STML-98H22-A2,3D Master 98H22-A2,貝施美,digital-manufacturing,zirconia-blank,material,approved_rule,legacy_category_rule,,unmatched,false,,材料,材料,氧化鋯塊
BS-STML-98H22-A3,3D Master 98H22-A3,貝施美,digital-manufacturing,zirconia-blank,material,approved_rule,legacy_category_rule,,unmatched,false,,材料,材料,氧化鋯塊
BS-STML-98H22-A3.5,3D Master 98H22-A3.5,貝施美,digital-manufacturing,zirconia-blank,material,approved_rule,legacy_category_rule,,unmatched,false,,材料,材料,氧化鋯塊
BS-STML-98H22-A4,3D Master 98H22-A4,貝施美,digital-manufacturing,zirconia-blank,material,approved_rule,legacy_category_rule,,unmatched,false,,材料,材料,氧化鋯塊
BS-STML-98H22-B1,STML 98H22-B1,貝施美,digital-manufacturing,zirconia-blank,material,approved_rule,legacy_category_rule,,unmatched,false,,材料,材料,氧化鋯塊
BS-STML-98H22-B2,3D Master 98H22-B2,貝施美,digital-manufacturing,zirconia-blank,material,approved_rule,legacy_category_rule,,unmatched,false,,材料,材料,氧化鋯塊
BS-STML-98H22-B3,3D Master 98H22-B3,貝施美,digital-manufacturing,zirconia-blank,material,approved_rule,legacy_category_rule,,unmatched,false,,材料,材料,氧化鋯塊
BS-STML-98H22-B4,3D Master 98H22-B4,貝施美,digital-manufacturing,zirconia-blank,material,approved_rule,legacy_category_rule,,unmatched,false,,材料,材料,氧化鋯塊
BS-STML-98H22-C1,3D Master 98H22-C1,貝施美,digital-manufacturing,zirconia-blank,material,approved_rule,legacy_category_rule,,unmatched,false,,材料,材料,氧化鋯塊
BS-STML-98H22-C2,3D Master 98H22-C2,貝施美,digital-manufacturing,zirconia-blank,material,approved_rule,legacy_category_rule,,unmatched,false,,材料,材料,氧化鋯塊
BS-STML-98H22-C3,3D Master 98H22-C3,貝施美,digital-manufacturing,zirconia-blank,material,approved_rule,legacy_category_rule,,unmatched,false,,材料,材料,氧化鋯塊
BS-STML-98H22-C4,3D Master 98H22-C4,貝施美,digital-manufacturing,zirconia-blank,material,approved_rule,legacy_category_rule,,unmatched,false,,材料,材料,氧化鋯塊
BS-STML-98H22-D2,3D Master 98H22-D2,貝施美,digital-manufacturing,zirconia-blank,material,approved_rule,legacy_category_rule,,unmatched,false,,材料,材料,氧化鋯塊
BS-STML-98H22-D3,3D Master 98H22-D3,貝施美,digital-manufacturing,zirconia-blank,material,approved_rule,legacy_category_rule,,unmatched,false,,材料,材料,氧化鋯塊
BS-STML-98H25-A1,3D Master 98H25-A1,貝施美,digital-manufacturing,zirconia-blank,material,approved_rule,legacy_category_rule,,unmatched,false,,材料,材料,氧化鋯塊
BS-STML-98H25-A2,3D Master 98H25-A2,貝施美,digital-manufacturing,zirconia-blank,material,approved_rule,legacy_category_rule,,unmatched,false,,材料,材料,氧化鋯塊
BS-STML-98H25-A3,3D Master 98H25-A3,貝施美,digital-manufacturing,zirconia-blank,material,approved_rule,legacy_category_rule,,unmatched,false,,材料,材料,氧化鋯塊
BS-STML-98H25-A3.5,3D Master 98H25-A3.5,貝施美,digital-manufacturing,zirconia-blank,material,approved_rule,legacy_category_rule,,unmatched,false,,材料,材料,氧化鋯塊
BS-TT-95H18,TT 95H18,貝施美,digital-manufacturing,zirconia-blank,material,approved_rule,legacy_category_rule,,unmatched,false,,材料,材料,氧化鋯塊
BS-TT-98H12,TT 98H12,貝施美,digital-manufacturing,zirconia-blank,material,approved_rule,legacy_category_rule,,unmatched,false,,材料,材料,氧化鋯塊
BS-TT-98H14,TT 98H14,貝施美,digital-manufacturing,zirconia-blank,material,approved_rule,legacy_category_rule,,unmatched,false,,材料,材料,氧化鋯塊
BS-TT-98H16,TT 98H16,貝施美,digital-manufacturing,zirconia-blank,material,approved_rule,legacy_category_rule,,unmatched,false,,材料,材料,氧化鋯塊
BS-TT-98H18,TT 98H18,貝施美,digital-manufacturing,zirconia-blank,material,approved_rule,legacy_category_rule,,unmatched,false,,材料,材料,氧化鋯塊
BS-TTML-95H14-A2,TTML 95H14-A2,貝施美,digital-manufacturing,zirconia-blank,material,approved_rule,legacy_category_rule,,unmatched,false,,材料,材料,氧化鋯塊
BS-TTML-95H14-A3,TTML 95H14-A3,貝施美,digital-manufacturing,zirconia-blank,material,approved_rule,legacy_category_rule,,unmatched,false,,材料,材料,氧化鋯塊
BS-TTML-95H14-A3.5,TTML 95H14-A3.5,貝施美,digital-manufacturing,zirconia-blank,material,approved_rule,legacy_category_rule,,unmatched,false,,材料,材料,氧化鋯塊
BS-TTML-95H16-A1,TTML 95H16-A1,貝施美,digital-manufacturing,zirconia-blank,material,approved_rule,legacy_category_rule,,unmatched,false,,材料,材料,氧化鋯塊
BS-TTML-95H16-A2,TTML 95H16-A2,貝施美,digital-manufacturing,zirconia-blank,material,approved_rule,legacy_category_rule,,unmatched,false,,材料,材料,氧化鋯塊
BS-TTML-95H16-A3,TTML 95H16-A3,貝施美,digital-manufacturing,zirconia-blank,material,approved_rule,legacy_category_rule,,unmatched,false,,材料,材料,氧化鋯塊
BS-TTML-95H16-A3.5,TTML 95H16-A3.5,貝施美,digital-manufacturing,zirconia-blank,material,approved_rule,legacy_category_rule,,unmatched,false,,材料,材料,氧化鋯塊
BS-TTML-95H18-A1,TTML 95H18-A1,貝施美,digital-manufacturing,zirconia-blank,material,approved_rule,legacy_category_rule,,unmatched,false,,材料,材料,氧化鋯塊
BS-TTML-95H18-A2,TTML 95H18-A2,貝施美,digital-manufacturing,zirconia-blank,material,approved_rule,legacy_category_rule,,unmatched,false,,材料,材料,氧化鋯塊
BS-TTML-95H18-A3,TTML 95H18-A3,貝施美,digital-manufacturing,zirconia-blank,material,approved_rule,legacy_category_rule,,unmatched,false,,材料,材料,氧化鋯塊
BS-TTML-95H18-A3.5,TTML 95H18-A3.5,貝施美,digital-manufacturing,zirconia-blank,material,approved_rule,legacy_category_rule,,unmatched,false,,材料,材料,氧化鋯塊
BS-TTML-95H20-A2,TTML 95H20-A2,貝施美,digital-manufacturing,zirconia-blank,material,approved_rule,legacy_category_rule,,unmatched,false,,材料,材料,氧化鋯塊
BS-TTML-95H20-A3,TTML 95H20-A3,貝施美,digital-manufacturing,zirconia-blank,material,approved_rule,legacy_category_rule,,unmatched,false,,材料,材料,氧化鋯塊
BS-TTML-95H22-A2,TTML 95H22-A2,貝施美,digital-manufacturing,zirconia-blank,material,approved_rule,legacy_category_rule,,unmatched,false,,材料,材料,氧化鋯塊
BS-TTML-95H22-A3,TTML 95H22-A3,貝施美,digital-manufacturing,zirconia-blank,material,approved_rule,legacy_category_rule,,unmatched,false,,材料,材料,氧化鋯塊
BS-TTML-98H12-A2,TTML 98H12-A2,貝施美,digital-manufacturing,zirconia-blank,material,approved_rule,legacy_category_rule,,unmatched,false,,材料,材料,氧化鋯塊
BS-TTML-98H12-A3,TTML 98H12-A3,貝施美,digital-manufacturing,zirconia-blank,material,approved_rule,legacy_category_rule,,unmatched,false,,材料,材料,氧化鋯塊
BS-TTML-98H12-A3.5,TTML 98H12-A3.5,貝施美,digital-manufacturing,zirconia-blank,material,approved_rule,legacy_category_rule,,unmatched,false,,材料,材料,氧化鋯塊
BS-TTML-98H14-A1,TTML 98H14-A1,貝施美,digital-manufacturing,zirconia-blank,material,approved_rule,legacy_category_rule,,unmatched,false,,材料,材料,氧化鋯塊
BS-TTML-98H14-A2,TTML 98H14-A2,貝施美,digital-manufacturing,zirconia-blank,material,approved_rule,legacy_category_rule,,unmatched,false,,材料,材料,氧化鋯塊
BS-TTML-98H14-A3,TTML 98H14-A3,貝施美,digital-manufacturing,zirconia-blank,material,approved_rule,legacy_category_rule,,unmatched,false,,材料,材料,氧化鋯塊
BS-TTML-98H14-A3.5,TTML 98H14-A3.5,貝施美,digital-manufacturing,zirconia-blank,material,approved_rule,legacy_category_rule,,unmatched,false,,材料,材料,氧化鋯塊
BS-TTML-98H14-A4,TTML 98H14-A4,貝施美,digital-manufacturing,zirconia-blank,material,approved_rule,legacy_category_rule,,unmatched,false,,材料,材料,氧化鋯塊
BS-TTML-98H16-A1,TTML 98H16-A1,貝施美,digital-manufacturing,zirconia-blank,material,approved_rule,legacy_category_rule,,unmatched,false,,材料,材料,氧化鋯塊
BS-TTML-98H16-A2,TTML 98H16-A2,貝施美,digital-manufacturing,zirconia-blank,material,approved_rule,legacy_category_rule,,unmatched,false,,材料,材料,氧化鋯塊
BS-TTML-98H16-A3,TTML 98H16-A3,貝施美,digital-manufacturing,zirconia-blank,material,approved_rule,legacy_category_rule,,unmatched,false,,材料,材料,氧化鋯塊
BS-TTML-98H16-A3.5,TTML 98H16-A3.5,貝施美,digital-manufacturing,zirconia-blank,material,approved_rule,legacy_category_rule,,unmatched,false,,材料,材料,氧化鋯塊
BS-TTML-98H16-A4,TTML 98H16-A4,貝施美,digital-manufacturing,zirconia-blank,material,approved_rule,legacy_category_rule,,unmatched,false,,材料,材料,氧化鋯塊
BS-TTML-98H16-C1,TTML 98H16-C1,貝施美,digital-manufacturing,zirconia-blank,material,approved_rule,legacy_category_rule,,unmatched,false,,材料,材料,氧化鋯塊
BS-TTML-98H16-C2,TTML 98H16-C2,貝施美,digital-manufacturing,zirconia-blank,material,approved_rule,legacy_category_rule,,unmatched,false,,材料,材料,氧化鋯塊
BS-TTML-98H16-C3,TTML 98H16-C3,貝施美,digital-manufacturing,zirconia-blank,material,approved_rule,legacy_category_rule,,unmatched,false,,材料,材料,氧化鋯塊
BS-TTML-98H18-A1,TTML 98H18-A1,貝施美,digital-manufacturing,zirconia-blank,material,approved_rule,legacy_category_rule,,unmatched,false,,材料,材料,氧化鋯塊
BS-TTML-98H18-A2,TTML 98H18-A2,貝施美,digital-manufacturing,zirconia-blank,material,approved_rule,legacy_category_rule,,unmatched,false,,材料,材料,氧化鋯塊
BS-TTML-98H18-A3,TTML 98H18-A3,貝施美,digital-manufacturing,zirconia-blank,material,approved_rule,legacy_category_rule,,unmatched,false,,材料,材料,氧化鋯塊
BS-TTML-98H18-A3.5,TTML 98H18-A3.5,貝施美,digital-manufacturing,zirconia-blank,material,approved_rule,legacy_category_rule,,unmatched,false,,材料,材料,氧化鋯塊
BS-TTML-98H18-A4,TTML 98H18-A4,貝施美,digital-manufacturing,zirconia-blank,material,approved_rule,legacy_category_rule,,unmatched,false,,材料,材料,氧化鋯塊
BS-TTML-98H18-C2,TTML 98H18-C2,貝施美,digital-manufacturing,zirconia-blank,material,approved_rule,legacy_category_rule,,unmatched,false,,材料,材料,氧化鋯塊
BS-TTML-98H20-A1,TTML 98H20-A1,貝施美,digital-manufacturing,zirconia-blank,material,approved_rule,legacy_category_rule,,unmatched,false,,材料,材料,氧化鋯塊
BS-TTML-98H20-A2,TTML 98H20-A2,貝施美,digital-manufacturing,zirconia-blank,material,approved_rule,legacy_category_rule,,unmatched,false,,材料,材料,氧化鋯塊
BS-TTML-98H20-A3,TTML 98H20-A3,貝施美,digital-manufacturing,zirconia-blank,material,approved_rule,legacy_category_rule,,unmatched,false,,材料,材料,氧化鋯塊
BS-TTML-98H20-A3.5,TTML 98H20-A3.5,貝施美,digital-manufacturing,zirconia-blank,material,approved_rule,legacy_category_rule,,unmatched,false,,材料,材料,氧化鋯塊
BS-TTML-98H20-A4,TTML 98H20-A4,貝施美,digital-manufacturing,zirconia-blank,material,approved_rule,legacy_category_rule,,unmatched,false,,材料,材料,氧化鋯塊
BS-TTML-98H22-A1,TTML 98H22-A1,貝施美,digital-manufacturing,zirconia-blank,material,approved_rule,legacy_category_rule,,unmatched,false,,材料,材料,氧化鋯塊
BS-TTML-98H22-A2,TTML 98H22-A2,貝施美,digital-manufacturing,zirconia-blank,material,approved_rule,legacy_category_rule,,unmatched,false,,材料,材料,氧化鋯塊
BS-TTML-98H22-A3,TTML 98H22-A3,貝施美,digital-manufacturing,zirconia-blank,material,approved_rule,legacy_category_rule,,unmatched,false,,材料,材料,氧化鋯塊
BS-TTML-98H22-A3.5,TTML 98H22-A3.5,貝施美,digital-manufacturing,zirconia-blank,material,approved_rule,legacy_category_rule,,unmatched,false,,材料,材料,氧化鋯塊
BS-Ultra-98H16-A2,3D Ultra 98H16-A2,貝施美,digital-manufacturing,zirconia-blank,material,approved_rule,legacy_category_rule,,unmatched,false,,材料,材料,氧化鋯塊
BS-Ultra-98H16-OM1,3D Ultra 98H16-OM1,貝施美,digital-manufacturing,zirconia-blank,material,approved_rule,legacy_category_rule,,unmatched,false,,材料,材料,氧化鋯塊
BS-V50,無袋式吸塵器,貝施美,lab-equipment,cleaning-dust-control,equipment,approved_rule,researched_sku_rule,,unmatched,false,,設備,耗材,清潔 / 吸塵
CA-YD-HP021,Silicone Point 灰,CAM / 上海穩昊,removable-prosthetics,impression-material,material,approved_rule,legacy_category_rule,,unmatched,false,,材料,材料,印模材料
CA-YD-RDH011,氧化鋯用磨石 RDH011(粉紅),CAM / 上海穩昊,lab-production,grinding-tool,consumable,approved_rule,legacy_category_rule,,unmatched,false,,耗材,耗材,磨石 / 研磨工具
CA-YD-RDH012,氧化鋯用磨石 RDH012(藍),CAM / 上海穩昊,lab-production,grinding-tool,consumable,approved_rule,legacy_category_rule,,unmatched,false,,耗材,耗材,磨石 / 研磨工具
CA-YD-RDH013,氧化鋯用磨石 RDH013(白),CAM / 上海穩昊,lab-production,grinding-tool,consumable,approved_rule,legacy_category_rule,,unmatched,false,,耗材,耗材,磨石 / 研磨工具
CA-YD-RDH014,氧化鋯用磨石 RDH014(黃),CAM / 上海穩昊,lab-production,grinding-tool,consumable,approved_rule,legacy_category_rule,,unmatched,false,,耗材,耗材,磨石 / 研磨工具
CA-YD-RDH015,氧化鋯用磨石 RDH015(灰),CAM / 上海穩昊,lab-production,grinding-tool,consumable,approved_rule,legacy_category_rule,,unmatched,false,,耗材,耗材,磨石 / 研磨工具
CA-YD-RDH021,氧化鋯用磨石 RDH021(棕),CAM / 上海穩昊,lab-production,grinding-tool,consumable,approved_rule,legacy_category_rule,,unmatched,false,,耗材,耗材,磨石 / 研磨工具
CA-YD-RDH022,氧化鋯用磨石 RDH022(棕),CAM / 上海穩昊,lab-production,grinding-tool,consumable,approved_rule,legacy_category_rule,,unmatched,false,,耗材,耗材,磨石 / 研磨工具
CA-YD-RDH023,氧化鋯用磨石 RDH023(藍),CAM / 上海穩昊,lab-production,grinding-tool,consumable,approved_rule,legacy_category_rule,,unmatched,false,,耗材,耗材,磨石 / 研磨工具
CA-YD-RDH024,氧化鋯用磨石 RDH024(粉紅),CAM / 上海穩昊,lab-production,grinding-tool,consumable,approved_rule,legacy_category_rule,,unmatched,false,,耗材,耗材,磨石 / 研磨工具
CA-YD-RDH025,氧化鋯用磨石 RDH025(灰),CAM / 上海穩昊,lab-production,grinding-tool,consumable,approved_rule,legacy_category_rule,,unmatched,false,,耗材,耗材,磨石 / 研磨工具
CA-YD-RDH031,氧化鋯用磨石 RDH031,CAM / 上海穩昊,lab-production,grinding-tool,consumable,approved_rule,legacy_category_rule,,unmatched,false,,耗材,耗材,磨石 / 研磨工具
CA-YD-RDH032,氧化鋯用磨石 RDH032,CAM / 上海穩昊,lab-production,grinding-tool,consumable,approved_rule,legacy_category_rule,,unmatched,false,,耗材,耗材,磨石 / 研磨工具
CA-YD-RDH033,氧化鋯用磨石 RDH033(藍),CAM / 上海穩昊,lab-production,grinding-tool,consumable,approved_rule,legacy_category_rule,,unmatched,false,,耗材,耗材,磨石 / 研磨工具
CA-YD-RDH034,氧化鋯用磨石 RDH034(粉紅),CAM / 上海穩昊,lab-production,grinding-tool,consumable,approved_rule,legacy_category_rule,,unmatched,false,,耗材,耗材,磨石 / 研磨工具
CA-YD-RDH035,氧化鋯用磨石 RDH035(白),CAM / 上海穩昊,lab-production,grinding-tool,consumable,approved_rule,legacy_category_rule,,unmatched,false,,耗材,耗材,磨石 / 研磨工具
CA-YD-RDH054,氧化鋯用磨石 RDH054(藍),CAM / 上海穩昊,lab-production,grinding-tool,consumable,approved_rule,legacy_category_rule,,unmatched,false,,耗材,耗材,磨石 / 研磨工具
CA-YD-RDH056,氧化鋯用磨石 RDH056,CAM / 上海穩昊,lab-production,grinding-tool,consumable,approved_rule,legacy_category_rule,,unmatched,false,,耗材,耗材,磨石 / 研磨工具
CA-YD-RDH058,氧化鋯用磨石 RDH058,CAM / 上海穩昊,lab-production,grinding-tool,consumable,approved_rule,legacy_category_rule,,unmatched,false,,耗材,耗材,磨石 / 研磨工具
CA-YD-RDH059,氧化鋯用磨石 RDH059,CAM / 上海穩昊,lab-production,grinding-tool,consumable,approved_rule,legacy_category_rule,,unmatched,false,,耗材,耗材,磨石 / 研磨工具
CA-YD-RDH074,氧化鋯用磨石 RDH074(藍),CAM / 上海穩昊,lab-production,grinding-tool,consumable,approved_rule,legacy_category_rule,,unmatched,false,,耗材,耗材,磨石 / 研磨工具
CA-YD-RDH076,氧化鋯用磨石 RDH076,CAM / 上海穩昊,lab-production,grinding-tool,consumable,approved_rule,legacy_category_rule,,unmatched,false,,耗材,耗材,磨石 / 研磨工具
CA-YD-RDH078,氧化鋯用磨石 RDH078,CAM / 上海穩昊,lab-production,grinding-tool,consumable,approved_rule,legacy_category_rule,,unmatched,false,,耗材,耗材,磨石 / 研磨工具
CA-YD-RDH079,氧化鋯用磨石 RDH079 (白),CAM / 上海穩昊,lab-production,grinding-tool,consumable,approved_rule,legacy_category_rule,,unmatched,false,,耗材,耗材,磨石 / 研磨工具
CA-YD-RDH084,氧化鋯用磨石 RDH084(藍),CAM / 上海穩昊,lab-production,grinding-tool,consumable,approved_rule,legacy_category_rule,,unmatched,false,,耗材,耗材,磨石 / 研磨工具
CA-YD-RDH086,氧化鋯用磨石 RDH086,CAM / 上海穩昊,lab-production,grinding-tool,consumable,approved_rule,legacy_category_rule,,unmatched,false,,耗材,耗材,磨石 / 研磨工具
CA-YD-RDH088,氧化鋯用磨石 RDH088,CAM / 上海穩昊,lab-production,grinding-tool,consumable,approved_rule,legacy_category_rule,,unmatched,false,,耗材,耗材,磨石 / 研磨工具
CA-YD-RDH089,氧化鋯用磨石 RDH089 (白),CAM / 上海穩昊,lab-production,grinding-tool,consumable,approved_rule,legacy_category_rule,,unmatched,false,,耗材,耗材,磨石 / 研磨工具
CA-YD-RDH154,橡膠金剛石 RDH154(藍),CAM / 上海穩昊,lab-production,grinding-tool,consumable,approved_rule,legacy_category_rule,,unmatched,false,,耗材,耗材,磨石 / 研磨工具
CA-YD-RDH156,橡膠金剛石 RDH156(粉紅),CAM / 上海穩昊,lab-production,grinding-tool,consumable,approved_rule,legacy_category_rule,,unmatched,false,,耗材,耗材,磨石 / 研磨工具
CA-YD-RDH159,橡膠金剛石 RDH159,CAM / 上海穩昊,lab-production,grinding-tool,consumable,approved_rule,legacy_category_rule,,unmatched,false,,耗材,耗材,磨石 / 研磨工具
CA-YD-RDH174,橡膠金剛石 RDH174(藍),CAM / 上海穩昊,lab-production,grinding-tool,consumable,approved_rule,legacy_category_rule,,unmatched,false,,耗材,耗材,磨石 / 研磨工具
CA-YD-RDH176,橡膠金剛石 RDH176(粉紅),CAM / 上海穩昊,lab-production,grinding-tool,consumable,approved_rule,legacy_category_rule,,unmatched,false,,耗材,耗材,磨石 / 研磨工具
CA-YD-RDH179,橡膠金剛石 RDH179,CAM / 上海穩昊,lab-production,grinding-tool,consumable,approved_rule,legacy_category_rule,,unmatched,false,,耗材,耗材,磨石 / 研磨工具
CA-YD-RDH184,橡膠金剛石 RDH184(藍),CAM / 上海穩昊,lab-production,grinding-tool,consumable,approved_rule,legacy_category_rule,,unmatched,false,,耗材,耗材,磨石 / 研磨工具
CA-YD-RDH186,橡膠金剛石 RDH186(粉紅),CAM / 上海穩昊,lab-production,grinding-tool,consumable,approved_rule,legacy_category_rule,,unmatched,false,,耗材,耗材,磨石 / 研磨工具
CA-YD-RDH189,橡膠金剛石 RDH189,CAM / 上海穩昊,lab-production,grinding-tool,consumable,approved_rule,legacy_category_rule,,unmatched,false,,耗材,耗材,磨石 / 研磨工具
CA-YD-SDH021,氧化鋯用磨石 SDH021,CAM / 上海穩昊,lab-production,grinding-tool,consumable,approved_rule,legacy_category_rule,,unmatched,false,,耗材,耗材,磨石 / 研磨工具
CA-YD-SDH021D,氧化鋯用磨石 SDH021D,CAM / 上海穩昊,lab-production,grinding-tool,consumable,approved_rule,legacy_category_rule,,unmatched,false,,耗材,耗材,磨石 / 研磨工具
CA-YD-SDH031,氧化鋯用磨石 SDH031,CAM / 上海穩昊,lab-production,grinding-tool,consumable,approved_rule,legacy_category_rule,,unmatched,false,,耗材,耗材,磨石 / 研磨工具
CA-YD-SDH031B,氧化鋯用磨石 SDH031B,CAM / 上海穩昊,lab-production,grinding-tool,consumable,approved_rule,legacy_category_rule,,unmatched,false,,耗材,耗材,磨石 / 研磨工具
CA-YD-SDH031D,氧化鋯用磨石 SDH031D,CAM / 上海穩昊,lab-production,grinding-tool,consumable,approved_rule,legacy_category_rule,,unmatched,false,,耗材,耗材,磨石 / 研磨工具
CA-YD-SDH031Y,氧化鋯用磨石 SDH031Y,CAM / 上海穩昊,lab-production,grinding-tool,consumable,approved_rule,legacy_category_rule,,unmatched,false,,耗材,耗材,磨石 / 研磨工具
CA-YD-SDH041,氧化鋯用磨石 SDH041,CAM / 上海穩昊,lab-production,grinding-tool,consumable,approved_rule,legacy_category_rule,,unmatched,false,,耗材,耗材,磨石 / 研磨工具
CA-YD-SDH051,氧化鋯用磨石 SDH051,CAM / 上海穩昊,lab-production,grinding-tool,consumable,approved_rule,legacy_category_rule,,unmatched,false,,耗材,耗材,磨石 / 研磨工具
CA-YD-SDH071,氧化鋯用磨石 SDH071,CAM / 上海穩昊,lab-production,grinding-tool,consumable,approved_rule,legacy_category_rule,,unmatched,false,,耗材,耗材,磨石 / 研磨工具
CA-YD-SDH081,氧化鋯用磨石 SDH081,CAM / 上海穩昊,lab-production,grinding-tool,consumable,approved_rule,legacy_category_rule,,unmatched,false,,耗材,耗材,磨石 / 研磨工具
CA-YD-SDH091,氧化鋯用磨石 SDH091,CAM / 上海穩昊,lab-production,grinding-tool,consumable,approved_rule,legacy_category_rule,,unmatched,false,,耗材,耗材,磨石 / 研磨工具
CA-YD-SDH111,氧化鋯用磨石 SDH111,CAM / 上海穩昊,lab-production,grinding-tool,consumable,approved_rule,legacy_category_rule,,unmatched,false,,耗材,耗材,磨石 / 研磨工具
CA-YD-SDH111D,氧化鋯用磨石 SDH111D,CAM / 上海穩昊,lab-production,grinding-tool,consumable,approved_rule,legacy_category_rule,,unmatched,false,,耗材,耗材,磨石 / 研磨工具
CA-YD-SDH121,氧化鋯用磨石 SDH121,CAM / 上海穩昊,lab-production,grinding-tool,consumable,approved_rule,legacy_category_rule,,unmatched,false,,耗材,耗材,磨石 / 研磨工具
CA-YD-SDH131,氧化鋯用磨石 SDH131,CAM / 上海穩昊,lab-production,grinding-tool,consumable,approved_rule,legacy_category_rule,,unmatched,false,,耗材,耗材,磨石 / 研磨工具
CA-YD-SDH141,氧化鋯用磨石 SDH141,CAM / 上海穩昊,lab-production,grinding-tool,consumable,approved_rule,legacy_category_rule,,unmatched,false,,耗材,耗材,磨石 / 研磨工具
CA-YD-SDH151,氧化鋯用磨石 SDH151,CAM / 上海穩昊,lab-production,grinding-tool,consumable,approved_rule,legacy_category_rule,,unmatched,false,,耗材,耗材,磨石 / 研磨工具
CA-YD-SDH251,氧化鋯用磨石 SDH251,CAM / 上海穩昊,lab-production,grinding-tool,consumable,approved_rule,legacy_category_rule,,unmatched,false,,耗材,耗材,磨石 / 研磨工具
CA-YD-SH011,Silicone Point 灰,CAM / 上海穩昊,removable-prosthetics,impression-material,material,approved_rule,legacy_category_rule,,unmatched,false,,材料,材料,印模材料
CA-YD-SH012,Silicone Point 紅,CAM / 上海穩昊,removable-prosthetics,impression-material,material,approved_rule,legacy_category_rule,,unmatched,false,,材料,材料,印模材料
CA-YD-SH013,Silicone Point 藍,CAM / 上海穩昊,removable-prosthetics,impression-material,material,approved_rule,legacy_category_rule,,unmatched,false,,材料,材料,印模材料
CA-YD-SH061S,樹脂磨頭 SH061S,CAM / 上海穩昊,lab-production,grinding-tool,consumable,approved_rule,legacy_category_rule,,unmatched,false,,耗材,耗材,磨石 / 研磨工具
CA-YD-SH062S,樹脂磨頭 SH062S,CAM / 上海穩昊,lab-production,grinding-tool,consumable,approved_rule,legacy_category_rule,,unmatched,false,,耗材,耗材,磨石 / 研磨工具
CA-YD-SH063S,樹脂磨頭 SH063S,CAM / 上海穩昊,lab-production,grinding-tool,consumable,approved_rule,legacy_category_rule,,unmatched,false,,耗材,耗材,磨石 / 研磨工具
CA-YD-TH0206,全瓷HP套裝(6支裝),CAM / 上海穩昊,other-review,kit-bundle,other_review,unresolved,researched_unresolved,,unmatched,true,ambiguous_legacy_category,工具,其他,套裝組
CA-YD-TH0301,氧化鋯磨石HP套裝,CAM / 上海穩昊,lab-production,grinding-tool,consumable,approved_rule,legacy_category_rule,,unmatched,false,,耗材,耗材,磨石 / 研磨工具
CA-YD-TH0302,全瓷HP套裝,CAM / 上海穩昊,other-review,kit-bundle,other_review,unresolved,researched_unresolved,,unmatched,true,ambiguous_legacy_category,工具,其他,套裝組
CA-YD-TH0502,聚合瓷拋光套裝(5支裝),CAM / 上海穩昊,other-review,kit-bundle,other_review,unresolved,researched_unresolved,,unmatched,true,ambiguous_legacy_category,工具,其他,套裝組
CA-YD-TH0901,氧化鋯磨石HP(9支),CAM / 上海穩昊,lab-production,grinding-tool,consumable,approved_rule,legacy_category_rule,,unmatched,false,,耗材,耗材,磨石 / 研磨工具
CA-YD-TH0902,全瓷HP套裝(9支裝),CAM / 上海穩昊,other-review,kit-bundle,other_review,unresolved,researched_unresolved,,unmatched,true,ambiguous_legacy_category,工具,其他,套裝組
CA-YD-TH7011,瓷嵌體/貼面套裝(7支裝),CAM / 上海穩昊,other-review,kit-bundle,other_review,unresolved,researched_unresolved,,unmatched,true,ambiguous_legacy_category,工具,其他,套裝組
CA-YD-TR0301,氧化鋯磨石RA套裝,CAM / 上海穩昊,lab-production,grinding-tool,consumable,approved_rule,legacy_category_rule,,unmatched,false,,耗材,耗材,磨石 / 研磨工具
CA-YD-TR0302,全瓷RA套裝,CAM / 上海穩昊,other-review,kit-bundle,other_review,unresolved,researched_unresolved,,unmatched,true,ambiguous_legacy_category,工具,其他,套裝組
CA-YD-TR0305,樹脂RA套裝,CAM / 上海穩昊,other-review,kit-bundle,other_review,unresolved,researched_unresolved,,unmatched,true,ambiguous_legacy_category,工具,其他,套裝組
CA-YD-TR0801,氧化鋯磨石RA,CAM / 上海穩昊,lab-production,grinding-tool,consumable,approved_rule,legacy_category_rule,,unmatched,false,,耗材,耗材,磨石 / 研磨工具
CAD-79051,CS.Neo 2 Pro 掃描機,CADstar,digital-manufacturing,scanner,equipment,approved_rule,legacy_category_rule,,unmatched,false,,設備,設備,掃描儀
CAD-79052,CS.Neo 2 Max 掃描機,CADstar,digital-manufacturing,scanner,equipment,approved_rule,legacy_category_rule,,unmatched,false,,設備,設備,掃描儀
CAD-79348,Modell Fixator Quick-Fix,CADstar,lab-production,grinding-tool,consumable,approved_rule,legacy_category_rule,,unmatched,false,,耗材,耗材,磨石 / 研磨工具
DB-001,Dentbird 牙科數位設計軟體,DENTBIRD,software-digital-service,design-software,software_license,approved_rule,legacy_category_rule,,unmatched,false,,軟體,軟體,設計軟體
DB-002,Dentbird 牙科數位設計軟體試用,DENTBIRD,software-digital-service,design-software,software_license,approved_rule,legacy_category_rule,,unmatched,false,,軟體,軟體,設計軟體
DK-01,KDF Accel-21電腦瓷爐,DENKEN,lab-equipment,ceramic-furnace,equipment,approved_rule,legacy_category_rule,,unmatched,false,,設備,設備,瓷爐
DK-01-01,Accel-21瓷爐 燒付台,DENKEN,lab-equipment,ceramic-furnace,equipment,approved_rule,legacy_category_rule,,unmatched,false,,設備,設備,瓷爐
DK-01-02,Accel-21 瓷爐爐心(無感溫棒),DENKEN,lab-equipment,ceramic-furnace,equipment,approved_rule,legacy_category_rule,,unmatched,false,,設備,設備,瓷爐
DK-01-03,瓷爐-燒附盤,DENKEN,lab-equipment,ceramic-furnace,equipment,approved_rule,legacy_category_rule,,unmatched,false,,設備,設備,瓷爐
DK-01-04,KDF 120程式瓷爐爐心(無感溫棒),DENKEN,lab-equipment,ceramic-furnace,equipment,approved_rule,legacy_category_rule,,unmatched,false,,設備,設備,瓷爐
DK-01-05,Accel-21電腦瓷爐(中古),DENKEN,lab-equipment,ceramic-furnace,equipment,approved_rule,legacy_category_rule,,unmatched,false,,設備,設備,瓷爐
DK-02,KDF ES7S 除臭機,DENKEN,lab-equipment,ceramic-furnace,equipment,approved_rule,legacy_category_rule,,unmatched,false,,設備,設備,瓷爐
DK-02-1,除臭機-除臭片,DENKEN,lab-equipment,equipment-accessory,accessory,needs_review,researched_unresolved,,unmatched,true,ambiguous_legacy_category,配件,耗材,設備配件
DK-03,Super Cascom,DENKEN,lab-production,casting-pressing-equipment,equipment,approved_rule,legacy_category_rule,,unmatched,false,,設備,設備,壓鑄 / 鑄造機
DK-03-01,Super Cascom 爐心,DENKEN,lab-production,casting-pressing-equipment,equipment,approved_rule,legacy_category_rule,,unmatched,false,,設備,設備,壓鑄 / 鑄造機
DK-04,KDF CASCOM 鑄造機,DENKEN,lab-equipment,ceramic-furnace,equipment,approved_rule,legacy_category_rule,,unmatched,false,,設備,設備,瓷爐
DK-04-01,Carbon Crucible 碳坩堝,DENKEN,lab-equipment,equipment-accessory,accessory,approved_rule,researched_sku_rule,,unmatched,false,,配件,耗材,設備配件
DK-04-01-1,Carbon Washer 坩堝墊片,DENKEN,lab-equipment,equipment-accessory,accessory,approved_rule,researched_sku_rule,,unmatched,false,,配件,耗材,設備配件
DK-04-02,Ceramic Crucible 陶瓷坩堝,DENKEN,lab-equipment,equipment-accessory,accessory,approved_rule,researched_sku_rule,,unmatched,false,,配件,耗材,設備配件
DK-04-03,Cascom 爐心,DENKEN,lab-equipment,furnace-accessory,accessory,approved_rule,legacy_category_rule,,unmatched,false,,配件,耗材,爐具配件
DK-04-F1,Cascom Former F1 底座,DENKEN,lab-equipment,equipment-accessory,accessory,approved_rule,researched_sku_rule,,unmatched,false,,配件,耗材,設備配件
DK-04-F2,Cascom Former F2 底座,DENKEN,lab-equipment,equipment-accessory,accessory,approved_rule,researched_sku_rule,,unmatched,false,,配件,耗材,設備配件
DK-04-F3,Cascom Former F3 底座,DENKEN,lab-equipment,equipment-accessory,accessory,approved_rule,researched_sku_rule,,unmatched,false,,配件,耗材,設備配件
DK-04-F4,Cascom Former F4 底座,DENKEN,lab-equipment,equipment-accessory,accessory,approved_rule,researched_sku_rule,,unmatched,false,,配件,耗材,設備配件
DK-04-R1,Cascom Casting Ring R1 鐵圈,DENKEN,lab-equipment,equipment-accessory,accessory,approved_rule,researched_sku_rule,,unmatched,false,,配件,耗材,設備配件
DK-04-R2,Cascom Ring R2 鐵圈(43mm),DENKEN,lab-equipment,equipment-accessory,accessory,approved_rule,researched_sku_rule,,unmatched,false,,配件,耗材,設備配件
DK-04-R3,Cascom Ring R3 鐵圈(60mm),DENKEN,lab-equipment,equipment-accessory,accessory,approved_rule,researched_sku_rule,,unmatched,false,,配件,耗材,設備配件
DK-04-R4,Cascom Casting Ring R4 鐵圈,DENKEN,lab-equipment,equipment-accessory,accessory,approved_rule,researched_sku_rule,,unmatched,false,,配件,耗材,設備配件
DK-05,KDF 120程式電腦瓷爐,DENKEN,lab-equipment,ceramic-furnace,equipment,approved_rule,legacy_category_rule,,unmatched,false,,設備,設備,瓷爐
DK-05-01,KDF 120程式瓷爐 (中古),DENKEN,lab-equipment,ceramic-furnace,equipment,approved_rule,legacy_category_rule,,unmatched,false,,設備,設備,瓷爐
DK-05-02,KDF 12程式瓷爐 (中古),DENKEN,lab-equipment,ceramic-furnace,equipment,approved_rule,legacy_category_rule,,unmatched,false,,設備,設備,瓷爐
DK-06,KDF 88半自動瓷爐,DENKEN,lab-equipment,ceramic-furnace,equipment,approved_rule,legacy_category_rule,,unmatched,false,,設備,設備,瓷爐
DK-07,Super Cascom 鑄造機 (2223G),DENKEN,lab-production,casting-pressing-equipment,equipment,approved_rule,legacy_category_rule,,unmatched,false,,設備,設備,壓鑄 / 鑄造機
DK-08-01,Super Cascom 專用碳坩堝,DENKEN,lab-production,casting-pressing-equipment,equipment,approved_rule,legacy_category_rule,,unmatched,false,,設備,設備,壓鑄 / 鑄造機
DK-08-02,Super Cascom 專用陶瓷坩堝,DENKEN,lab-production,casting-pressing-equipment,equipment,approved_rule,legacy_category_rule,,unmatched,false,,設備,設備,壓鑄 / 鑄造機
DK-09,Neo Super Cascom 鑄造機,DENKEN,lab-production,casting-pressing-equipment,equipment,approved_rule,legacy_category_rule,,unmatched,false,,設備,設備,壓鑄 / 鑄造機
DK-10,Neo Super Cascom-電磁閥,DENKEN,lab-production,casting-pressing-equipment,equipment,approved_rule,legacy_category_rule,,unmatched,false,,設備,設備,壓鑄 / 鑄造機
DK-11-1,Neo Super Cascom 碳坩堝,DENKEN,lab-production,casting-pressing-equipment,equipment,approved_rule,legacy_category_rule,,unmatched,false,,設備,設備,壓鑄 / 鑄造機
DK-11-2,Neo Super Cascom 陶瓷坩堝,DENKEN,lab-production,casting-pressing-equipment,equipment,approved_rule,legacy_category_rule,,unmatched,false,,設備,設備,壓鑄 / 鑄造機
DK-11-3,Neo Super Cascom 坩鍋座,DENKEN,lab-production,casting-pressing-equipment,equipment,approved_rule,legacy_category_rule,,unmatched,false,,設備,設備,壓鑄 / 鑄造機
DK-12-R5,Neo Super Cascom 鐵圈R5(ψ43),DENKEN,lab-production,casting-pressing-equipment,equipment,approved_rule,legacy_category_rule,,unmatched,false,,設備,設備,壓鑄 / 鑄造機
DK-12-R6,Neo Super Cascom 鐵圈R6(ψ60),DENKEN,lab-production,casting-pressing-equipment,equipment,approved_rule,legacy_category_rule,,unmatched,false,,設備,設備,壓鑄 / 鑄造機
DK-12-R7,Neo Super Cascom 鐵圈R7,DENKEN,lab-production,casting-pressing-equipment,equipment,approved_rule,legacy_category_rule,,unmatched,false,,設備,設備,壓鑄 / 鑄造機
DK-12-R8,Neo Super Cascom 鐵圈R8,DENKEN,lab-production,casting-pressing-equipment,equipment,approved_rule,legacy_category_rule,,unmatched,false,,設備,設備,壓鑄 / 鑄造機
DK-13-SF43,Neo Super Cascom 底座SF43(ψ43),DENKEN,lab-production,casting-pressing-equipment,equipment,approved_rule,legacy_category_rule,,unmatched,false,,設備,設備,壓鑄 / 鑄造機
DK-13-SF60,Neo Super Cascom 底座SF60(ψ60),DENKEN,lab-production,casting-pressing-equipment,equipment,approved_rule,legacy_category_rule,,unmatched,false,,設備,設備,壓鑄 / 鑄造機
DK-13-SF76,Cascom SE 底座SF76,DENKEN,lab-equipment,equipment-accessory,accessory,approved_rule,researched_sku_rule,,unmatched,false,,配件,耗材,設備配件
DK-13-SF90,Cascom SE 底座SF90,DENKEN,lab-equipment,equipment-accessory,accessory,approved_rule,researched_sku_rule,,unmatched,false,,配件,耗材,設備配件
DK-14,KDF 007 RING烤箱,DENKEN,lab-equipment,ceramic-furnace,equipment,approved_rule,legacy_category_rule,,unmatched,false,,設備,設備,瓷爐
DK-14-1,KDF 008 PLUS 2223GTT 烤箱,DENKEN,lab-equipment,ceramic-furnace,equipment,approved_rule,legacy_category_rule,,unmatched,false,,設備,設備,瓷爐
DK-15,KDF ES71除臭機(大),DENKEN,lab-equipment,ceramic-furnace,equipment,approved_rule,legacy_category_rule,,unmatched,false,,設備,設備,瓷爐
DK-16-19,View Glass 視窗玻璃,DENKEN,lab-equipment,equipment-accessory,accessory,approved_rule,researched_sku_rule,,unmatched,false,,配件,耗材,設備配件
DK-16-PF82,Neo Super Cascom 橡膠底座PF82,DENKEN,lab-production,casting-pressing-equipment,equipment,approved_rule,legacy_category_rule,,unmatched,false,,設備,設備,壓鑄 / 鑄造機
DK-16-PF92,Neo Super Cascom 橡膠底座PF92,DENKEN,lab-production,casting-pressing-equipment,equipment,approved_rule,legacy_category_rule,,unmatched,false,,設備,設備,壓鑄 / 鑄造機
DK-16-PR82,Neo Super Cascom 塑膠圈PR82,DENKEN,lab-production,casting-pressing-equipment,equipment,approved_rule,legacy_category_rule,,unmatched,false,,設備,設備,壓鑄 / 鑄造機
DK-16-PR92,Neo Super Cascom 塑膠圈PR92,DENKEN,lab-production,casting-pressing-equipment,equipment,approved_rule,legacy_category_rule,,unmatched,false,,設備,設備,壓鑄 / 鑄造機
DK-17,Neo Super Cascom 塑膠鑄造嘴,DENKEN,lab-production,casting-pressing-equipment,equipment,approved_rule,legacy_category_rule,,unmatched,false,,設備,設備,壓鑄 / 鑄造機
DK-18,助熔劑,DENKEN,lab-equipment,equipment-accessory,accessory,needs_review,researched_unresolved,,unmatched,true,ambiguous_legacy_category,配件,耗材,設備配件
DK-20,KDF Master Plus 電腦瓷爐,DENKEN,lab-equipment,ceramic-furnace,equipment,approved_rule,legacy_category_rule,,unmatched,false,,設備,設備,瓷爐
DK-20-01,KDF Master Plus 電腦瓷爐(中古),DENKEN,lab-equipment,ceramic-furnace,equipment,approved_rule,legacy_category_rule,,unmatched,false,,設備,設備,瓷爐
DK-21,Cascom SE 鑄造機,DENKEN,lab-production,casting-pressing-equipment,equipment,approved_rule,legacy_category_rule,,unmatched,false,,設備,設備,壓鑄 / 鑄造機
DK-22,Chiller 冷卻馬達 (HPC-20),DENKEN,lab-equipment,motor-handpiece,equipment,approved_rule,legacy_category_rule,,unmatched,false,,設備,設備,馬達 / 手機
DK-22-40,Chiller 冷卻馬達 (HPC-40),DENKEN,lab-equipment,motor-handpiece,equipment,approved_rule,legacy_category_rule,,unmatched,false,,設備,設備,馬達 / 手機
DK-23,Zircom Sintering Furnaces 強化爐,DENKEN,digital-manufacturing,sintering-furnace,equipment,approved_rule,legacy_category_rule,,unmatched,false,,設備,設備,燒結爐
DK-23-1,Zircom強化爐-燒付台,DENKEN,lab-equipment,furnace-accessory,accessory,approved_rule,legacy_category_rule,,unmatched,false,,配件,耗材,爐具配件
DK-24-1,Cascom SE 碳坩堝 S Size,DENKEN,lab-equipment,equipment-accessory,accessory,approved_rule,researched_sku_rule,,unmatched,false,,配件,耗材,設備配件
DK-24-2,Cascom SE 碳坩堝 L,DENKEN,lab-equipment,equipment-accessory,accessory,approved_rule,researched_sku_rule,,unmatched,false,,配件,耗材,設備配件
DK-24-3,Cascom SE 陶瓷坩堝,DENKEN,lab-equipment,equipment-accessory,accessory,approved_rule,researched_sku_rule,,unmatched,false,,配件,耗材,設備配件
DK-24-4,Cascom SE 陶瓷坩堝口,DENKEN,lab-equipment,equipment-accessory,accessory,approved_rule,researched_sku_rule,,unmatched,false,,配件,耗材,設備配件
DK-24-5,Cascom SE 坩堝基座,DENKEN,lab-equipment,equipment-accessory,accessory,approved_rule,researched_sku_rule,,unmatched,false,,配件,耗材,設備配件
DK-24-5-1,Cascom  坩堝基座,DENKEN,lab-equipment,equipment-accessory,accessory,approved_rule,researched_sku_rule,,unmatched,false,,配件,耗材,設備配件
DK-25,Cascom SE Crucible Stand 坩堝存放架,DENKEN,lab-equipment,equipment-accessory,accessory,approved_rule,researched_sku_rule,,unmatched,false,,配件,耗材,設備配件
DK-26,Coollant Fluid 冷卻液,DENKEN,lab-equipment,equipment-accessory,accessory,needs_review,researched_unresolved,,unmatched,true,ambiguous_legacy_category,配件,耗材,設備配件
DK-27,Cascom S 鑄造機,DENKEN,lab-production,casting-pressing-equipment,equipment,approved_rule,legacy_category_rule,,unmatched,false,,設備,設備,壓鑄 / 鑄造機
DK-28,Vacuum Pump (DDP-40),DENKEN,lab-equipment,other-equipment,equipment,approved_rule,researched_sku_rule,,unmatched,false,,設備,耗材,清潔 / 吸塵
DK-29,坩堝夾,DENKEN,lab-equipment,equipment-accessory,accessory,approved_rule,researched_sku_rule,,unmatched,false,,配件,耗材,設備配件
DK-30,工作桌,DENKEN,lab-equipment,equipment-accessory,accessory,needs_review,researched_unresolved,,unmatched,true,ambiguous_legacy_category,配件,耗材,設備配件
DK-31,Sintering Furnace Speed 強化爐,DENKEN,digital-manufacturing,sintering-furnace,equipment,approved_rule,legacy_category_rule,,unmatched,false,,設備,設備,燒結爐
DK-32,ZRCM-021203 normal firinf tray 燒付盤,DENKEN,lab-equipment,furnace-accessory,accessory,approved_rule,legacy_category_rule,,unmatched,false,,配件,耗材,爐具配件
DK-33,Wax Master II,DENKEN,lab-equipment,wax-equipment,equipment,approved_rule,researched_sku_rule,,unmatched,false,,配件,耗材,設備配件
DK-34,Blaster 噴砂機,DENKEN,lab-equipment,other-equipment,equipment,approved_rule,researched_sku_rule,,unmatched,false,,配件,耗材,設備配件
DK-35,Zircom HS 強化爐,DENKEN,digital-manufacturing,sintering-furnace,equipment,approved_rule,researched_sku_rule,,unmatched,false,,配件,耗材,設備配件
DK-DH-1,DH Print Provisional CB (type:A2),DENKEN,additive-manufacturing,print-resin,material,approved_rule,researched_sku_rule,,unmatched,false,,配件,耗材,設備配件
DK-DH-2,DH Print Cast,DENKEN,additive-manufacturing,print-resin,material,approved_rule,researched_sku_rule,,unmatched,false,,配件,耗材,設備配件
DK-DH-3,DH Print Model,DENKEN,additive-manufacturing,print-resin,material,approved_rule,researched_sku_rule,,unmatched,false,,配件,耗材,設備配件
DK-DH-4,DH Print Tray,DENKEN,additive-manufacturing,print-resin,material,approved_rule,verified_sku_rule,,unmatched,false,,配件,耗材,3D列印機配件
DK-ZRCM-020901,強化爐加熱棒組Heater,DENKEN,lab-equipment,furnace-accessory,accessory,approved_rule,legacy_category_rule,,unmatched,false,,配件,耗材,爐具配件
DK-ZRCM-020902,強化爐溫度開關,DENKEN,lab-equipment,equipment-accessory,accessory,approved_rule,researched_sku_rule,,unmatched,false,,配件,耗材,設備配件
DK-ZRCM-021001,強化爐感溫棒Thermocouple,DENKEN,lab-equipment,furnace-accessory,accessory,approved_rule,legacy_category_rule,,unmatched,false,,配件,耗材,爐具配件
DK-ZRCM-021102,強化爐Under Cooling Fan,DENKEN,lab-equipment,equipment-accessory,accessory,approved_rule,researched_sku_rule,,unmatched,false,,配件,耗材,設備配件
DK-ZRCM-021212,快速燒付盤 蓋子 Quick Firing Cover,DENKEN,lab-equipment,furnace-accessory,accessory,approved_rule,legacy_category_rule,,unmatched,false,,配件,耗材,爐具配件
DK-ZRCM-021213,快速燒付盤  Quick Firing Tray S,DENKEN,lab-equipment,furnace-accessory,accessory,approved_rule,legacy_category_rule,,unmatched,false,,配件,耗材,爐具配件
DK-ZRCM-021214,快速燒付盤架  Quick Firing Tray Stand,DENKEN,lab-equipment,furnace-accessory,accessory,approved_rule,legacy_category_rule,,unmatched,false,,配件,耗材,爐具配件
DK-ZRCM-021216,極速燒付盤蓋 High-Speed Firing Plate H,DENKEN,lab-equipment,furnace-accessory,accessory,approved_rule,legacy_category_rule,,unmatched,false,,配件,耗材,爐具配件
DK-ZRCM-021217,極速燒付盤 Firing Tray for High-Speed Sintering,DENKEN,digital-manufacturing,sintering-furnace,equipment,approved_rule,legacy_category_rule,,unmatched,false,,設備,設備,燒結爐
DK-ZRCM-021218,極速燒付架  Setter for High-Speed Sintering,DENKEN,digital-manufacturing,sintering-furnace,equipment,approved_rule,legacy_category_rule,,unmatched,false,,設備,設備,燒結爐
DKM-105201,Vacuum Pump (220V),Dekema,lab-equipment,furnace-accessory,accessory,approved_rule,researched_sku_rule,,unmatched,false,,設備,耗材,清潔 / 吸塵
DKM-106449,Austromat 220 電腦瓷爐(220V),Dekema,lab-equipment,ceramic-furnace,equipment,approved_rule,legacy_category_rule,,unmatched,false,,設備,設備,瓷爐
DOF-001,3D Scanner,DOF,digital-manufacturing,scanner,equipment,approved_rule,legacy_category_rule,,unmatched,false,,設備,設備,掃描儀
DP-03-01,Vacum Pump DDP 40,DENKEN,lab-equipment,other-equipment,equipment,approved_rule,researched_sku_rule,,unmatched,false,,設備,耗材,清潔 / 吸塵
DSD-01,Matchmaker Body 專用液/200ml,Davis Schottlander,fixed-restorative,ceramic-material,material,approved_rule,legacy_category_rule,,unmatched,false,,材料,材料,瓷粉 / 陶瓷
DSD-01-1,Matchmaker Body Plus 專用液/200ml,Davis Schottlander,fixed-restorative,ceramic-material,material,approved_rule,legacy_category_rule,,unmatched,false,,材料,材料,瓷粉 / 陶瓷
DSD-02,Matchmaker Opaque專用液/200ml,Davis Schottlander,fixed-restorative,ceramic-material,material,approved_rule,legacy_category_rule,,unmatched,false,,材料,材料,瓷粉 / 陶瓷
DSD-03,Propaque Brush 普羅筆,Davis Schottlander,fixed-restorative,ceramic-material,material,approved_rule,legacy_category_rule,,unmatched,false,,材料,材料,瓷粉 / 陶瓷
DSD-04,Matchmaker Glaze Powder 釉粉/10g,Davis Schottlander,color-characterization,glaze-material,material,approved_rule,legacy_category_rule,,unmatched,false,,藥液,染液色料,釉材
DSD-0438,Matchmaker MC Pontic Fill(15g),Davis Schottlander,fixed-restorative,ceramic-material,material,approved_rule,legacy_category_rule,,unmatched,false,,材料,材料,瓷粉 / 陶瓷
DSD-05,Matchmaker Glaze Liquid 釉水/15ml,Davis Schottlander,color-characterization,glaze-material,material,approved_rule,legacy_category_rule,,unmatched,false,,藥液,染液色料,釉材
DSD-06-1,Enigma 塑鋼牙前齒 A2,Davis Schottlander,removable-prosthetics,acrylic-teeth,material,approved_rule,legacy_category_rule,,unmatched,false,,材料,材料,塑鋼牙
DSD-06-2,Enigma 塑鋼牙前齒 A3,Davis Schottlander,removable-prosthetics,acrylic-teeth,material,approved_rule,legacy_category_rule,,unmatched,false,,材料,材料,塑鋼牙
DSD-07-1,Enigma 塑鋼牙臼齒 A2,Davis Schottlander,removable-prosthetics,acrylic-teeth,material,approved_rule,legacy_category_rule,,unmatched,false,,材料,材料,塑鋼牙
DSD-07-2,Enigma 塑鋼牙臼齒 A3,Davis Schottlander,removable-prosthetics,acrylic-teeth,material,approved_rule,legacy_category_rule,,unmatched,false,,材料,材料,塑鋼牙
DSD-08,Isolating Solution 石膏分離劑/1 Litro,Davis Schottlander,lab-production,investment-gypsum,material,approved_rule,legacy_category_rule,,unmatched,false,,材料,材料,包埋 / 石膏
DSD-09,Re-Use Press Rod 壓鑄棒 2g,Davis Schottlander,lab-production,wax-pressing-material,material,approved_rule,legacy_category_rule,,unmatched,false,,材料,材料,蠟 / 壓鑄材
DSD-10,Disp Press 爐心內之壓鑄棒 5g,Davis Schottlander,lab-equipment,furnace-accessory,accessory,approved_rule,legacy_category_rule,,unmatched,false,,配件,耗材,爐具配件
DSD-11,Separating Pen 瓷粉分離筆,Davis Schottlander,fixed-restorative,ceramic-material,material,approved_rule,legacy_category_rule,,unmatched,false,,材料,材料,瓷粉 / 陶瓷
DSD-12,Mod Sealant 瓷粉分離劑/15ml,Davis Schottlander,fixed-restorative,ceramic-material,material,approved_rule,legacy_category_rule,,unmatched,false,,材料,材料,瓷粉 / 陶瓷
DSD-13-1,尼龍瓷筆 #A,Davis Schottlander,color-characterization,ceramic-brush,durable_tool,approved_rule,legacy_category_rule,,unmatched,false,,工具,輔助工具,瓷筆 / 刷具
DSD-13-2,尼龍瓷筆 #B,Davis Schottlander,color-characterization,ceramic-brush,durable_tool,approved_rule,legacy_category_rule,,unmatched,false,,工具,輔助工具,瓷筆 / 刷具
DSD-13-3,尼龍瓷筆 #C,Davis Schottlander,color-characterization,ceramic-brush,durable_tool,approved_rule,legacy_category_rule,,unmatched,false,,工具,輔助工具,瓷筆 / 刷具
DSD-14-1,PR Press Ring 100g,Davis Schottlander,lab-production,wax-pressing-material,material,approved_rule,legacy_category_rule,,unmatched,false,,材料,材料,蠟 / 壓鑄材
DSD-14-2,PR Press Ring 200g,Davis Schottlander,lab-production,wax-pressing-material,material,approved_rule,legacy_category_rule,,unmatched,false,,材料,材料,蠟 / 壓鑄材
DSD-15,PR Tens Rel 除泡劑 125ml,Davis Schottlander,lab-production,process-liquid,consumable,approved_rule,legacy_category_rule,,unmatched,false,,藥液,輔助工具,專用液 / 藥劑
DSD-17,DSD Excel 太空金屬,Davis Schottlander,fixed-restorative,metal-material,material,approved_rule,legacy_category_rule,,unmatched,false,,材料,材料,金屬材料
DSD-18,M-K Modelling Liquid (200ml),Davis Schottlander,lab-production,process-liquid,consumable,approved_rule,legacy_category_rule,,unmatched,false,,藥液,輔助工具,專用液 / 藥劑
DSD-19,Matchmaker MC A3 Kit,Davis Schottlander,fixed-restorative,ceramic-material,material,approved_rule,legacy_category_rule,,unmatched,false,,材料,材料,瓷粉 / 陶瓷
DSD-20,鎢鋼#LBC-51(509201),Davis Schottlander,lab-production,bur-drill,consumable,approved_rule,legacy_category_rule,,unmatched,false,,耗材,耗材,車針 / 鑽針
DSD-21,鎢鋼#LBC-52(509001),Davis Schottlander,lab-production,bur-drill,consumable,approved_rule,legacy_category_rule,,unmatched,false,,耗材,耗材,車針 / 鑽針
DSD-22,鎢鋼#LBC-15(302602),Davis Schottlander,lab-production,bur-drill,consumable,approved_rule,legacy_category_rule,,unmatched,false,,耗材,耗材,車針 / 鑽針
DSD-30,Agar 翻印材(5kg),Davis Schottlander,removable-prosthetics,impression-material,material,approved_rule,legacy_category_rule,,unmatched,false,,材料,材料,印模材料
DSD-31,Flixisil Dupl Silicon (2瓶/1kg),Davis Schottlander,removable-prosthetics,impression-material,material,approved_rule,legacy_category_rule,,unmatched,false,,材料,材料,印模材料
DSD-A1-D36,Enigma 塑鋼牙前齒 A1-D36,Davis Schottlander,removable-prosthetics,acrylic-teeth,material,approved_rule,legacy_category_rule,DSD-ENIGMA,exact_unique,false,,材料,材料,塑鋼牙
DSD-A1-D66,Enigma 塑鋼牙前齒 A1-D66,Davis Schottlander,removable-prosthetics,acrylic-teeth,material,approved_rule,legacy_category_rule,DSD-ENIGMA,exact_unique,false,,材料,材料,塑鋼牙
DSD-A1-K21,Enigma 塑鋼牙前齒 A1-K21,Davis Schottlander,removable-prosthetics,acrylic-teeth,material,approved_rule,legacy_category_rule,DSD-ENIGMA,exact_unique,false,,材料,材料,塑鋼牙
DSD-A1-K22,Enigma 塑鋼牙前齒 A1-K22,Davis Schottlander,removable-prosthetics,acrylic-teeth,material,approved_rule,legacy_category_rule,DSD-ENIGMA,exact_unique,false,,材料,材料,塑鋼牙
DSD-A1-K24B,Enigma 塑鋼牙前齒 A1-K24B,Davis Schottlander,removable-prosthetics,acrylic-teeth,material,approved_rule,legacy_category_rule,DSD-ENIGMA,exact_unique,false,,材料,材料,塑鋼牙
DSD-A1-K25,Enigma 塑鋼牙前齒 A1-K25,Davis Schottlander,removable-prosthetics,acrylic-teeth,material,approved_rule,legacy_category_rule,DSD-ENIGMA,exact_unique,false,,材料,材料,塑鋼牙
DSD-A1-K41,Enigma 塑鋼牙前齒 A1-K41,Davis Schottlander,removable-prosthetics,acrylic-teeth,material,approved_rule,legacy_category_rule,DSD-ENIGMA,exact_unique,false,,材料,材料,塑鋼牙
DSD-A1-K42,Enigma 塑鋼牙前齒 A1-K42,Davis Schottlander,removable-prosthetics,acrylic-teeth,material,approved_rule,legacy_category_rule,DSD-ENIGMA,exact_unique,false,,材料,材料,塑鋼牙
DSD-A1-L3,Enigma 塑鋼牙前齒 A1-L3,Davis Schottlander,removable-prosthetics,acrylic-teeth,material,approved_rule,legacy_category_rule,DSD-ENIGMA,exact_unique,false,,材料,材料,塑鋼牙
DSD-A1-L4,Enigma 塑鋼牙前齒 A1-L4,Davis Schottlander,removable-prosthetics,acrylic-teeth,material,approved_rule,legacy_category_rule,DSD-ENIGMA,exact_unique,false,,材料,材料,塑鋼牙
DSD-A1-L5,Enigma 塑鋼牙前齒 A1-L5,Davis Schottlander,removable-prosthetics,acrylic-teeth,material,approved_rule,legacy_category_rule,DSD-ENIGMA,exact_unique,false,,材料,材料,塑鋼牙
DSD-A1-L6,Enigma 塑鋼牙前齒 A1-L6,Davis Schottlander,removable-prosthetics,acrylic-teeth,material,approved_rule,legacy_category_rule,DSD-ENIGMA,exact_unique,false,,材料,材料,塑鋼牙
DSD-A1-L7,Enigma 塑鋼牙前齒 A1-L7,Davis Schottlander,removable-prosthetics,acrylic-teeth,material,approved_rule,legacy_category_rule,DSD-ENIGMA,exact_unique,false,,材料,材料,塑鋼牙
DSD-A1-L8,Enigma 塑鋼牙前齒 A1-L8,Davis Schottlander,removable-prosthetics,acrylic-teeth,material,approved_rule,legacy_category_rule,DSD-ENIGMA,exact_unique,false,,材料,材料,塑鋼牙
DSD-A1-L9,Enigma 塑鋼牙前齒 A1-L9,Davis Schottlander,removable-prosthetics,acrylic-teeth,material,approved_rule,legacy_category_rule,DSD-ENIGMA,exact_unique,false,,材料,材料,塑鋼牙
DSD-A1-O32,Enigma 塑鋼牙前齒 A1-O32,Davis Schottlander,removable-prosthetics,acrylic-teeth,material,approved_rule,legacy_category_rule,DSD-ENIGMA,exact_unique,false,,材料,材料,塑鋼牙
DSD-A1-O34,Enigma 塑鋼牙前齒 A1-O34,Davis Schottlander,removable-prosthetics,acrylic-teeth,material,approved_rule,legacy_category_rule,DSD-ENIGMA,exact_unique,false,,材料,材料,塑鋼牙
DSD-A1-O36,Enigma 塑鋼牙前齒 A1-O36,Davis Schottlander,removable-prosthetics,acrylic-teeth,material,approved_rule,legacy_category_rule,DSD-ENIGMA,exact_unique,false,,材料,材料,塑鋼牙
DSD-A1-P2,Enigma 塑鋼牙臼齒 A1-P2,Davis Schottlander,removable-prosthetics,acrylic-teeth,material,approved_rule,legacy_category_rule,DSD-ENIGMA,exact_unique,false,,材料,材料,塑鋼牙
DSD-A1-P3,Enigma 塑鋼牙臼齒 A1-P3,Davis Schottlander,removable-prosthetics,acrylic-teeth,material,approved_rule,legacy_category_rule,DSD-ENIGMA,exact_unique,false,,材料,材料,塑鋼牙
DSD-A1-P4,Enigma 塑鋼牙臼齒 A1-P4,Davis Schottlander,removable-prosthetics,acrylic-teeth,material,approved_rule,legacy_category_rule,DSD-ENIGMA,exact_unique,false,,材料,材料,塑鋼牙
DSD-A1-P5,Enigma 塑鋼牙臼齒 A1-P5,Davis Schottlander,removable-prosthetics,acrylic-teeth,material,approved_rule,legacy_category_rule,DSD-ENIGMA,exact_unique,false,,材料,材料,塑鋼牙
DSD-A1-P6,Enigma 塑鋼牙臼齒 A1-P6,Davis Schottlander,removable-prosthetics,acrylic-teeth,material,approved_rule,legacy_category_rule,DSD-ENIGMA,exact_unique,false,,材料,材料,塑鋼牙
DSD-A1-S13,Enigma 塑鋼牙前齒 A1-S13,Davis Schottlander,removable-prosthetics,acrylic-teeth,material,approved_rule,legacy_category_rule,DSD-ENIGMA,exact_unique,false,,材料,材料,塑鋼牙
DSD-A1-S14,Enigma 塑鋼牙前齒 A1-S14,Davis Schottlander,removable-prosthetics,acrylic-teeth,material,approved_rule,legacy_category_rule,DSD-ENIGMA,exact_unique,false,,材料,材料,塑鋼牙
DSD-A1-S17,Enigma 塑鋼牙前齒 A1-S17,Davis Schottlander,removable-prosthetics,acrylic-teeth,material,approved_rule,legacy_category_rule,DSD-ENIGMA,exact_unique,false,,材料,材料,塑鋼牙
DSD-A2,Enigma A2前齒綜合(27排),Davis Schottlander,fixed-restorative,ceramic-material,material,approved_rule,legacy_category_rule,,unmatched,false,,材料,材料,瓷粉 / 陶瓷
DSD-A2-D36,Enigma 塑鋼牙前齒 A2-D36,Davis Schottlander,removable-prosthetics,acrylic-teeth,material,approved_rule,legacy_category_rule,DSD-ENIGMA,exact_unique,false,,材料,材料,塑鋼牙
DSD-A2-D56,Enigma 塑鋼牙前齒 A2-D56,Davis Schottlander,removable-prosthetics,acrylic-teeth,material,approved_rule,legacy_category_rule,DSD-ENIGMA,exact_unique,false,,材料,材料,塑鋼牙
DSD-A2-D66,Enigma 塑鋼牙前齒 A2-D66,Davis Schottlander,removable-prosthetics,acrylic-teeth,material,approved_rule,legacy_category_rule,DSD-ENIGMA,exact_unique,false,,材料,材料,塑鋼牙
DSD-A2-D67,Enigma 塑鋼牙前齒 A2-D67,Davis Schottlander,removable-prosthetics,acrylic-teeth,material,approved_rule,legacy_category_rule,DSD-ENIGMA,exact_unique,false,,材料,材料,塑鋼牙
DSD-A2-D76,Enigma 塑鋼牙前齒 A2-D76,Davis Schottlander,removable-prosthetics,acrylic-teeth,material,approved_rule,legacy_category_rule,DSD-ENIGMA,exact_unique,false,,材料,材料,塑鋼牙
DSD-A2-D77,Enigma 塑鋼牙前齒 A2-D77,Davis Schottlander,removable-prosthetics,acrylic-teeth,material,approved_rule,legacy_category_rule,DSD-ENIGMA,exact_unique,false,,材料,材料,塑鋼牙
DSD-A2-D88,Enigma 塑鋼牙前齒 A2-D88,Davis Schottlander,removable-prosthetics,acrylic-teeth,material,approved_rule,legacy_category_rule,DSD-ENIGMA,exact_unique,false,,材料,材料,塑鋼牙
DSD-A2-D99,Enigma 塑鋼牙前齒 A2-D99,Davis Schottlander,removable-prosthetics,acrylic-teeth,material,approved_rule,legacy_category_rule,DSD-ENIGMA,exact_unique,false,,材料,材料,塑鋼牙
DSD-A2-K21,Enigma 塑鋼牙前齒 A2-K21,Davis Schottlander,removable-prosthetics,acrylic-teeth,material,approved_rule,legacy_category_rule,DSD-ENIGMA,exact_unique,false,,材料,材料,塑鋼牙
DSD-A2-K22,Enigma 塑鋼牙前齒 A2-K22,Davis Schottlander,removable-prosthetics,acrylic-teeth,material,approved_rule,legacy_category_rule,DSD-ENIGMA,exact_unique,false,,材料,材料,塑鋼牙
DSD-A2-K24B,Enigma 塑鋼牙前齒 A2-K24B,Davis Schottlander,removable-prosthetics,acrylic-teeth,material,approved_rule,legacy_category_rule,DSD-ENIGMA,exact_unique,false,,材料,材料,塑鋼牙
DSD-A2-K25,Enigma 塑鋼牙前齒 A2-K25,Davis Schottlander,removable-prosthetics,acrylic-teeth,material,approved_rule,legacy_category_rule,DSD-ENIGMA,exact_unique,false,,材料,材料,塑鋼牙
DSD-A2-K27,Enigma 塑鋼牙前齒 A2-K27,Davis Schottlander,removable-prosthetics,acrylic-teeth,material,approved_rule,legacy_category_rule,DSD-ENIGMA,exact_unique,false,,材料,材料,塑鋼牙
DSD-A2-K41,Enigma 塑鋼牙前齒 A2-K41,Davis Schottlander,removable-prosthetics,acrylic-teeth,material,approved_rule,legacy_category_rule,DSD-ENIGMA,exact_unique,false,,材料,材料,塑鋼牙
DSD-A2-K42,Enigma 塑鋼牙前齒 A2-K42,Davis Schottlander,removable-prosthetics,acrylic-teeth,material,approved_rule,legacy_category_rule,DSD-ENIGMA,exact_unique,false,,材料,材料,塑鋼牙
DSD-A2-L3,Enigma 塑鋼牙前齒 A2-L3,Davis Schottlander,removable-prosthetics,acrylic-teeth,material,approved_rule,legacy_category_rule,DSD-ENIGMA,exact_unique,false,,材料,材料,塑鋼牙
DSD-A2-L4,Enigma 塑鋼牙前齒 A2-L4,Davis Schottlander,removable-prosthetics,acrylic-teeth,material,approved_rule,legacy_category_rule,DSD-ENIGMA,exact_unique,false,,材料,材料,塑鋼牙
DSD-A2-L5,Enigma 塑鋼牙前齒 A2-L5,Davis Schottlander,removable-prosthetics,acrylic-teeth,material,approved_rule,legacy_category_rule,DSD-ENIGMA,exact_unique,false,,材料,材料,塑鋼牙
DSD-A2-L6,Enigma 塑鋼牙前齒 A2-L6,Davis Schottlander,removable-prosthetics,acrylic-teeth,material,approved_rule,legacy_category_rule,DSD-ENIGMA,exact_unique,false,,材料,材料,塑鋼牙
DSD-A2-L7,Enigma 塑鋼牙前齒 A2-L7,Davis Schottlander,removable-prosthetics,acrylic-teeth,material,approved_rule,legacy_category_rule,DSD-ENIGMA,exact_unique,false,,材料,材料,塑鋼牙
DSD-A2-L8,Enigma 塑鋼牙前齒 A2-L8,Davis Schottlander,removable-prosthetics,acrylic-teeth,material,approved_rule,legacy_category_rule,DSD-ENIGMA,exact_unique,false,,材料,材料,塑鋼牙
DSD-A2-L9,Enigma 塑鋼牙前齒 A2-L9,Davis Schottlander,removable-prosthetics,acrylic-teeth,material,approved_rule,legacy_category_rule,DSD-ENIGMA,exact_unique,false,,材料,材料,塑鋼牙
DSD-A2-O31,Enigma 塑鋼牙前齒 A2-O31,Davis Schottlander,removable-prosthetics,acrylic-teeth,material,approved_rule,legacy_category_rule,DSD-ENIGMA,exact_unique,false,,材料,材料,塑鋼牙
DSD-A2-O32,Enigma 塑鋼牙前齒 A2-O32,Davis Schottlander,removable-prosthetics,acrylic-teeth,material,approved_rule,legacy_category_rule,DSD-ENIGMA,exact_unique,false,,材料,材料,塑鋼牙
DSD-A2-O34,Enigma 塑鋼牙前齒 A2-O34,Davis Schottlander,removable-prosthetics,acrylic-teeth,material,approved_rule,legacy_category_rule,DSD-ENIGMA,exact_unique,false,,材料,材料,塑鋼牙
DSD-A2-O36,Enigma 塑鋼牙前齒 A2-O36,Davis Schottlander,removable-prosthetics,acrylic-teeth,material,approved_rule,legacy_category_rule,DSD-ENIGMA,exact_unique,false,,材料,材料,塑鋼牙
DSD-A2-O54,Enigma 塑鋼牙前齒 A2-O54,Davis Schottlander,removable-prosthetics,acrylic-teeth,material,approved_rule,legacy_category_rule,DSD-ENIGMA,exact_unique,false,,材料,材料,塑鋼牙
DSD-A2-P2,Enigma 塑鋼牙臼齒 A2-P2,Davis Schottlander,removable-prosthetics,acrylic-teeth,material,approved_rule,legacy_category_rule,DSD-ENIGMA,exact_unique,false,,材料,材料,塑鋼牙
DSD-A2-P2L,Enigma 塑鋼牙臼齒 A2-P2下,Davis Schottlander,removable-prosthetics,acrylic-teeth,material,approved_rule,legacy_category_rule,DSD-ENIGMA,exact_unique,false,,材料,材料,塑鋼牙
DSD-A2-P2U,Enigma 塑鋼牙臼齒 A2-P2上,Davis Schottlander,removable-prosthetics,acrylic-teeth,material,approved_rule,legacy_category_rule,DSD-ENIGMA,exact_unique,false,,材料,材料,塑鋼牙
DSD-A2-P3,Enigma 塑鋼牙臼齒 A2-P3,Davis Schottlander,removable-prosthetics,acrylic-teeth,material,approved_rule,legacy_category_rule,DSD-ENIGMA,exact_unique,false,,材料,材料,塑鋼牙
DSD-A2-P3L,Enigma 塑鋼牙臼齒 A2-P3下,Davis Schottlander,removable-prosthetics,acrylic-teeth,material,approved_rule,legacy_category_rule,DSD-ENIGMA,exact_unique,false,,材料,材料,塑鋼牙
DSD-A2-P3U,Enigma 塑鋼牙臼齒 A2-P3上,Davis Schottlander,removable-prosthetics,acrylic-teeth,material,approved_rule,legacy_category_rule,DSD-ENIGMA,exact_unique,false,,材料,材料,塑鋼牙
DSD-A2-P4,Enigma 塑鋼牙臼齒 A2-P4,Davis Schottlander,removable-prosthetics,acrylic-teeth,material,approved_rule,legacy_category_rule,DSD-ENIGMA,exact_unique,false,,材料,材料,塑鋼牙
DSD-A2-P4L,Enigma 塑鋼牙臼齒 A2-P4下,Davis Schottlander,removable-prosthetics,acrylic-teeth,material,approved_rule,legacy_category_rule,DSD-ENIGMA,exact_unique,false,,材料,材料,塑鋼牙
DSD-A2-P4U,Enigma 塑鋼牙臼齒 A2-P4上,Davis Schottlander,removable-prosthetics,acrylic-teeth,material,approved_rule,legacy_category_rule,DSD-ENIGMA,exact_unique,false,,材料,材料,塑鋼牙
DSD-A2-P5,Enigma 塑鋼牙臼齒 A2-P5,Davis Schottlander,removable-prosthetics,acrylic-teeth,material,approved_rule,legacy_category_rule,DSD-ENIGMA,exact_unique,false,,材料,材料,塑鋼牙
DSD-A2-P5L,Enigma 塑鋼牙臼齒 A2-P5下,Davis Schottlander,removable-prosthetics,acrylic-teeth,material,approved_rule,legacy_category_rule,DSD-ENIGMA,exact_unique,false,,材料,材料,塑鋼牙
DSD-A2-P5U,Enigma 塑鋼牙臼齒 A2-P5上,Davis Schottlander,removable-prosthetics,acrylic-teeth,material,approved_rule,legacy_category_rule,DSD-ENIGMA,exact_unique,false,,材料,材料,塑鋼牙
DSD-A2-P6,Enigma 塑鋼牙臼齒 A2-P6,Davis Schottlander,removable-prosthetics,acrylic-teeth,material,approved_rule,legacy_category_rule,DSD-ENIGMA,exact_unique,false,,材料,材料,塑鋼牙
DSD-A2-P6L,Enigma 塑鋼牙臼齒 A2-P6下,Davis Schottlander,removable-prosthetics,acrylic-teeth,material,approved_rule,legacy_category_rule,DSD-ENIGMA,exact_unique,false,,材料,材料,塑鋼牙
DSD-A2-P6U,Enigma 塑鋼牙臼齒 A2-P6上,Davis Schottlander,removable-prosthetics,acrylic-teeth,material,approved_rule,legacy_category_rule,DSD-ENIGMA,exact_unique,false,,材料,材料,塑鋼牙
DSD-A2-S11,Enigma 塑鋼牙前齒 A2-S11,Davis Schottlander,removable-prosthetics,acrylic-teeth,material,approved_rule,legacy_category_rule,DSD-ENIGMA,exact_unique,false,,材料,材料,塑鋼牙
DSD-A2-S12,Enigma 塑鋼牙前齒 A2-S12,Davis Schottlander,removable-prosthetics,acrylic-teeth,material,approved_rule,legacy_category_rule,DSD-ENIGMA,exact_unique,false,,材料,材料,塑鋼牙
DSD-A2-S13,Enigma 塑鋼牙前齒 A2-S13,Davis Schottlander,removable-prosthetics,acrylic-teeth,material,approved_rule,legacy_category_rule,DSD-ENIGMA,exact_unique,false,,材料,材料,塑鋼牙
DSD-A2-S14,Enigma 塑鋼牙前齒 A2-S14,Davis Schottlander,removable-prosthetics,acrylic-teeth,material,approved_rule,legacy_category_rule,DSD-ENIGMA,exact_unique,false,,材料,材料,塑鋼牙
DSD-A2-S15,Enigma 塑鋼牙前齒 A2-S15,Davis Schottlander,removable-prosthetics,acrylic-teeth,material,approved_rule,legacy_category_rule,DSD-ENIGMA,exact_unique,false,,材料,材料,塑鋼牙
DSD-A2-S17,Enigma 塑鋼牙前齒 A2-S17,Davis Schottlander,removable-prosthetics,acrylic-teeth,material,approved_rule,legacy_category_rule,DSD-ENIGMA,exact_unique,false,,材料,材料,塑鋼牙
DSD-A2-S66,Enigma 塑鋼牙前齒 A2-S66,Davis Schottlander,removable-prosthetics,acrylic-teeth,material,approved_rule,legacy_category_rule,DSD-ENIGMA,exact_unique,false,,材料,材料,塑鋼牙
DSD-A3-D36,Enigma 塑鋼牙前齒 A3-D36,Davis Schottlander,removable-prosthetics,acrylic-teeth,material,approved_rule,legacy_category_rule,DSD-ENIGMA,exact_unique,false,,材料,材料,塑鋼牙
DSD-A3-D56,Enigma 塑鋼牙前齒 A3-D56,Davis Schottlander,removable-prosthetics,acrylic-teeth,material,approved_rule,legacy_category_rule,DSD-ENIGMA,exact_unique,false,,材料,材料,塑鋼牙
DSD-A3-D66,Enigma 塑鋼牙前齒 A3-D66,Davis Schottlander,removable-prosthetics,acrylic-teeth,material,approved_rule,legacy_category_rule,DSD-ENIGMA,exact_unique,false,,材料,材料,塑鋼牙
DSD-A3-D67,Enigma 塑鋼牙前齒 A3-D67,Davis Schottlander,removable-prosthetics,acrylic-teeth,material,approved_rule,legacy_category_rule,DSD-ENIGMA,exact_unique,false,,材料,材料,塑鋼牙
DSD-A3-D76,Enigma 塑鋼牙前齒 A3-D76,Davis Schottlander,removable-prosthetics,acrylic-teeth,material,approved_rule,legacy_category_rule,DSD-ENIGMA,exact_unique,false,,材料,材料,塑鋼牙
DSD-A3-D77,Enigma 塑鋼牙前齒 A3-D77,Davis Schottlander,removable-prosthetics,acrylic-teeth,material,approved_rule,legacy_category_rule,DSD-ENIGMA,exact_unique,false,,材料,材料,塑鋼牙
DSD-A3-D88,Enigma 塑鋼牙前齒 A3-D88,Davis Schottlander,removable-prosthetics,acrylic-teeth,material,approved_rule,legacy_category_rule,DSD-ENIGMA,exact_unique,false,,材料,材料,塑鋼牙
DSD-A3-D99,Enigma 塑鋼牙前齒 A3-D99,Davis Schottlander,removable-prosthetics,acrylic-teeth,material,approved_rule,legacy_category_rule,DSD-ENIGMA,exact_unique,false,,材料,材料,塑鋼牙
DSD-A3-K21,Enigma 塑鋼牙前齒 A3-K21,Davis Schottlander,removable-prosthetics,acrylic-teeth,material,approved_rule,legacy_category_rule,DSD-ENIGMA,exact_unique,false,,材料,材料,塑鋼牙
DSD-A3-K22,Enigma 塑鋼牙前齒 A3-K22,Davis Schottlander,removable-prosthetics,acrylic-teeth,material,approved_rule,legacy_category_rule,DSD-ENIGMA,exact_unique,false,,材料,材料,塑鋼牙
DSD-A3-K24B,Enigma 塑鋼牙前齒 A3-K24B,Davis Schottlander,removable-prosthetics,acrylic-teeth,material,approved_rule,legacy_category_rule,DSD-ENIGMA,exact_unique,false,,材料,材料,塑鋼牙
DSD-A3-K25,Enigma 塑鋼牙前齒 A3-K25,Davis Schottlander,removable-prosthetics,acrylic-teeth,material,approved_rule,legacy_category_rule,DSD-ENIGMA,exact_unique,false,,材料,材料,塑鋼牙
DSD-A3-K27,Enigma 塑鋼牙前齒 A3-K27,Davis Schottlander,removable-prosthetics,acrylic-teeth,material,approved_rule,legacy_category_rule,DSD-ENIGMA,exact_unique,false,,材料,材料,塑鋼牙
DSD-A3-K41,Enigma 塑鋼牙前齒 A3-K41,Davis Schottlander,removable-prosthetics,acrylic-teeth,material,approved_rule,legacy_category_rule,DSD-ENIGMA,exact_unique,false,,材料,材料,塑鋼牙
DSD-A3-K42,Enigma 塑鋼牙前齒 A3-K42,Davis Schottlander,removable-prosthetics,acrylic-teeth,material,approved_rule,legacy_category_rule,DSD-ENIGMA,exact_unique,false,,材料,材料,塑鋼牙
DSD-A3-L3,Enigma 塑鋼牙前齒 A3-L3,Davis Schottlander,removable-prosthetics,acrylic-teeth,material,approved_rule,legacy_category_rule,DSD-ENIGMA,exact_unique,false,,材料,材料,塑鋼牙
DSD-A3-L4,Enigma 塑鋼牙前齒 A3-L4,Davis Schottlander,removable-prosthetics,acrylic-teeth,material,approved_rule,legacy_category_rule,DSD-ENIGMA,exact_unique,false,,材料,材料,塑鋼牙
DSD-A3-L5,Enigma 塑鋼牙前齒 A3-L5,Davis Schottlander,removable-prosthetics,acrylic-teeth,material,approved_rule,legacy_category_rule,DSD-ENIGMA,exact_unique,false,,材料,材料,塑鋼牙
DSD-A3-L6,Enigma 塑鋼牙前齒 A3-L6,Davis Schottlander,removable-prosthetics,acrylic-teeth,material,approved_rule,legacy_category_rule,DSD-ENIGMA,exact_unique,false,,材料,材料,塑鋼牙
DSD-A3-L7,Enigma 塑鋼牙前齒 A3-L7,Davis Schottlander,removable-prosthetics,acrylic-teeth,material,approved_rule,legacy_category_rule,DSD-ENIGMA,exact_unique,false,,材料,材料,塑鋼牙
DSD-A3-L8,Enigma 塑鋼牙前齒 A3-L8,Davis Schottlander,removable-prosthetics,acrylic-teeth,material,approved_rule,legacy_category_rule,DSD-ENIGMA,exact_unique,false,,材料,材料,塑鋼牙
DSD-A3-L9,Enigma 塑鋼牙前齒 A3-L9,Davis Schottlander,removable-prosthetics,acrylic-teeth,material,approved_rule,legacy_category_rule,DSD-ENIGMA,exact_unique,false,,材料,材料,塑鋼牙
DSD-A3-O31,Enigma 塑鋼牙前齒 A3-O31,Davis Schottlander,removable-prosthetics,acrylic-teeth,material,approved_rule,legacy_category_rule,DSD-ENIGMA,exact_unique,false,,材料,材料,塑鋼牙
DSD-A3-O32,Enigma 塑鋼牙前齒 A3-O32,Davis Schottlander,removable-prosthetics,acrylic-teeth,material,approved_rule,legacy_category_rule,DSD-ENIGMA,exact_unique,false,,材料,材料,塑鋼牙
DSD-A3-O34,Enigma 塑鋼牙前齒 A3-O34,Davis Schottlander,removable-prosthetics,acrylic-teeth,material,approved_rule,legacy_category_rule,DSD-ENIGMA,exact_unique,false,,材料,材料,塑鋼牙
DSD-A3-O36,Enigma 塑鋼牙前齒 A3-O36,Davis Schottlander,removable-prosthetics,acrylic-teeth,material,approved_rule,legacy_category_rule,DSD-ENIGMA,exact_unique,false,,材料,材料,塑鋼牙
DSD-A3-O54,Enigma 塑鋼牙前齒 A3-O54,Davis Schottlander,removable-prosthetics,acrylic-teeth,material,approved_rule,legacy_category_rule,DSD-ENIGMA,exact_unique,false,,材料,材料,塑鋼牙
DSD-A3-P2,Enigma 塑鋼牙臼齒 A3-P2,Davis Schottlander,removable-prosthetics,acrylic-teeth,material,approved_rule,legacy_category_rule,DSD-ENIGMA,exact_unique,false,,材料,材料,塑鋼牙
DSD-A3-P2L,Enigma 塑鋼牙臼齒 A3-P2下,Davis Schottlander,removable-prosthetics,acrylic-teeth,material,approved_rule,legacy_category_rule,DSD-ENIGMA,exact_unique,false,,材料,材料,塑鋼牙
DSD-A3-P2U,Enigma 塑鋼牙臼齒 A3-P2上,Davis Schottlander,removable-prosthetics,acrylic-teeth,material,approved_rule,legacy_category_rule,DSD-ENIGMA,exact_unique,false,,材料,材料,塑鋼牙
DSD-A3-P3,Enigma 塑鋼牙臼齒 A3-P3,Davis Schottlander,removable-prosthetics,acrylic-teeth,material,approved_rule,legacy_category_rule,DSD-ENIGMA,exact_unique,false,,材料,材料,塑鋼牙
DSD-A3-P3L,Enigma 塑鋼牙臼齒 A3-P3下,Davis Schottlander,removable-prosthetics,acrylic-teeth,material,approved_rule,legacy_category_rule,DSD-ENIGMA,exact_unique,false,,材料,材料,塑鋼牙
DSD-A3-P3U,Enigma 塑鋼牙臼齒 A3-P3上,Davis Schottlander,removable-prosthetics,acrylic-teeth,material,approved_rule,legacy_category_rule,DSD-ENIGMA,exact_unique,false,,材料,材料,塑鋼牙
DSD-A3-P4,Enigma 塑鋼牙臼齒 A3-P4,Davis Schottlander,removable-prosthetics,acrylic-teeth,material,approved_rule,legacy_category_rule,DSD-ENIGMA,exact_unique,false,,材料,材料,塑鋼牙
DSD-A3-P4L,Enigma 塑鋼牙臼齒 A3-P4下,Davis Schottlander,removable-prosthetics,acrylic-teeth,material,approved_rule,legacy_category_rule,DSD-ENIGMA,exact_unique,false,,材料,材料,塑鋼牙
DSD-A3-P4U,Enigma 塑鋼牙臼齒 A3-P4上,Davis Schottlander,removable-prosthetics,acrylic-teeth,material,approved_rule,legacy_category_rule,DSD-ENIGMA,exact_unique,false,,材料,材料,塑鋼牙
DSD-A3-P5,Enigma 塑鋼牙臼齒 A3-P5,Davis Schottlander,removable-prosthetics,acrylic-teeth,material,approved_rule,legacy_category_rule,DSD-ENIGMA,exact_unique,false,,材料,材料,塑鋼牙
DSD-A3-P5L,Enigma 塑鋼牙臼齒 A3-P5下,Davis Schottlander,removable-prosthetics,acrylic-teeth,material,approved_rule,legacy_category_rule,DSD-ENIGMA,exact_unique,false,,材料,材料,塑鋼牙
DSD-A3-P5U,Enigma 塑鋼牙臼齒 A3-P5上,Davis Schottlander,removable-prosthetics,acrylic-teeth,material,approved_rule,legacy_category_rule,DSD-ENIGMA,exact_unique,false,,材料,材料,塑鋼牙
DSD-A3-P6,Enigma 塑鋼牙臼齒 A3-P6,Davis Schottlander,removable-prosthetics,acrylic-teeth,material,approved_rule,legacy_category_rule,DSD-ENIGMA,exact_unique,false,,材料,材料,塑鋼牙
DSD-A3-P6L,Enigma 塑鋼牙臼齒 A3-P6下,Davis Schottlander,removable-prosthetics,acrylic-teeth,material,approved_rule,legacy_category_rule,DSD-ENIGMA,exact_unique,false,,材料,材料,塑鋼牙
DSD-A3-P6U,Enigma 塑鋼牙臼齒 A3-P6上,Davis Schottlander,removable-prosthetics,acrylic-teeth,material,approved_rule,legacy_category_rule,DSD-ENIGMA,exact_unique,false,,材料,材料,塑鋼牙
DSD-A3-S11,Enigma 塑鋼牙前齒 A3-S11,Davis Schottlander,removable-prosthetics,acrylic-teeth,material,approved_rule,legacy_category_rule,DSD-ENIGMA,exact_unique,false,,材料,材料,塑鋼牙
DSD-A3-S12,Enigma 塑鋼牙前齒 A3-S12,Davis Schottlander,removable-prosthetics,acrylic-teeth,material,approved_rule,legacy_category_rule,DSD-ENIGMA,exact_unique,false,,材料,材料,塑鋼牙
DSD-A3-S13,Enigma 塑鋼牙前齒 A3-S13,Davis Schottlander,removable-prosthetics,acrylic-teeth,material,approved_rule,legacy_category_rule,DSD-ENIGMA,exact_unique,false,,材料,材料,塑鋼牙
DSD-A3-S14,Enigma 塑鋼牙前齒 A3-S14,Davis Schottlander,removable-prosthetics,acrylic-teeth,material,approved_rule,legacy_category_rule,DSD-ENIGMA,exact_unique,false,,材料,材料,塑鋼牙
DSD-A3-S15,Enigma 塑鋼牙前齒 A3-S15,Davis Schottlander,removable-prosthetics,acrylic-teeth,material,approved_rule,legacy_category_rule,DSD-ENIGMA,exact_unique,false,,材料,材料,塑鋼牙
DSD-A3-S17,Enigma 塑鋼牙前齒 A3-S17,Davis Schottlander,removable-prosthetics,acrylic-teeth,material,approved_rule,legacy_category_rule,DSD-ENIGMA,exact_unique,false,,材料,材料,塑鋼牙
DSD-A3-S66,Enigma 塑鋼牙前齒 A3-S66,Davis Schottlander,removable-prosthetics,acrylic-teeth,material,approved_rule,legacy_category_rule,DSD-ENIGMA,exact_unique,false,,材料,材料,塑鋼牙
DSD-A3.5-D36,Enigma 塑鋼牙前齒 A3.5-D36,Davis Schottlander,removable-prosthetics,acrylic-teeth,material,approved_rule,legacy_category_rule,DSD-ENIGMA,exact_unique,false,,材料,材料,塑鋼牙
DSD-A3.5-D56,Enigma 塑鋼牙前齒 A3.5-D56,Davis Schottlander,removable-prosthetics,acrylic-teeth,material,approved_rule,legacy_category_rule,DSD-ENIGMA,exact_unique,false,,材料,材料,塑鋼牙
DSD-A3.5-D66,Enigma 塑鋼牙前齒 A3.5-D66,Davis Schottlander,removable-prosthetics,acrylic-teeth,material,approved_rule,legacy_category_rule,DSD-ENIGMA,exact_unique,false,,材料,材料,塑鋼牙
DSD-A3.5-D67,Enigma 塑鋼牙前齒 A3.5-D67,Davis Schottlander,removable-prosthetics,acrylic-teeth,material,approved_rule,legacy_category_rule,DSD-ENIGMA,exact_unique,false,,材料,材料,塑鋼牙
DSD-A3.5-D76,Enigma 塑鋼牙前齒 A3.5-D76,Davis Schottlander,removable-prosthetics,acrylic-teeth,material,approved_rule,legacy_category_rule,DSD-ENIGMA,exact_unique,false,,材料,材料,塑鋼牙
DSD-A3.5-D77,Enigma 塑鋼牙前齒 A3.5-D77,Davis Schottlander,removable-prosthetics,acrylic-teeth,material,approved_rule,legacy_category_rule,DSD-ENIGMA,exact_unique,false,,材料,材料,塑鋼牙
DSD-A3.5-D88,Enigma 塑鋼牙前齒 A3.5-D88,Davis Schottlander,removable-prosthetics,acrylic-teeth,material,approved_rule,legacy_category_rule,DSD-ENIGMA,exact_unique,false,,材料,材料,塑鋼牙
DSD-A3.5-D99,Enigma 塑鋼牙前齒 A3.5-D99,Davis Schottlander,removable-prosthetics,acrylic-teeth,material,approved_rule,legacy_category_rule,DSD-ENIGMA,exact_unique,false,,材料,材料,塑鋼牙
DSD-A3.5-K21,Enigma 塑鋼牙前齒 A3.5-K21,Davis Schottlander,removable-prosthetics,acrylic-teeth,material,approved_rule,legacy_category_rule,DSD-ENIGMA,exact_unique,false,,材料,材料,塑鋼牙
DSD-A3.5-K22,Enigma 塑鋼牙前齒 A3.5-K22,Davis Schottlander,removable-prosthetics,acrylic-teeth,material,approved_rule,legacy_category_rule,DSD-ENIGMA,exact_unique,false,,材料,材料,塑鋼牙
DSD-A3.5-K24B,Enigma 塑鋼牙前齒 A3.5-K24B,Davis Schottlander,removable-prosthetics,acrylic-teeth,material,approved_rule,legacy_category_rule,DSD-ENIGMA,exact_unique,false,,材料,材料,塑鋼牙
DSD-A3.5-K25,Enigma 塑鋼牙前齒 A3.5-K25,Davis Schottlander,removable-prosthetics,acrylic-teeth,material,approved_rule,legacy_category_rule,DSD-ENIGMA,exact_unique,false,,材料,材料,塑鋼牙
DSD-A3.5-K41,Enigma 塑鋼牙前齒 A3.5-K41,Davis Schottlander,removable-prosthetics,acrylic-teeth,material,approved_rule,legacy_category_rule,DSD-ENIGMA,exact_unique,false,,材料,材料,塑鋼牙
DSD-A3.5-K42,Enigma 塑鋼牙前齒 A3.5-K42,Davis Schottlander,removable-prosthetics,acrylic-teeth,material,approved_rule,legacy_category_rule,DSD-ENIGMA,exact_unique,false,,材料,材料,塑鋼牙
DSD-A3.5-L3,Enigma 塑鋼牙前齒 A3.5-L3,Davis Schottlander,removable-prosthetics,acrylic-teeth,material,approved_rule,legacy_category_rule,DSD-ENIGMA,exact_unique,false,,材料,材料,塑鋼牙
DSD-A3.5-L4,Enigma 塑鋼牙前齒 A3.5-L4,Davis Schottlander,removable-prosthetics,acrylic-teeth,material,approved_rule,legacy_category_rule,DSD-ENIGMA,exact_unique,false,,材料,材料,塑鋼牙
DSD-A3.5-L5,Enigma 塑鋼牙前齒 A3.5-L5,Davis Schottlander,removable-prosthetics,acrylic-teeth,material,approved_rule,legacy_category_rule,DSD-ENIGMA,exact_unique,false,,材料,材料,塑鋼牙
DSD-A3.5-L6,Enigma 塑鋼牙前齒 A3.5-L6,Davis Schottlander,removable-prosthetics,acrylic-teeth,material,approved_rule,legacy_category_rule,DSD-ENIGMA,exact_unique,false,,材料,材料,塑鋼牙
DSD-A3.5-L7,Enigma 塑鋼牙前齒 A3.5-L7,Davis Schottlander,removable-prosthetics,acrylic-teeth,material,approved_rule,legacy_category_rule,DSD-ENIGMA,exact_unique,false,,材料,材料,塑鋼牙
DSD-A3.5-L8,Enigma 塑鋼牙前齒 A3.5-L8,Davis Schottlander,removable-prosthetics,acrylic-teeth,material,approved_rule,legacy_category_rule,DSD-ENIGMA,exact_unique,false,,材料,材料,塑鋼牙
DSD-A3.5-L9,Enigma 塑鋼牙前齒 A3.5-L9,Davis Schottlander,removable-prosthetics,acrylic-teeth,material,approved_rule,legacy_category_rule,DSD-ENIGMA,exact_unique,false,,材料,材料,塑鋼牙
DSD-A3.5-O31,Enigma 塑鋼牙前齒 A3.5-O31,Davis Schottlander,removable-prosthetics,acrylic-teeth,material,approved_rule,legacy_category_rule,DSD-ENIGMA,exact_unique,false,,材料,材料,塑鋼牙
DSD-A3.5-O32,Enigma 塑鋼牙前齒 A3.5-O32,Davis Schottlander,removable-prosthetics,acrylic-teeth,material,approved_rule,legacy_category_rule,DSD-ENIGMA,exact_unique,false,,材料,材料,塑鋼牙
DSD-A3.5-O34,Enigma 塑鋼牙前齒 A3.5-O34,Davis Schottlander,removable-prosthetics,acrylic-teeth,material,approved_rule,legacy_category_rule,DSD-ENIGMA,exact_unique,false,,材料,材料,塑鋼牙
DSD-A3.5-O36,Enigma 塑鋼牙前齒 A3.5-O36,Davis Schottlander,removable-prosthetics,acrylic-teeth,material,approved_rule,legacy_category_rule,DSD-ENIGMA,exact_unique,false,,材料,材料,塑鋼牙
DSD-A3.5-O54,Enigma 塑鋼牙前齒 A3.5-O54,Davis Schottlander,removable-prosthetics,acrylic-teeth,material,approved_rule,legacy_category_rule,DSD-ENIGMA,exact_unique,false,,材料,材料,塑鋼牙
DSD-A3.5-P2,Enigma 塑鋼牙臼齒 A3.5-P2,Davis Schottlander,removable-prosthetics,acrylic-teeth,material,approved_rule,legacy_category_rule,DSD-ENIGMA,exact_unique,false,,材料,材料,塑鋼牙
DSD-A3.5-P2L,Enigma 塑鋼牙臼齒 A3.5-P2L,Davis Schottlander,removable-prosthetics,acrylic-teeth,material,approved_rule,legacy_category_rule,DSD-ENIGMA,exact_unique,false,,材料,材料,塑鋼牙
DSD-A3.5-P2U,Enigma 塑鋼牙臼齒 A3.5-P2U,Davis Schottlander,removable-prosthetics,acrylic-teeth,material,approved_rule,legacy_category_rule,DSD-ENIGMA,exact_unique,false,,材料,材料,塑鋼牙
DSD-A3.5-P3,Enigma 塑鋼牙臼齒 A3.5-P3,Davis Schottlander,removable-prosthetics,acrylic-teeth,material,approved_rule,legacy_category_rule,DSD-ENIGMA,exact_unique,false,,材料,材料,塑鋼牙
DSD-A3.5-P3L,Enigma 塑鋼牙臼齒 A3.5-P3L,Davis Schottlander,removable-prosthetics,acrylic-teeth,material,approved_rule,legacy_category_rule,DSD-ENIGMA,exact_unique,false,,材料,材料,塑鋼牙
DSD-A3.5-P3U,Enigma 塑鋼牙臼齒 A3.5-P3上,Davis Schottlander,removable-prosthetics,acrylic-teeth,material,approved_rule,legacy_category_rule,DSD-ENIGMA,exact_unique,false,,材料,材料,塑鋼牙
DSD-A3.5-P4,Enigma 塑鋼牙臼齒 A3.5-P4,Davis Schottlander,removable-prosthetics,acrylic-teeth,material,approved_rule,legacy_category_rule,DSD-ENIGMA,exact_unique,false,,材料,材料,塑鋼牙
DSD-A3.5-P4L,Enigma 塑鋼牙臼齒 A3.5-P4L,Davis Schottlander,removable-prosthetics,acrylic-teeth,material,approved_rule,legacy_category_rule,DSD-ENIGMA,exact_unique,false,,材料,材料,塑鋼牙
DSD-A3.5-P4U,Enigma 塑鋼牙臼齒 A3.5-P4上,Davis Schottlander,removable-prosthetics,acrylic-teeth,material,approved_rule,legacy_category_rule,DSD-ENIGMA,exact_unique,false,,材料,材料,塑鋼牙
DSD-A3.5-P5,Enigma 塑鋼牙臼齒 A3.5-P5,Davis Schottlander,removable-prosthetics,acrylic-teeth,material,approved_rule,legacy_category_rule,DSD-ENIGMA,exact_unique,false,,材料,材料,塑鋼牙
DSD-A3.5-P5L,Enigma 塑鋼牙臼齒 A3.5-P5下,Davis Schottlander,removable-prosthetics,acrylic-teeth,material,approved_rule,legacy_category_rule,DSD-ENIGMA,exact_unique,false,,材料,材料,塑鋼牙
DSD-A3.5-P5U,Enigma 塑鋼牙臼齒 A3.5-P5上,Davis Schottlander,removable-prosthetics,acrylic-teeth,material,approved_rule,legacy_category_rule,DSD-ENIGMA,exact_unique,false,,材料,材料,塑鋼牙
DSD-A3.5-P6,Enigma 塑鋼牙臼齒 A3.5-P6,Davis Schottlander,removable-prosthetics,acrylic-teeth,material,approved_rule,legacy_category_rule,DSD-ENIGMA,exact_unique,false,,材料,材料,塑鋼牙
DSD-A3.5-P6L,Enigma 塑鋼牙臼齒 A3.5-P6下,Davis Schottlander,removable-prosthetics,acrylic-teeth,material,approved_rule,legacy_category_rule,DSD-ENIGMA,exact_unique,false,,材料,材料,塑鋼牙
DSD-A3.5-P6U,Enigma 塑鋼牙臼齒 A3.5-P6上,Davis Schottlander,removable-prosthetics,acrylic-teeth,material,approved_rule,legacy_category_rule,DSD-ENIGMA,exact_unique,false,,材料,材料,塑鋼牙
DSD-A3.5-S11,Enigma 塑鋼牙前齒 A3.5-S11,Davis Schottlander,removable-prosthetics,acrylic-teeth,material,approved_rule,legacy_category_rule,DSD-ENIGMA,exact_unique,false,,材料,材料,塑鋼牙
DSD-A3.5-S12,Enigma 塑鋼牙 A3.5-S12,Davis Schottlander,removable-prosthetics,acrylic-teeth,material,approved_rule,legacy_category_rule,DSD-ENIGMA,exact_unique,false,,材料,材料,塑鋼牙
DSD-A3.5-S13,Enigma 塑鋼牙A3.5-S13,Davis Schottlander,removable-prosthetics,acrylic-teeth,material,approved_rule,legacy_category_rule,DSD-ENIGMA,exact_unique,false,,材料,材料,塑鋼牙
DSD-A3.5-S14,Enigma 塑鋼牙前齒 A3.5-S14,Davis Schottlander,removable-prosthetics,acrylic-teeth,material,approved_rule,legacy_category_rule,DSD-ENIGMA,exact_unique,false,,材料,材料,塑鋼牙
DSD-A3.5-S15,Enigma 塑鋼牙前齒 A3.5-S15,Davis Schottlander,removable-prosthetics,acrylic-teeth,material,approved_rule,legacy_category_rule,DSD-ENIGMA,exact_unique,false,,材料,材料,塑鋼牙
DSD-A3.5-S17,Enigma 塑鋼牙前齒 A3.5-S17,Davis Schottlander,removable-prosthetics,acrylic-teeth,material,approved_rule,legacy_category_rule,DSD-ENIGMA,exact_unique,false,,材料,材料,塑鋼牙
DSD-A4-D36,Enigma 塑鋼牙 A4-D36,Davis Schottlander,removable-prosthetics,acrylic-teeth,material,approved_rule,legacy_category_rule,DSD-ENIGMA,exact_unique,false,,材料,材料,塑鋼牙
DSD-A4-D66,Enigma 塑鋼牙 A4-D66,Davis Schottlander,removable-prosthetics,acrylic-teeth,material,approved_rule,legacy_category_rule,DSD-ENIGMA,exact_unique,false,,材料,材料,塑鋼牙
DSD-A4-K21,Enigma 塑鋼牙前齒 A4-K21,Davis Schottlander,removable-prosthetics,acrylic-teeth,material,approved_rule,legacy_category_rule,DSD-ENIGMA,exact_unique,false,,材料,材料,塑鋼牙
DSD-A4-K22,Enigma 塑鋼牙前齒 A4-K22,Davis Schottlander,removable-prosthetics,acrylic-teeth,material,approved_rule,legacy_category_rule,DSD-ENIGMA,exact_unique,false,,材料,材料,塑鋼牙
DSD-A4-K24B,Enigma 塑鋼牙前齒 A4-K24B,Davis Schottlander,removable-prosthetics,acrylic-teeth,material,approved_rule,legacy_category_rule,DSD-ENIGMA,exact_unique,false,,材料,材料,塑鋼牙
DSD-A4-K25,Enigma 塑鋼牙前齒 A4-K25,Davis Schottlander,removable-prosthetics,acrylic-teeth,material,approved_rule,legacy_category_rule,DSD-ENIGMA,exact_unique,false,,材料,材料,塑鋼牙
DSD-A4-K41,Enigma 塑鋼牙前齒 A4-K41,Davis Schottlander,removable-prosthetics,acrylic-teeth,material,approved_rule,legacy_category_rule,DSD-ENIGMA,exact_unique,false,,材料,材料,塑鋼牙
DSD-A4-K42,Enigma 塑鋼牙前齒 A4-K42,Davis Schottlander,removable-prosthetics,acrylic-teeth,material,approved_rule,legacy_category_rule,DSD-ENIGMA,exact_unique,false,,材料,材料,塑鋼牙
DSD-A4-L3,Enigma 塑鋼牙前齒 A4-L3,Davis Schottlander,removable-prosthetics,acrylic-teeth,material,approved_rule,legacy_category_rule,DSD-ENIGMA,exact_unique,false,,材料,材料,塑鋼牙
DSD-A4-L4,Enigma 塑鋼牙前齒 A4-L4,Davis Schottlander,removable-prosthetics,acrylic-teeth,material,approved_rule,legacy_category_rule,DSD-ENIGMA,exact_unique,false,,材料,材料,塑鋼牙
DSD-A4-L5,Enigma 塑鋼牙前齒 A4-L5,Davis Schottlander,removable-prosthetics,acrylic-teeth,material,approved_rule,legacy_category_rule,DSD-ENIGMA,exact_unique,false,,材料,材料,塑鋼牙
DSD-A4-L6,Enigma 塑鋼牙前齒 A4-L6,Davis Schottlander,removable-prosthetics,acrylic-teeth,material,approved_rule,legacy_category_rule,DSD-ENIGMA,exact_unique,false,,材料,材料,塑鋼牙
DSD-A4-L7,Enigma 塑鋼牙前齒 A4-L7,Davis Schottlander,removable-prosthetics,acrylic-teeth,material,approved_rule,legacy_category_rule,DSD-ENIGMA,exact_unique,false,,材料,材料,塑鋼牙
DSD-A4-L8,Enigma 塑鋼牙前齒 A4-L8,Davis Schottlander,removable-prosthetics,acrylic-teeth,material,approved_rule,legacy_category_rule,DSD-ENIGMA,exact_unique,false,,材料,材料,塑鋼牙
DSD-A4-L9,Enigma 塑鋼牙前齒 A4-L9,Davis Schottlander,removable-prosthetics,acrylic-teeth,material,approved_rule,legacy_category_rule,DSD-ENIGMA,exact_unique,false,,材料,材料,塑鋼牙
DSD-A4-O32,Enigma 塑鋼牙前齒 A4-O32,Davis Schottlander,removable-prosthetics,acrylic-teeth,material,approved_rule,legacy_category_rule,DSD-ENIGMA,exact_unique,false,,材料,材料,塑鋼牙
DSD-A4-O34,Enigma 塑鋼牙前齒 A4-O34,Davis Schottlander,removable-prosthetics,acrylic-teeth,material,approved_rule,legacy_category_rule,DSD-ENIGMA,exact_unique,false,,材料,材料,塑鋼牙
DSD-A4-O36,Enigma 塑鋼牙前齒 A4-O36,Davis Schottlander,removable-prosthetics,acrylic-teeth,material,approved_rule,legacy_category_rule,DSD-ENIGMA,exact_unique,false,,材料,材料,塑鋼牙
DSD-A4-P2,Enigma 塑鋼牙臼齒 A4-P2,Davis Schottlander,removable-prosthetics,acrylic-teeth,material,approved_rule,legacy_category_rule,DSD-ENIGMA,exact_unique,false,,材料,材料,塑鋼牙
DSD-A4-P3,Enigma 塑鋼牙臼齒 A4-P3,Davis Schottlander,removable-prosthetics,acrylic-teeth,material,approved_rule,legacy_category_rule,DSD-ENIGMA,exact_unique,false,,材料,材料,塑鋼牙
DSD-A4-P4,Enigma 塑鋼牙臼齒 A4-P4,Davis Schottlander,removable-prosthetics,acrylic-teeth,material,approved_rule,legacy_category_rule,DSD-ENIGMA,exact_unique,false,,材料,材料,塑鋼牙
DSD-A4-P5,Enigma 塑鋼牙臼齒 A4-P5,Davis Schottlander,removable-prosthetics,acrylic-teeth,material,approved_rule,legacy_category_rule,DSD-ENIGMA,exact_unique,false,,材料,材料,塑鋼牙
DSD-A4-P6,Enigma 塑鋼牙臼齒 A4-P6,Davis Schottlander,removable-prosthetics,acrylic-teeth,material,approved_rule,legacy_category_rule,DSD-ENIGMA,exact_unique,false,,材料,材料,塑鋼牙
DSD-A4-S13,Enigma 塑鋼牙前齒 A4-S13,Davis Schottlander,removable-prosthetics,acrylic-teeth,material,approved_rule,legacy_category_rule,DSD-ENIGMA,exact_unique,false,,材料,材料,塑鋼牙
DSD-A4-S14,Enigma 塑鋼牙前齒 A4-S14,Davis Schottlander,removable-prosthetics,acrylic-teeth,material,approved_rule,legacy_category_rule,DSD-ENIGMA,exact_unique,false,,材料,材料,塑鋼牙
DSD-A4-S17,Enigma 塑鋼牙前齒 A4-S17,Davis Schottlander,removable-prosthetics,acrylic-teeth,material,approved_rule,legacy_category_rule,DSD-ENIGMA,exact_unique,false,,材料,材料,塑鋼牙
DSD-BA1-50,Matchmaker BODY A1/50g,Davis Schottlander,fixed-restorative,ceramic-material,material,approved_rule,legacy_category_rule,,unmatched,false,,材料,材料,瓷粉 / 陶瓷
DSD-BA2-250,Matchmaker Dentine A2/250g,Davis Schottlander,fixed-restorative,ceramic-material,material,approved_rule,legacy_category_rule,,unmatched,false,,材料,材料,瓷粉 / 陶瓷
DSD-BA2-50,Matchmaker BODY A2/50g,Davis Schottlander,fixed-restorative,ceramic-material,material,approved_rule,legacy_category_rule,,unmatched,false,,材料,材料,瓷粉 / 陶瓷
DSD-BA3-250,Matchmaker Dentine A3/250g,Davis Schottlander,fixed-restorative,ceramic-material,material,approved_rule,legacy_category_rule,,unmatched,false,,材料,材料,瓷粉 / 陶瓷
DSD-BA3-50,Matchmaker BODY A3/50g,Davis Schottlander,fixed-restorative,ceramic-material,material,approved_rule,legacy_category_rule,,unmatched,false,,材料,材料,瓷粉 / 陶瓷
DSD-BA3.5-15,Matchmaker BODY A3.5/15g,Davis Schottlander,fixed-restorative,ceramic-material,material,approved_rule,legacy_category_rule,,unmatched,false,,材料,材料,瓷粉 / 陶瓷
DSD-BA3.5-250,Matchmaker Dentine A3.5/250g,Davis Schottlander,fixed-restorative,ceramic-material,material,approved_rule,legacy_category_rule,,unmatched,false,,材料,材料,瓷粉 / 陶瓷
DSD-BA3.5-50,Matchmaker BODY A3.5/50g,Davis Schottlander,fixed-restorative,ceramic-material,material,approved_rule,legacy_category_rule,,unmatched,false,,材料,材料,瓷粉 / 陶瓷
DSD-BA4-50,Matchmaker BODY A4/50g,Davis Schottlander,fixed-restorative,ceramic-material,material,approved_rule,legacy_category_rule,,unmatched,false,,材料,材料,瓷粉 / 陶瓷
DSD-BB1-50,Matchmaker BODY B1/50g,Davis Schottlander,fixed-restorative,ceramic-material,material,approved_rule,legacy_category_rule,,unmatched,false,,材料,材料,瓷粉 / 陶瓷
DSD-BB2-50,Matchmaker BODY B2/50g,Davis Schottlander,fixed-restorative,ceramic-material,material,approved_rule,legacy_category_rule,,unmatched,false,,材料,材料,瓷粉 / 陶瓷
DSD-BB3-50,Matchmaker BODY B3/50g,Davis Schottlander,fixed-restorative,ceramic-material,material,approved_rule,legacy_category_rule,,unmatched,false,,材料,材料,瓷粉 / 陶瓷
DSD-BB4-50,Matchmaker BODY B4/50g,Davis Schottlander,fixed-restorative,ceramic-material,material,approved_rule,legacy_category_rule,,unmatched,false,,材料,材料,瓷粉 / 陶瓷
DSD-BC1-50,Matchmaker BODY C1/50g,Davis Schottlander,fixed-restorative,ceramic-material,material,approved_rule,legacy_category_rule,,unmatched,false,,材料,材料,瓷粉 / 陶瓷
DSD-BC2-50,Matchmaker BODY C2/50g,Davis Schottlander,fixed-restorative,ceramic-material,material,approved_rule,legacy_category_rule,,unmatched,false,,材料,材料,瓷粉 / 陶瓷
DSD-BC3-50,Matchmaker BODY C3/50g,Davis Schottlander,fixed-restorative,ceramic-material,material,approved_rule,legacy_category_rule,,unmatched,false,,材料,材料,瓷粉 / 陶瓷
DSD-BC4-50,Matchmaker BODY C4/50g,Davis Schottlander,fixed-restorative,ceramic-material,material,approved_rule,legacy_category_rule,,unmatched,false,,材料,材料,瓷粉 / 陶瓷
DSD-BD2-15,Matchmaker BODY D2/15g,Davis Schottlander,fixed-restorative,ceramic-material,material,approved_rule,legacy_category_rule,,unmatched,false,,材料,材料,瓷粉 / 陶瓷
DSD-BD2-50,Matchmaker BODY D2/50g,Davis Schottlander,fixed-restorative,ceramic-material,material,approved_rule,legacy_category_rule,,unmatched,false,,材料,材料,瓷粉 / 陶瓷
DSD-BD3-50,Matchmaker BODY D3/50g,Davis Schottlander,fixed-restorative,ceramic-material,material,approved_rule,legacy_category_rule,,unmatched,false,,材料,材料,瓷粉 / 陶瓷
DSD-BD4-50,Matchmaker BODY D4/50g,Davis Schottlander,fixed-restorative,ceramic-material,material,approved_rule,legacy_category_rule,,unmatched,false,,材料,材料,瓷粉 / 陶瓷
DSD-CT1-15,Translucent CT1 藍 /15g,Davis Schottlander,fixed-restorative,ceramic-material,material,approved_rule,legacy_category_rule,,unmatched,false,,材料,材料,瓷粉 / 陶瓷
DSD-CT2-15,Translucent CT1 白 /15g,Davis Schottlander,fixed-restorative,ceramic-material,material,approved_rule,legacy_category_rule,,unmatched,false,,材料,材料,瓷粉 / 陶瓷
DSD-CT3-15,Translucent CT3 紅/15g,Davis Schottlander,fixed-restorative,ceramic-material,material,approved_rule,legacy_category_rule,,unmatched,false,,材料,材料,瓷粉 / 陶瓷
DSD-CT5-15,Translucent CT5 橘 /15g,Davis Schottlander,fixed-restorative,ceramic-material,material,approved_rule,legacy_category_rule,,unmatched,false,,材料,材料,瓷粉 / 陶瓷
DSD-CT7-15,Translucent CT7 灰 /15g,Davis Schottlander,fixed-restorative,ceramic-material,material,approved_rule,legacy_category_rule,,unmatched,false,,材料,材料,瓷粉 / 陶瓷
DSD-E10-50,Matchmaker Enamel E10/50g,Davis Schottlander,fixed-restorative,ceramic-material,material,approved_rule,legacy_category_rule,,unmatched,false,,材料,材料,瓷粉 / 陶瓷
DSD-E7-50,Matchmaker Enamel E7/50g,Davis Schottlander,fixed-restorative,ceramic-material,material,approved_rule,legacy_category_rule,,unmatched,false,,材料,材料,瓷粉 / 陶瓷
DSD-E8-250,Matchmaker MC Enamel E8/250g,Davis Schottlander,fixed-restorative,ceramic-material,material,approved_rule,legacy_category_rule,,unmatched,false,,材料,材料,瓷粉 / 陶瓷
DSD-E8-50,Matchmaker Enamel E8/50g,Davis Schottlander,fixed-restorative,ceramic-material,material,approved_rule,legacy_category_rule,,unmatched,false,,材料,材料,瓷粉 / 陶瓷
DSD-E9-15,Matchmaker Enamel E9/15g,Davis Schottlander,fixed-restorative,ceramic-material,material,approved_rule,legacy_category_rule,,unmatched,false,,材料,材料,瓷粉 / 陶瓷
DSD-E9-250,Matchmaker MC Enamel E9/250g,Davis Schottlander,fixed-restorative,ceramic-material,material,approved_rule,legacy_category_rule,,unmatched,false,,材料,材料,瓷粉 / 陶瓷
DSD-E9-50,Matchmaker Enamel E9/50g,Davis Schottlander,fixed-restorative,ceramic-material,material,approved_rule,legacy_category_rule,,unmatched,false,,材料,材料,瓷粉 / 陶瓷
DSD-EA1-50,Matchmaker MC Enhancer A1/50g,Davis Schottlander,fixed-restorative,ceramic-material,material,approved_rule,legacy_category_rule,,unmatched,false,,材料,材料,瓷粉 / 陶瓷
DSD-EA2-50,Matchmaker MC Enhancer A2/50g,Davis Schottlander,fixed-restorative,ceramic-material,material,approved_rule,legacy_category_rule,,unmatched,false,,材料,材料,瓷粉 / 陶瓷
DSD-EA3-50,Matchmaker MC Enhancer A3/50g,Davis Schottlander,fixed-restorative,ceramic-material,material,approved_rule,legacy_category_rule,,unmatched,false,,材料,材料,瓷粉 / 陶瓷
DSD-EA3.5-15,Matchmaker MC Enhancer A3.5/15g,Davis Schottlander,fixed-restorative,ceramic-material,material,approved_rule,legacy_category_rule,,unmatched,false,,材料,材料,瓷粉 / 陶瓷
DSD-EA3.5-50,Matchmaker MC Enhancer A3.5/50g,Davis Schottlander,fixed-restorative,ceramic-material,material,approved_rule,legacy_category_rule,,unmatched,false,,材料,材料,瓷粉 / 陶瓷
DSD-EA4-15,Matchmaker MC Enhancer A4/15g,Davis Schottlander,fixed-restorative,ceramic-material,material,approved_rule,legacy_category_rule,,unmatched,false,,材料,材料,瓷粉 / 陶瓷
DSD-EA4-50,Matchmaker MC Enhancer A4/50g,Davis Schottlander,fixed-restorative,ceramic-material,material,approved_rule,legacy_category_rule,,unmatched,false,,材料,材料,瓷粉 / 陶瓷
DSD-EB1-50,Matchmaker MC Enhancer B1/50g,Davis Schottlander,fixed-restorative,ceramic-material,material,approved_rule,legacy_category_rule,,unmatched,false,,材料,材料,瓷粉 / 陶瓷
DSD-EB2-50,Matchmaker MC Enhancer B2/50g,Davis Schottlander,fixed-restorative,ceramic-material,material,approved_rule,legacy_category_rule,,unmatched,false,,材料,材料,瓷粉 / 陶瓷
DSD-EB3-50,Matchmaker MC Enhancer B3/50g,Davis Schottlander,fixed-restorative,ceramic-material,material,approved_rule,legacy_category_rule,,unmatched,false,,材料,材料,瓷粉 / 陶瓷
DSD-EB4-50,Matchmaker MC Enhancer B4/50g,Davis Schottlander,fixed-restorative,ceramic-material,material,approved_rule,legacy_category_rule,,unmatched,false,,材料,材料,瓷粉 / 陶瓷
DSD-EC1-50,Matchmaker MC Enhancer C1/50g,Davis Schottlander,fixed-restorative,ceramic-material,material,approved_rule,legacy_category_rule,,unmatched,false,,材料,材料,瓷粉 / 陶瓷
DSD-EC2-50,Matchmaker MC Enhancer C2/50g,Davis Schottlander,fixed-restorative,ceramic-material,material,approved_rule,legacy_category_rule,,unmatched,false,,材料,材料,瓷粉 / 陶瓷
DSD-EC3-15,Matchmaker MC Enhancer C3/15g,Davis Schottlander,fixed-restorative,ceramic-material,material,approved_rule,legacy_category_rule,,unmatched,false,,材料,材料,瓷粉 / 陶瓷
DSD-EC3-50,Matchmaker MC Enhancer C3/50g,Davis Schottlander,fixed-restorative,ceramic-material,material,approved_rule,legacy_category_rule,,unmatched,false,,材料,材料,瓷粉 / 陶瓷
DSD-EC4-50,Matchmaker MC Enhancer C4/50g,Davis Schottlander,fixed-restorative,ceramic-material,material,approved_rule,legacy_category_rule,,unmatched,false,,材料,材料,瓷粉 / 陶瓷
DSD-ED2-50,Matchmaker MC Enhancer D2/50g,Davis Schottlander,fixed-restorative,ceramic-material,material,approved_rule,legacy_category_rule,,unmatched,false,,材料,材料,瓷粉 / 陶瓷
DSD-ED3-50,Matchmaker MC Enhancer D3/50g,Davis Schottlander,fixed-restorative,ceramic-material,material,approved_rule,legacy_category_rule,,unmatched,false,,材料,材料,瓷粉 / 陶瓷
DSD-ED4-50,Matchmaker MC Enhancer D4/50g,Davis Schottlander,fixed-restorative,ceramic-material,material,approved_rule,legacy_category_rule,,unmatched,false,,材料,材料,瓷粉 / 陶瓷
DSD-L-01,Enigmalife Chairside Assortment,Davis Schottlander,fixed-restorative,ceramic-material,material,approved_rule,legacy_category_rule,,unmatched,false,,材料,材料,瓷粉 / 陶瓷
DSD-L-A1-D36,Enigma-L 塑鋼牙前齒 A1-D36,Davis Schottlander,removable-prosthetics,acrylic-teeth,material,approved_rule,legacy_category_rule,DSD-ENIGMALIFE,exact_unique,false,,材料,材料,塑鋼牙
DSD-L-A1-D56,Enigma-L 塑鋼牙前齒 A1-D56,Davis Schottlander,removable-prosthetics,acrylic-teeth,material,approved_rule,legacy_category_rule,DSD-ENIGMALIFE,exact_unique,false,,材料,材料,塑鋼牙
DSD-L-A1-D76,Enigma-L 塑鋼牙前齒 A1-D76,Davis Schottlander,removable-prosthetics,acrylic-teeth,material,approved_rule,legacy_category_rule,DSD-ENIGMALIFE,exact_unique,false,,材料,材料,塑鋼牙
DSD-L-A1-D77,Enigma-L 塑鋼牙前齒 A1-D77,Davis Schottlander,removable-prosthetics,acrylic-teeth,material,approved_rule,legacy_category_rule,DSD-ENIGMALIFE,exact_unique,false,,材料,材料,塑鋼牙
DSD-L-A1-D88,Enigma-L 塑鋼牙前齒 A1-D88,Davis Schottlander,removable-prosthetics,acrylic-teeth,material,approved_rule,legacy_category_rule,DSD-ENIGMALIFE,exact_unique,false,,材料,材料,塑鋼牙
DSD-L-A1-D99,Enigma-L 塑鋼牙前齒 A1-D99,Davis Schottlander,removable-prosthetics,acrylic-teeth,material,approved_rule,legacy_category_rule,DSD-ENIGMALIFE,exact_unique,false,,材料,材料,塑鋼牙
DSD-L-A1-IR10,Enigma-L 塑鋼牙前齒 A1-IR10,Davis Schottlander,removable-prosthetics,acrylic-teeth,material,approved_rule,legacy_category_rule,DSD-ENIGMALIFE,exact_unique,false,,材料,材料,塑鋼牙
DSD-L-A1-IR4,Enigma-L 塑鋼牙前齒 A1-IR4,Davis Schottlander,removable-prosthetics,acrylic-teeth,material,approved_rule,legacy_category_rule,DSD-ENIGMALIFE,exact_unique,false,,材料,材料,塑鋼牙
DSD-L-A1-IR6,Enigma-L 塑鋼牙前齒 A1-IR6,Davis Schottlander,removable-prosthetics,acrylic-teeth,material,approved_rule,legacy_category_rule,DSD-ENIGMALIFE,exact_unique,false,,材料,材料,塑鋼牙
DSD-L-A1-IR8,Enigma-L 塑鋼牙前齒 A1-IR8,Davis Schottlander,removable-prosthetics,acrylic-teeth,material,approved_rule,legacy_category_rule,DSD-ENIGMALIFE,exact_unique,false,,材料,材料,塑鋼牙
DSD-L-A1-IS4,Enigma-L 塑鋼牙前齒 A1-IS4,Davis Schottlander,removable-prosthetics,acrylic-teeth,material,approved_rule,legacy_category_rule,DSD-ENIGMALIFE,exact_unique,false,,材料,材料,塑鋼牙
DSD-L-A1-IS6,Enigma-L 塑鋼牙前齒 A1-IS6,Davis Schottlander,removable-prosthetics,acrylic-teeth,material,approved_rule,legacy_category_rule,DSD-ENIGMALIFE,exact_unique,false,,材料,材料,塑鋼牙
DSD-L-A1-IS8,Enigma-L 塑鋼牙前齒 A1-IS8,Davis Schottlander,removable-prosthetics,acrylic-teeth,material,approved_rule,legacy_category_rule,DSD-ENIGMALIFE,exact_unique,false,,材料,材料,塑鋼牙
DSD-L-A1-IT4,Enigma-L 塑鋼牙前齒 A1-IT4,Davis Schottlander,removable-prosthetics,acrylic-teeth,material,approved_rule,legacy_category_rule,DSD-ENIGMALIFE,exact_unique,false,,材料,材料,塑鋼牙
DSD-L-A1-IT6,Enigma-L 塑鋼牙前齒 A1-IT6,Davis Schottlander,removable-prosthetics,acrylic-teeth,material,approved_rule,legacy_category_rule,DSD-ENIGMALIFE,exact_unique,false,,材料,材料,塑鋼牙
DSD-L-A1-IT8,Enigma-L 塑鋼牙前齒 A1-IT8,Davis Schottlander,removable-prosthetics,acrylic-teeth,material,approved_rule,legacy_category_rule,DSD-ENIGMALIFE,exact_unique,false,,材料,材料,塑鋼牙
DSD-L-A1-K22,Enigma-L 塑鋼牙前齒 A1-K22,Davis Schottlander,removable-prosthetics,acrylic-teeth,material,approved_rule,legacy_category_rule,DSD-ENIGMALIFE,exact_unique,false,,材料,材料,塑鋼牙
DSD-L-A1-K24B,Enigma-L 塑鋼牙前齒 A1-K24B,Davis Schottlander,removable-prosthetics,acrylic-teeth,material,approved_rule,legacy_category_rule,DSD-ENIGMALIFE,exact_unique,false,,材料,材料,塑鋼牙
DSD-L-A1-K25,Enigma-L 塑鋼牙前齒 A1-K25,Davis Schottlander,removable-prosthetics,acrylic-teeth,material,approved_rule,legacy_category_rule,DSD-ENIGMALIFE,exact_unique,false,,材料,材料,塑鋼牙
DSD-L-A1-K27,Enigma-L 塑鋼牙前齒 A1-K27,Davis Schottlander,removable-prosthetics,acrylic-teeth,material,approved_rule,legacy_category_rule,DSD-ENIGMALIFE,exact_unique,false,,材料,材料,塑鋼牙
DSD-L-A1-K41,Enigma-L 塑鋼牙前齒 A1-K41,Davis Schottlander,removable-prosthetics,acrylic-teeth,material,approved_rule,legacy_category_rule,DSD-ENIGMALIFE,exact_unique,false,,材料,材料,塑鋼牙
DSD-L-A1-L10,Enigma-L 塑鋼牙前齒 A1-L10,Davis Schottlander,removable-prosthetics,acrylic-teeth,material,approved_rule,legacy_category_rule,DSD-ENIGMALIFE,exact_unique,false,,材料,材料,塑鋼牙
DSD-L-A1-L11,Enigma-L 塑鋼牙前齒 A1-L11,Davis Schottlander,removable-prosthetics,acrylic-teeth,material,approved_rule,legacy_category_rule,DSD-ENIGMALIFE,exact_unique,false,,材料,材料,塑鋼牙
DSD-L-A1-L3,Enigma-L 塑鋼牙前齒 A1-L3,Davis Schottlander,removable-prosthetics,acrylic-teeth,material,approved_rule,legacy_category_rule,DSD-ENIGMALIFE,exact_unique,false,,材料,材料,塑鋼牙
DSD-L-A1-L4,Enigma-L 塑鋼牙前齒 A1-L4,Davis Schottlander,removable-prosthetics,acrylic-teeth,material,approved_rule,legacy_category_rule,DSD-ENIGMALIFE,exact_unique,false,,材料,材料,塑鋼牙
DSD-L-A1-L5,Enigma-L 塑鋼牙前齒 A1-L5,Davis Schottlander,removable-prosthetics,acrylic-teeth,material,approved_rule,legacy_category_rule,DSD-ENIGMALIFE,exact_unique,false,,材料,材料,塑鋼牙
DSD-L-A1-L6,Enigma-L 塑鋼牙前齒 A1-L6,Davis Schottlander,removable-prosthetics,acrylic-teeth,material,approved_rule,legacy_category_rule,DSD-ENIGMALIFE,exact_unique,false,,材料,材料,塑鋼牙
DSD-L-A1-L7,Enigma-L 塑鋼牙前齒 A1-L7,Davis Schottlander,removable-prosthetics,acrylic-teeth,material,approved_rule,legacy_category_rule,DSD-ENIGMALIFE,exact_unique,false,,材料,材料,塑鋼牙
DSD-L-A1-L8,Enigma-L 塑鋼牙前齒 A1-L8,Davis Schottlander,removable-prosthetics,acrylic-teeth,material,approved_rule,legacy_category_rule,DSD-ENIGMALIFE,exact_unique,false,,材料,材料,塑鋼牙
DSD-L-A1-L9,Enigma-L 塑鋼牙前齒 A1-L9,Davis Schottlander,removable-prosthetics,acrylic-teeth,material,approved_rule,legacy_category_rule,DSD-ENIGMALIFE,exact_unique,false,,材料,材料,塑鋼牙
DSD-L-A1-P1L,Enigma-L 塑鋼牙臼齒 A1-P1下,Davis Schottlander,removable-prosthetics,acrylic-teeth,material,approved_rule,legacy_category_rule,DSD-ENIGMALIFE,exact_unique,false,,材料,材料,塑鋼牙
DSD-L-A1-P1U,Enigma-L 塑鋼牙臼齒 A1-P1上,Davis Schottlander,removable-prosthetics,acrylic-teeth,material,approved_rule,legacy_category_rule,DSD-ENIGMALIFE,exact_unique,false,,材料,材料,塑鋼牙
DSD-L-A1-P3L,Enigma-L 塑鋼牙臼齒 A1-P3下,Davis Schottlander,removable-prosthetics,acrylic-teeth,material,approved_rule,legacy_category_rule,DSD-ENIGMALIFE,exact_unique,false,,材料,材料,塑鋼牙
DSD-L-A1-P3U,Enigma-L 塑鋼牙臼齒 A1-P3上,Davis Schottlander,removable-prosthetics,acrylic-teeth,material,approved_rule,legacy_category_rule,DSD-ENIGMALIFE,exact_unique,false,,材料,材料,塑鋼牙
DSD-L-A1-P4L,Enigma-L 塑鋼牙臼齒 A1-P4下,Davis Schottlander,removable-prosthetics,acrylic-teeth,material,approved_rule,legacy_category_rule,DSD-ENIGMALIFE,exact_unique,false,,材料,材料,塑鋼牙
DSD-L-A1-P4U,Enigma-L 塑鋼牙臼齒 A1-P4上,Davis Schottlander,removable-prosthetics,acrylic-teeth,material,approved_rule,legacy_category_rule,DSD-ENIGMALIFE,exact_unique,false,,材料,材料,塑鋼牙
DSD-L-A1-P5L,Enigma-L 塑鋼牙臼齒 A1-P5下,Davis Schottlander,removable-prosthetics,acrylic-teeth,material,approved_rule,legacy_category_rule,DSD-ENIGMALIFE,exact_unique,false,,材料,材料,塑鋼牙
DSD-L-A1-P5U,Enigma-L 塑鋼牙臼齒 A1-P5上,Davis Schottlander,removable-prosthetics,acrylic-teeth,material,approved_rule,legacy_category_rule,DSD-ENIGMALIFE,exact_unique,false,,材料,材料,塑鋼牙
DSD-L-A1-P6L,Enigma-L 塑鋼牙臼齒 A1-P6下,Davis Schottlander,removable-prosthetics,acrylic-teeth,material,approved_rule,legacy_category_rule,DSD-ENIGMALIFE,exact_unique,false,,材料,材料,塑鋼牙
DSD-L-A1-P6U,Enigma-L 塑鋼牙臼齒 A1-P6上,Davis Schottlander,removable-prosthetics,acrylic-teeth,material,approved_rule,legacy_category_rule,DSD-ENIGMALIFE,exact_unique,false,,材料,材料,塑鋼牙
DSD-L-A1-S11,Enigma-L 塑鋼牙前齒 A1-S11,Davis Schottlander,removable-prosthetics,acrylic-teeth,material,approved_rule,legacy_category_rule,DSD-ENIGMALIFE,exact_unique,false,,材料,材料,塑鋼牙
DSD-L-A1-S12,Enigma-L 塑鋼牙前齒 A1-S12,Davis Schottlander,removable-prosthetics,acrylic-teeth,material,approved_rule,legacy_category_rule,DSD-ENIGMALIFE,exact_unique,false,,材料,材料,塑鋼牙
DSD-L-A1-S13,Enigma-L 塑鋼牙前齒 A1-S13,Davis Schottlander,removable-prosthetics,acrylic-teeth,material,approved_rule,legacy_category_rule,DSD-ENIGMALIFE,exact_unique,false,,材料,材料,塑鋼牙
DSD-L-A1-S14,Enigma-L 塑鋼牙前齒 A1-S14,Davis Schottlander,removable-prosthetics,acrylic-teeth,material,approved_rule,legacy_category_rule,DSD-ENIGMALIFE,exact_unique,false,,材料,材料,塑鋼牙
DSD-L-A1-S15,Enigma-L 塑鋼牙前齒 A1-S15,Davis Schottlander,removable-prosthetics,acrylic-teeth,material,approved_rule,legacy_category_rule,DSD-ENIGMALIFE,exact_unique,false,,材料,材料,塑鋼牙
DSD-L-A1-S17,Enigma-L 塑鋼牙前齒 A1-S17,Davis Schottlander,removable-prosthetics,acrylic-teeth,material,approved_rule,legacy_category_rule,DSD-ENIGMALIFE,exact_unique,false,,材料,材料,塑鋼牙
DSD-L-A1-S4L,Enigma-L 塑鋼牙臼齒 A1-S4下,Davis Schottlander,removable-prosthetics,acrylic-teeth,material,approved_rule,legacy_category_rule,DSD-ENIGMALIFE,exact_unique,false,,材料,材料,塑鋼牙
DSD-L-A1-S4U,Enigma-L 塑鋼牙臼齒 A1-S4上,Davis Schottlander,removable-prosthetics,acrylic-teeth,material,approved_rule,legacy_category_rule,DSD-ENIGMALIFE,exact_unique,false,,材料,材料,塑鋼牙
DSD-L-A1-S66,Enigma-L 塑鋼牙前齒 A1-S66,Davis Schottlander,removable-prosthetics,acrylic-teeth,material,approved_rule,legacy_category_rule,DSD-ENIGMALIFE,exact_unique,false,,材料,材料,塑鋼牙
DSD-L-A1-S6L,Enigma-L 塑鋼牙臼齒 A1-S6下,Davis Schottlander,removable-prosthetics,acrylic-teeth,material,approved_rule,legacy_category_rule,DSD-ENIGMALIFE,exact_unique,false,,材料,材料,塑鋼牙
DSD-L-A1-S6U,Enigma-L 塑鋼牙臼齒 A1-S6上,Davis Schottlander,removable-prosthetics,acrylic-teeth,material,approved_rule,legacy_category_rule,DSD-ENIGMALIFE,exact_unique,false,,材料,材料,塑鋼牙
DSD-L-A1-S8L,Enigma-L 塑鋼牙臼齒 A1-S8下,Davis Schottlander,removable-prosthetics,acrylic-teeth,material,approved_rule,legacy_category_rule,DSD-ENIGMALIFE,exact_unique,false,,材料,材料,塑鋼牙
DSD-L-A1-S8U,Enigma-L 塑鋼牙臼齒 A1-S8上,Davis Schottlander,removable-prosthetics,acrylic-teeth,material,approved_rule,legacy_category_rule,DSD-ENIGMALIFE,exact_unique,false,,材料,材料,塑鋼牙
DSD-L-A2-D36,Enigma-L 塑鋼牙前齒 A2-D36,Davis Schottlander,removable-prosthetics,acrylic-teeth,material,approved_rule,legacy_category_rule,DSD-ENIGMALIFE,exact_unique,false,,材料,材料,塑鋼牙
DSD-L-A2-D56,Enigma-L 塑鋼牙前齒 A2-D56,Davis Schottlander,removable-prosthetics,acrylic-teeth,material,approved_rule,legacy_category_rule,DSD-ENIGMALIFE,exact_unique,false,,材料,材料,塑鋼牙
DSD-L-A2-D76,Enigma-L 塑鋼牙前齒 A2-D76,Davis Schottlander,removable-prosthetics,acrylic-teeth,material,approved_rule,legacy_category_rule,DSD-ENIGMALIFE,exact_unique,false,,材料,材料,塑鋼牙
DSD-L-A2-D77,Enigma-L 塑鋼牙前齒 A2-D77,Davis Schottlander,removable-prosthetics,acrylic-teeth,material,approved_rule,legacy_category_rule,DSD-ENIGMALIFE,exact_unique,false,,材料,材料,塑鋼牙
DSD-L-A2-D88,Enigma-L 塑鋼牙前齒 A2-D88,Davis Schottlander,removable-prosthetics,acrylic-teeth,material,approved_rule,legacy_category_rule,DSD-ENIGMALIFE,exact_unique,false,,材料,材料,塑鋼牙
DSD-L-A2-D99,Enigma-L 塑鋼牙前齒 A2-D99,Davis Schottlander,removable-prosthetics,acrylic-teeth,material,approved_rule,legacy_category_rule,DSD-ENIGMALIFE,exact_unique,false,,材料,材料,塑鋼牙
DSD-L-A2-IR10,Enigma-L 塑鋼牙前齒 A2-IR10,Davis Schottlander,removable-prosthetics,acrylic-teeth,material,approved_rule,legacy_category_rule,DSD-ENIGMALIFE,exact_unique,false,,材料,材料,塑鋼牙
DSD-L-A2-IR4,Enigma-L 塑鋼牙前齒 A2-IR4,Davis Schottlander,removable-prosthetics,acrylic-teeth,material,approved_rule,legacy_category_rule,DSD-ENIGMALIFE,exact_unique,false,,材料,材料,塑鋼牙
DSD-L-A2-IR6,Enigma-L 塑鋼牙前齒 A2-IR6,Davis Schottlander,removable-prosthetics,acrylic-teeth,material,approved_rule,legacy_category_rule,DSD-ENIGMALIFE,exact_unique,false,,材料,材料,塑鋼牙
DSD-L-A2-IR8,Enigma-L 塑鋼牙前齒 A2-IR8,Davis Schottlander,removable-prosthetics,acrylic-teeth,material,approved_rule,legacy_category_rule,DSD-ENIGMALIFE,exact_unique,false,,材料,材料,塑鋼牙
DSD-L-A2-IS4,Enigma-L 塑鋼牙前齒 A2-IS4,Davis Schottlander,removable-prosthetics,acrylic-teeth,material,approved_rule,legacy_category_rule,DSD-ENIGMALIFE,exact_unique,false,,材料,材料,塑鋼牙
DSD-L-A2-IS6,Enigma-L 塑鋼牙前齒 A2-IS6,Davis Schottlander,removable-prosthetics,acrylic-teeth,material,approved_rule,legacy_category_rule,DSD-ENIGMALIFE,exact_unique,false,,材料,材料,塑鋼牙
DSD-L-A2-IS8,Enigma-L 塑鋼牙前齒 A2-IS8,Davis Schottlander,removable-prosthetics,acrylic-teeth,material,approved_rule,legacy_category_rule,DSD-ENIGMALIFE,exact_unique,false,,材料,材料,塑鋼牙
DSD-L-A2-IT4,Enigma-L 塑鋼牙前齒 A2-IT4,Davis Schottlander,removable-prosthetics,acrylic-teeth,material,approved_rule,legacy_category_rule,DSD-ENIGMALIFE,exact_unique,false,,材料,材料,塑鋼牙
DSD-L-A2-IT6,Enigma-L 塑鋼牙前齒 A2-IT6,Davis Schottlander,removable-prosthetics,acrylic-teeth,material,approved_rule,legacy_category_rule,DSD-ENIGMALIFE,exact_unique,false,,材料,材料,塑鋼牙
DSD-L-A2-IT8,Enigma-L 塑鋼牙前齒 A2-IT8,Davis Schottlander,removable-prosthetics,acrylic-teeth,material,approved_rule,legacy_category_rule,DSD-ENIGMALIFE,exact_unique,false,,材料,材料,塑鋼牙
DSD-L-A2-K22,Enigma-L 塑鋼牙前齒 A2-K22,Davis Schottlander,removable-prosthetics,acrylic-teeth,material,approved_rule,legacy_category_rule,DSD-ENIGMALIFE,exact_unique,false,,材料,材料,塑鋼牙
DSD-L-A2-K24B,Enigma-L 塑鋼牙前齒 A2-K24B,Davis Schottlander,removable-prosthetics,acrylic-teeth,material,approved_rule,legacy_category_rule,DSD-ENIGMALIFE,exact_unique,false,,材料,材料,塑鋼牙
DSD-L-A2-K25,Enigma-L 塑鋼牙前齒 A2-K25,Davis Schottlander,removable-prosthetics,acrylic-teeth,material,approved_rule,legacy_category_rule,DSD-ENIGMALIFE,exact_unique,false,,材料,材料,塑鋼牙
DSD-L-A2-K27,Enigma-L 塑鋼牙前齒 A2-K27,Davis Schottlander,removable-prosthetics,acrylic-teeth,material,approved_rule,legacy_category_rule,DSD-ENIGMALIFE,exact_unique,false,,材料,材料,塑鋼牙
DSD-L-A2-K41,Enigma-L 塑鋼牙前齒 A2-K41,Davis Schottlander,removable-prosthetics,acrylic-teeth,material,approved_rule,legacy_category_rule,DSD-ENIGMALIFE,exact_unique,false,,材料,材料,塑鋼牙
DSD-L-A2-L10,Enigma-L 塑鋼牙前齒 A2-L10,Davis Schottlander,removable-prosthetics,acrylic-teeth,material,approved_rule,legacy_category_rule,DSD-ENIGMALIFE,exact_unique,false,,材料,材料,塑鋼牙
DSD-L-A2-L11,Enigma-L 塑鋼牙前齒 A2-L11,Davis Schottlander,removable-prosthetics,acrylic-teeth,material,approved_rule,legacy_category_rule,DSD-ENIGMALIFE,exact_unique,false,,材料,材料,塑鋼牙
DSD-L-A2-L3,Enigma-L 塑鋼牙前齒 A2-L3,Davis Schottlander,removable-prosthetics,acrylic-teeth,material,approved_rule,legacy_category_rule,DSD-ENIGMALIFE,exact_unique,false,,材料,材料,塑鋼牙
DSD-L-A2-L4,Enigma-L 塑鋼牙前齒 A2-L4,Davis Schottlander,removable-prosthetics,acrylic-teeth,material,approved_rule,legacy_category_rule,DSD-ENIGMALIFE,exact_unique,false,,材料,材料,塑鋼牙
DSD-L-A2-L5,Enigma-L 塑鋼牙前齒 A2-L5,Davis Schottlander,removable-prosthetics,acrylic-teeth,material,approved_rule,legacy_category_rule,DSD-ENIGMALIFE,exact_unique,false,,材料,材料,塑鋼牙
DSD-L-A2-L6,Enigma-L 塑鋼牙前齒 A2-L6,Davis Schottlander,removable-prosthetics,acrylic-teeth,material,approved_rule,legacy_category_rule,DSD-ENIGMALIFE,exact_unique,false,,材料,材料,塑鋼牙
DSD-L-A2-L7,Enigma-L 塑鋼牙前齒 A2-L7,Davis Schottlander,removable-prosthetics,acrylic-teeth,material,approved_rule,legacy_category_rule,DSD-ENIGMALIFE,exact_unique,false,,材料,材料,塑鋼牙
DSD-L-A2-L8,Enigma-L 塑鋼牙前齒 A2-L8,Davis Schottlander,removable-prosthetics,acrylic-teeth,material,approved_rule,legacy_category_rule,DSD-ENIGMALIFE,exact_unique,false,,材料,材料,塑鋼牙
DSD-L-A2-L9,Enigma-L 塑鋼牙前齒 A2-L9,Davis Schottlander,removable-prosthetics,acrylic-teeth,material,approved_rule,legacy_category_rule,DSD-ENIGMALIFE,exact_unique,false,,材料,材料,塑鋼牙
DSD-L-A2-P1L,Enigma-L 塑鋼牙臼齒 A2-P1下,Davis Schottlander,removable-prosthetics,acrylic-teeth,material,approved_rule,legacy_category_rule,DSD-ENIGMALIFE,exact_unique,false,,材料,材料,塑鋼牙
DSD-L-A2-P1U,Enigma-L 塑鋼牙臼齒 A2-P1上,Davis Schottlander,removable-prosthetics,acrylic-teeth,material,approved_rule,legacy_category_rule,DSD-ENIGMALIFE,exact_unique,false,,材料,材料,塑鋼牙
DSD-L-A2-P2L,Enigma-L 塑鋼牙臼齒 A2-P2下,Davis Schottlander,removable-prosthetics,acrylic-teeth,material,approved_rule,legacy_category_rule,DSD-ENIGMALIFE,exact_unique,false,,材料,材料,塑鋼牙
DSD-L-A2-P2U,Enigma-L 塑鋼牙臼齒 A2-P2上,Davis Schottlander,removable-prosthetics,acrylic-teeth,material,approved_rule,legacy_category_rule,DSD-ENIGMALIFE,exact_unique,false,,材料,材料,塑鋼牙
DSD-L-A2-P3L,Enigma-L 塑鋼牙臼齒 A2-P3下,Davis Schottlander,removable-prosthetics,acrylic-teeth,material,approved_rule,legacy_category_rule,DSD-ENIGMALIFE,exact_unique,false,,材料,材料,塑鋼牙
DSD-L-A2-P3U,Enigma-L 塑鋼牙臼齒 A2-P3上,Davis Schottlander,removable-prosthetics,acrylic-teeth,material,approved_rule,legacy_category_rule,DSD-ENIGMALIFE,exact_unique,false,,材料,材料,塑鋼牙
DSD-L-A2-P4L,Enigma-L 塑鋼牙臼齒 A2-P4下,Davis Schottlander,removable-prosthetics,acrylic-teeth,material,approved_rule,legacy_category_rule,DSD-ENIGMALIFE,exact_unique,false,,材料,材料,塑鋼牙
DSD-L-A2-P4U,Enigma-L 塑鋼牙臼齒 A2-P4上,Davis Schottlander,removable-prosthetics,acrylic-teeth,material,approved_rule,legacy_category_rule,DSD-ENIGMALIFE,exact_unique,false,,材料,材料,塑鋼牙
DSD-L-A2-P5L,Enigma-L 塑鋼牙臼齒 A2-P5下,Davis Schottlander,removable-prosthetics,acrylic-teeth,material,approved_rule,legacy_category_rule,DSD-ENIGMALIFE,exact_unique,false,,材料,材料,塑鋼牙
DSD-L-A2-P5U,Enigma-L 塑鋼牙臼齒 A2-P5上,Davis Schottlander,removable-prosthetics,acrylic-teeth,material,approved_rule,legacy_category_rule,DSD-ENIGMALIFE,exact_unique,false,,材料,材料,塑鋼牙
DSD-L-A2-P6L,Enigma-L 塑鋼牙臼齒 A2-P6下,Davis Schottlander,removable-prosthetics,acrylic-teeth,material,approved_rule,legacy_category_rule,DSD-ENIGMALIFE,exact_unique,false,,材料,材料,塑鋼牙
DSD-L-A2-P6U,Enigma-L 塑鋼牙臼齒 A2-P6上,Davis Schottlander,removable-prosthetics,acrylic-teeth,material,approved_rule,legacy_category_rule,DSD-ENIGMALIFE,exact_unique,false,,材料,材料,塑鋼牙
DSD-L-A2-S11,Enigma-L 塑鋼牙前齒 A2-S11,Davis Schottlander,removable-prosthetics,acrylic-teeth,material,approved_rule,legacy_category_rule,DSD-ENIGMALIFE,exact_unique,false,,材料,材料,塑鋼牙
DSD-L-A2-S12,Enigma-L 塑鋼牙前齒 A2-S12,Davis Schottlander,removable-prosthetics,acrylic-teeth,material,approved_rule,legacy_category_rule,DSD-ENIGMALIFE,exact_unique,false,,材料,材料,塑鋼牙
DSD-L-A2-S13,Enigma-L 塑鋼牙前齒 A2-S13,Davis Schottlander,removable-prosthetics,acrylic-teeth,material,approved_rule,legacy_category_rule,DSD-ENIGMALIFE,exact_unique,false,,材料,材料,塑鋼牙
DSD-L-A2-S14,Enigma-L 塑鋼牙前齒 A2-S14,Davis Schottlander,removable-prosthetics,acrylic-teeth,material,approved_rule,legacy_category_rule,DSD-ENIGMALIFE,exact_unique,false,,材料,材料,塑鋼牙
DSD-L-A2-S15,Enigma-L 塑鋼牙前齒 A2-S15,Davis Schottlander,removable-prosthetics,acrylic-teeth,material,approved_rule,legacy_category_rule,DSD-ENIGMALIFE,exact_unique,false,,材料,材料,塑鋼牙
DSD-L-A2-S17,Enigma-L 塑鋼牙前齒 A2-S17,Davis Schottlander,removable-prosthetics,acrylic-teeth,material,approved_rule,legacy_category_rule,DSD-ENIGMALIFE,exact_unique,false,,材料,材料,塑鋼牙
DSD-L-A2-S4L,Enigma-L 塑鋼牙臼齒 A2-S4下,Davis Schottlander,removable-prosthetics,acrylic-teeth,material,approved_rule,legacy_category_rule,DSD-ENIGMALIFE,exact_unique,false,,材料,材料,塑鋼牙
DSD-L-A2-S4U,Enigma-L 塑鋼牙臼齒 A2-S4上,Davis Schottlander,removable-prosthetics,acrylic-teeth,material,approved_rule,legacy_category_rule,DSD-ENIGMALIFE,exact_unique,false,,材料,材料,塑鋼牙
DSD-L-A2-S66,Enigma-L 塑鋼牙前齒 A2-S66,Davis Schottlander,removable-prosthetics,acrylic-teeth,material,approved_rule,legacy_category_rule,DSD-ENIGMALIFE,exact_unique,false,,材料,材料,塑鋼牙
DSD-L-A2-S6L,Enigma-L 塑鋼牙臼齒 A2-S6下,Davis Schottlander,removable-prosthetics,acrylic-teeth,material,approved_rule,legacy_category_rule,DSD-ENIGMALIFE,exact_unique,false,,材料,材料,塑鋼牙
DSD-L-A2-S6U,Enigma-L 塑鋼牙臼齒 A2-S6上,Davis Schottlander,removable-prosthetics,acrylic-teeth,material,approved_rule,legacy_category_rule,DSD-ENIGMALIFE,exact_unique,false,,材料,材料,塑鋼牙
DSD-L-A2-S8L,Enigma-L 塑鋼牙臼齒 A2-S8下,Davis Schottlander,removable-prosthetics,acrylic-teeth,material,approved_rule,legacy_category_rule,DSD-ENIGMALIFE,exact_unique,false,,材料,材料,塑鋼牙
DSD-L-A2-S8U,Enigma-L 塑鋼牙臼齒 A2-S8上,Davis Schottlander,removable-prosthetics,acrylic-teeth,material,approved_rule,legacy_category_rule,DSD-ENIGMALIFE,exact_unique,false,,材料,材料,塑鋼牙
DSD-L0562-A3,Matchmaster Body A3 (15g),Davis Schottlander,fixed-restorative,ceramic-material,material,approved_rule,legacy_category_rule,,unmatched,false,,材料,材料,瓷粉 / 陶瓷
DSD-L0564-E9,Matchmaster E9 (15g),Davis Schottlander,fixed-restorative,ceramic-material,material,approved_rule,legacy_category_rule,,unmatched,false,,材料,材料,瓷粉 / 陶瓷
DSD-L0564-TC01,Matchmaster Clear (15g),Davis Schottlander,fixed-restorative,ceramic-material,material,approved_rule,legacy_category_rule,,unmatched,false,,材料,材料,瓷粉 / 陶瓷
DSD-M4-15,Matchmaker M4 Rye /15g,Davis Schottlander,lab-production,wax-pressing-material,material,approved_rule,legacy_category_rule,,unmatched,false,,材料,材料,蠟 / 壓鑄材
DSD-MG1-15,Matchmaker Gingival MG1 /15g,Davis Schottlander,lab-production,wax-pressing-material,material,approved_rule,legacy_category_rule,,unmatched,false,,材料,材料,蠟 / 壓鑄材
DSD-MG2-15,Matchmaker Gingival MG2 /15g,Davis Schottlander,lab-production,wax-pressing-material,material,approved_rule,legacy_category_rule,,unmatched,false,,材料,材料,蠟 / 壓鑄材
DSD-MG3-15,Matchmaker Gingival MG3 /15g,Davis Schottlander,lab-production,wax-pressing-material,material,approved_rule,legacy_category_rule,,unmatched,false,,材料,材料,蠟 / 壓鑄材
DSD-MM1-15,Master Modifiers MM1 (White)/15g,Davis Schottlander,fixed-restorative,ceramic-material,material,approved_rule,legacy_category_rule,,unmatched,false,,材料,材料,瓷粉 / 陶瓷
DSD-MM2-15,Master Modifiers MM2 (Yellow)/15g,Davis Schottlander,fixed-restorative,ceramic-material,material,approved_rule,legacy_category_rule,,unmatched,false,,材料,材料,瓷粉 / 陶瓷
DSD-MM3-15,Master Modifiers MM3 (Intense Yellow)/15g,Davis Schottlander,fixed-restorative,ceramic-material,material,approved_rule,legacy_category_rule,,unmatched,false,,材料,材料,瓷粉 / 陶瓷
DSD-MM4-15,Master Modifiers MM4 (Light Brown)/15g,Davis Schottlander,fixed-restorative,ceramic-material,material,approved_rule,legacy_category_rule,,unmatched,false,,材料,材料,瓷粉 / 陶瓷
DSD-MM5-15,Master Modifiers MM5 (Dark Brown)/15g,Davis Schottlander,fixed-restorative,ceramic-material,material,approved_rule,legacy_category_rule,,unmatched,false,,材料,材料,瓷粉 / 陶瓷
DSD-MM6-15,Master Modifiers MM6 (Pink)/15g,Davis Schottlander,fixed-restorative,ceramic-material,material,approved_rule,legacy_category_rule,,unmatched,false,,材料,材料,瓷粉 / 陶瓷
DSD-MM7-15,Master Modifiers MM7 (Blue)/15g,Davis Schottlander,fixed-restorative,ceramic-material,material,approved_rule,legacy_category_rule,,unmatched,false,,材料,材料,瓷粉 / 陶瓷
DSD-MM8-15,Master Modifiers MM8 (Green)/15g,Davis Schottlander,fixed-restorative,ceramic-material,material,approved_rule,legacy_category_rule,,unmatched,false,,材料,材料,瓷粉 / 陶瓷
DSD-MM9-15,Master Modifiers MM9 (Gray)/15g,Davis Schottlander,fixed-restorative,ceramic-material,material,approved_rule,legacy_category_rule,,unmatched,false,,材料,材料,瓷粉 / 陶瓷
DSD-OA1-50,Matchmaker Opaque A1/50g,Davis Schottlander,fixed-restorative,ceramic-material,material,approved_rule,legacy_category_rule,,unmatched,false,,材料,材料,瓷粉 / 陶瓷
DSD-OA2-50,Matchmaker Opaque A2/50g,Davis Schottlander,fixed-restorative,ceramic-material,material,approved_rule,legacy_category_rule,,unmatched,false,,材料,材料,瓷粉 / 陶瓷
DSD-OA3-50,Matchmaker Opaque A3/50g,Davis Schottlander,fixed-restorative,ceramic-material,material,approved_rule,legacy_category_rule,,unmatched,false,,材料,材料,瓷粉 / 陶瓷
DSD-OA3.5-50,Matchmaker Opaque A3.5/50g,Davis Schottlander,fixed-restorative,ceramic-material,material,approved_rule,legacy_category_rule,,unmatched,false,,材料,材料,瓷粉 / 陶瓷
DSD-OA4-15,Matchmaker Opaque A4/15g,Davis Schottlander,fixed-restorative,ceramic-material,material,approved_rule,legacy_category_rule,,unmatched,false,,材料,材料,瓷粉 / 陶瓷
DSD-OA4-50,Matchmaker Opaque A4/50g,Davis Schottlander,fixed-restorative,ceramic-material,material,approved_rule,legacy_category_rule,,unmatched,false,,材料,材料,瓷粉 / 陶瓷
DSD-OB1-50,Matchmaker Opaque B1/50g,Davis Schottlander,fixed-restorative,ceramic-material,material,approved_rule,legacy_category_rule,,unmatched,false,,材料,材料,瓷粉 / 陶瓷
DSD-OB2-50,Matchmaker Opaque B2/50g,Davis Schottlander,fixed-restorative,ceramic-material,material,approved_rule,legacy_category_rule,,unmatched,false,,材料,材料,瓷粉 / 陶瓷
DSD-OB3-50,Matchmaker Opaque B3/50g,Davis Schottlander,fixed-restorative,ceramic-material,material,approved_rule,legacy_category_rule,,unmatched,false,,材料,材料,瓷粉 / 陶瓷
DSD-OB4-50,Matchmaker Opaque B4/50g,Davis Schottlander,fixed-restorative,ceramic-material,material,approved_rule,legacy_category_rule,,unmatched,false,,材料,材料,瓷粉 / 陶瓷
DSD-OC1-50,Matchmaker Opaque C1/50g,Davis Schottlander,fixed-restorative,ceramic-material,material,approved_rule,legacy_category_rule,,unmatched,false,,材料,材料,瓷粉 / 陶瓷
DSD-OC2-50,Matchmaker Opaque C2/50g,Davis Schottlander,fixed-restorative,ceramic-material,material,approved_rule,legacy_category_rule,,unmatched,false,,材料,材料,瓷粉 / 陶瓷
DSD-OC3-15,Occlusal OC3 (15g),Davis Schottlander,fixed-restorative,ceramic-material,material,approved_rule,legacy_category_rule,,unmatched,false,,材料,材料,瓷粉 / 陶瓷
DSD-OC3-50,Matchmaker Opaque C3/50g,Davis Schottlander,fixed-restorative,ceramic-material,material,approved_rule,legacy_category_rule,,unmatched,false,,材料,材料,瓷粉 / 陶瓷
DSD-OC4-15,Matchmaker OC4 Amber /15g,Davis Schottlander,lab-production,wax-pressing-material,material,approved_rule,legacy_category_rule,,unmatched,false,,材料,材料,蠟 / 壓鑄材
DSD-OC4-50,Matchmaker Opaque C4/50g,Davis Schottlander,fixed-restorative,ceramic-material,material,approved_rule,legacy_category_rule,,unmatched,false,,材料,材料,瓷粉 / 陶瓷
DSD-OD2-50,Matchmaker Opaque D2/50g,Davis Schottlander,fixed-restorative,ceramic-material,material,approved_rule,legacy_category_rule,,unmatched,false,,材料,材料,瓷粉 / 陶瓷
DSD-OD3-50,Matchmaker Opaque D3/50g,Davis Schottlander,fixed-restorative,ceramic-material,material,approved_rule,legacy_category_rule,,unmatched,false,,材料,材料,瓷粉 / 陶瓷
DSD-OD31-15,MM OPA Body 加強色 OD31/15g,Davis Schottlander,fixed-restorative,ceramic-material,material,approved_rule,legacy_category_rule,,unmatched,false,,材料,材料,瓷粉 / 陶瓷
DSD-OD32-15,MM OPA Body 加強色 OD32/15g,Davis Schottlander,fixed-restorative,ceramic-material,material,approved_rule,legacy_category_rule,,unmatched,false,,材料,材料,瓷粉 / 陶瓷
DSD-OD33-15,MM OPA Body 加強色 OD33/15g,Davis Schottlander,fixed-restorative,ceramic-material,material,approved_rule,legacy_category_rule,,unmatched,false,,材料,材料,瓷粉 / 陶瓷
DSD-OD34-15,MM OPA Body 加強色 OD34/15g,Davis Schottlander,fixed-restorative,ceramic-material,material,approved_rule,legacy_category_rule,,unmatched,false,,材料,材料,瓷粉 / 陶瓷
DSD-OD35-15,MM OPA Body 加強色 OD35/15g,Davis Schottlander,fixed-restorative,ceramic-material,material,approved_rule,legacy_category_rule,,unmatched,false,,材料,材料,瓷粉 / 陶瓷
DSD-OD36-15,MM OPA Body 加強色 OD36/15g,Davis Schottlander,fixed-restorative,ceramic-material,material,approved_rule,legacy_category_rule,,unmatched,false,,材料,材料,瓷粉 / 陶瓷
DSD-OD37-15,MM OPA Body 加強色 OD37/15g,Davis Schottlander,fixed-restorative,ceramic-material,material,approved_rule,legacy_category_rule,,unmatched,false,,材料,材料,瓷粉 / 陶瓷
DSD-OD4-50,Matchmaker Opaque D4/50g,Davis Schottlander,fixed-restorative,ceramic-material,material,approved_rule,legacy_category_rule,,unmatched,false,,材料,材料,瓷粉 / 陶瓷
DSD-OL8-15,Matchmaker MC Opal OL8/15g,Davis Schottlander,fixed-restorative,ceramic-material,material,approved_rule,legacy_category_rule,,unmatched,false,,材料,材料,瓷粉 / 陶瓷
DSD-OL9-15,Matchmaker MC Opal OL9/15g,Davis Schottlander,fixed-restorative,ceramic-material,material,approved_rule,legacy_category_rule,,unmatched,false,,材料,材料,瓷粉 / 陶瓷
DSD-OPAL-Neutral,Opal OPAL Neutralk 蛋青加強色(50g),Davis Schottlander,fixed-restorative,ceramic-material,material,approved_rule,researched_sku_rule,,unmatched,false,,材料,材料,其他材料
DSD-OPAL-OL10,Opal Luster OL10 蛋青加強色(15g),Davis Schottlander,fixed-restorative,ceramic-material,material,approved_rule,researched_sku_rule,,unmatched,false,,材料,材料,其他材料
DSD-OPAL-OL7,Opal Luster OL7 蛋青加強色(15g),Davis Schottlander,fixed-restorative,ceramic-material,material,approved_rule,researched_sku_rule,,unmatched,false,,材料,材料,其他材料
DSD-OPAL-OL8,Opal Luster OL8 蛋青加強色(15g),Davis Schottlander,fixed-restorative,ceramic-material,material,approved_rule,researched_sku_rule,,unmatched,false,,材料,材料,其他材料
DSD-OPAL-OL9,Opal Luster OL9 蛋青加強色(15g),Davis Schottlander,fixed-restorative,ceramic-material,material,approved_rule,researched_sku_rule,,unmatched,false,,材料,材料,其他材料
DSD-PRO-1,Propaque Paste Blosson (3.2g),Davis Schottlander,fixed-restorative,ceramic-material,material,approved_rule,legacy_category_rule,,unmatched,false,,材料,材料,瓷粉 / 陶瓷
DSD-PRO-OA1,Propaque Paste A1 (3.2g),Davis Schottlander,fixed-restorative,ceramic-material,material,approved_rule,legacy_category_rule,,unmatched,false,,材料,材料,瓷粉 / 陶瓷
DSD-PRO-OA2,Propaque Paste A2 (3.2g),Davis Schottlander,fixed-restorative,ceramic-material,material,approved_rule,legacy_category_rule,,unmatched,false,,材料,材料,瓷粉 / 陶瓷
DSD-PRO-OA3,Propaque Paste A3 (3.2g),Davis Schottlander,fixed-restorative,ceramic-material,material,approved_rule,legacy_category_rule,,unmatched,false,,材料,材料,瓷粉 / 陶瓷
DSD-PRO-OA3.5,Propaque Paste A3.5 (3.2g),Davis Schottlander,fixed-restorative,ceramic-material,material,approved_rule,legacy_category_rule,,unmatched,false,,材料,材料,瓷粉 / 陶瓷
DSD-PRO-OA4,Propaque Paste A4 (3.2g),Davis Schottlander,fixed-restorative,ceramic-material,material,approved_rule,legacy_category_rule,,unmatched,false,,材料,材料,瓷粉 / 陶瓷
DSD-PRO-OB1,Propaque Paste B1 (3.2g),Davis Schottlander,fixed-restorative,ceramic-material,material,approved_rule,legacy_category_rule,,unmatched,false,,材料,材料,瓷粉 / 陶瓷
DSD-PRO-OB2,Propaque Paste B2 (3.2g),Davis Schottlander,fixed-restorative,ceramic-material,material,approved_rule,legacy_category_rule,,unmatched,false,,材料,材料,瓷粉 / 陶瓷
DSD-PRO-OB3,Propaque Paste B3 (3.2g),Davis Schottlander,fixed-restorative,ceramic-material,material,approved_rule,legacy_category_rule,,unmatched,false,,材料,材料,瓷粉 / 陶瓷
DSD-PRO-OB4,Propaque Paste B4 (3.2g),Davis Schottlander,fixed-restorative,ceramic-material,material,approved_rule,legacy_category_rule,,unmatched,false,,材料,材料,瓷粉 / 陶瓷
DSD-PRO-OC1,Propaque Paste C1 (3.2g),Davis Schottlander,fixed-restorative,ceramic-material,material,approved_rule,legacy_category_rule,,unmatched,false,,材料,材料,瓷粉 / 陶瓷
DSD-PRO-OC2,Propaque Paste C2 (3.2g),Davis Schottlander,fixed-restorative,ceramic-material,material,approved_rule,legacy_category_rule,,unmatched,false,,材料,材料,瓷粉 / 陶瓷
DSD-PRO-OC3,Propaque Paste C3 (3.2g),Davis Schottlander,fixed-restorative,ceramic-material,material,approved_rule,legacy_category_rule,,unmatched,false,,材料,材料,瓷粉 / 陶瓷
DSD-PRO-OC4,Propaque Paste C4 (3.2g),Davis Schottlander,fixed-restorative,ceramic-material,material,approved_rule,legacy_category_rule,,unmatched,false,,材料,材料,瓷粉 / 陶瓷
DSD-PRO-OD2,Propaque Paste D2 (3.2g),Davis Schottlander,fixed-restorative,ceramic-material,material,approved_rule,legacy_category_rule,,unmatched,false,,材料,材料,瓷粉 / 陶瓷
DSD-PRO-OD3,Propaque Paste D3 (3.2g),Davis Schottlander,fixed-restorative,ceramic-material,material,approved_rule,legacy_category_rule,,unmatched,false,,材料,材料,瓷粉 / 陶瓷
DSD-PRO-OD4,Propaque Paste D4 (3.2g),Davis Schottlander,fixed-restorative,ceramic-material,material,approved_rule,legacy_category_rule,,unmatched,false,,材料,材料,瓷粉 / 陶瓷
DSD-SA2-15,Matchmaker Shoulder A2 /15g,Davis Schottlander,fixed-restorative,ceramic-material,material,approved_rule,legacy_category_rule,,unmatched,false,,材料,材料,瓷粉 / 陶瓷
DSD-SA3-15,Matchmaker Shoulder A3 /15g,Davis Schottlander,fixed-restorative,ceramic-material,material,approved_rule,legacy_category_rule,,unmatched,false,,材料,材料,瓷粉 / 陶瓷
DSD-SA3.5-15,Matchmaker Shoulder A3.5 /15g,Davis Schottlander,fixed-restorative,ceramic-material,material,approved_rule,legacy_category_rule,,unmatched,false,,材料,材料,瓷粉 / 陶瓷
DSD-SA4-15,Matchmaker Shoulder A4 /15g,Davis Schottlander,fixed-restorative,ceramic-material,material,approved_rule,legacy_category_rule,,unmatched,false,,材料,材料,瓷粉 / 陶瓷
DSD-SB3-15,Matchmaker Shoulder B3 /15g,Davis Schottlander,fixed-restorative,ceramic-material,material,approved_rule,legacy_category_rule,,unmatched,false,,材料,材料,瓷粉 / 陶瓷
DSD-SC2-15,Matchmaker Shoulder C2 /15g,Davis Schottlander,fixed-restorative,ceramic-material,material,approved_rule,legacy_category_rule,,unmatched,false,,材料,材料,瓷粉 / 陶瓷
DSD-SD3-15,Matchmaker Shoulder D3 /15g,Davis Schottlander,fixed-restorative,ceramic-material,material,approved_rule,legacy_category_rule,,unmatched,false,,材料,材料,瓷粉 / 陶瓷
DSD-STAIN-0086,Matchmaker Stain Kit,Davis Schottlander,color-characterization,external-stain,material,approved_rule,legacy_category_rule,,unmatched,false,,材料,染液色料,染液 - 外染
DSD-STAIN-0086-01,Matchmaker Stain 01 (White),Davis Schottlander,color-characterization,external-stain,material,approved_rule,legacy_category_rule,DSD-STAIN,exact_unique,false,,材料,染液色料,染液 - 外染
DSD-STAIN-0086-02,Matchmaker Stain 02 (Yellow),Davis Schottlander,color-characterization,external-stain,material,approved_rule,legacy_category_rule,DSD-STAIN,exact_unique,false,,材料,染液色料,染液 - 外染
DSD-STAIN-0086-03,Matchmaker Stain 03 (Peach),Davis Schottlander,color-characterization,external-stain,material,approved_rule,legacy_category_rule,DSD-STAIN,exact_unique,false,,材料,染液色料,染液 - 外染
DSD-STAIN-0086-04,Matchmaker Stain 04 (Orange Brown),Davis Schottlander,color-characterization,external-stain,material,approved_rule,legacy_category_rule,DSD-STAIN,exact_unique,false,,材料,染液色料,染液 - 外染
DSD-STAIN-0086-05,Matchmaker Stain 05 (Dark Brown),Davis Schottlander,color-characterization,external-stain,material,approved_rule,legacy_category_rule,DSD-STAIN,exact_unique,false,,材料,染液色料,染液 - 外染
DSD-STAIN-0086-06,Matchmaker Stain 06 (Light Pink),Davis Schottlander,color-characterization,external-stain,material,approved_rule,legacy_category_rule,DSD-STAIN,exact_unique,false,,材料,染液色料,染液 - 外染
DSD-STAIN-0086-07,Matchmaker Stain 07 (Blue),Davis Schottlander,color-characterization,external-stain,material,approved_rule,legacy_category_rule,DSD-STAIN,exact_unique,false,,材料,染液色料,染液 - 外染
DSD-STAIN-0086-08,Matchmaker Stain 08 (Grey),Davis Schottlander,color-characterization,external-stain,material,approved_rule,legacy_category_rule,DSD-STAIN,exact_unique,false,,材料,染液色料,染液 - 外染
DSD-STAIN-0086-09,Matchmaker Stain 09 (Dark Pink),Davis Schottlander,color-characterization,external-stain,material,approved_rule,legacy_category_rule,DSD-STAIN,exact_unique,false,,材料,染液色料,染液 - 外染
DSD-STAIN-0086-10,Matchmaker Stain 10 (Blue Pink),Davis Schottlander,color-characterization,external-stain,material,approved_rule,legacy_category_rule,DSD-STAIN,exact_unique,false,,材料,染液色料,染液 - 外染
DSD-STAIN-0086-11,Matchmaker Stain 11 (Violet),Davis Schottlander,color-characterization,external-stain,material,approved_rule,legacy_category_rule,DSD-STAIN,exact_unique,false,,材料,染液色料,染液 - 外染
DSD-STAIN-0086-A,Matchmaker Stain A,Davis Schottlander,color-characterization,external-stain,material,approved_rule,legacy_category_rule,DSD-STAIN,exact_unique,false,,材料,染液色料,染液 - 外染
DSD-STAIN-0086-B,Matchmaker Stain B,Davis Schottlander,color-characterization,external-stain,material,approved_rule,legacy_category_rule,DSD-STAIN,exact_unique,false,,材料,染液色料,染液 - 外染
DSD-STAIN-0086-C,Matchmaker Stain C,Davis Schottlander,color-characterization,external-stain,material,approved_rule,legacy_category_rule,DSD-STAIN,exact_unique,false,,材料,染液色料,染液 - 外染
DSD-STAIN-0086-D,Matchmaker Stain D,Davis Schottlander,color-characterization,external-stain,material,approved_rule,legacy_category_rule,DSD-STAIN,exact_unique,false,,材料,染液色料,染液 - 外染
DSD-STAIN-01,Matchmaker Stain 01 (White),Davis Schottlander,color-characterization,external-stain,material,approved_rule,legacy_category_rule,,unmatched,false,,材料,染液色料,染液 - 外染
DSD-STAIN-02,Matchmaker Stain 02 (Light Yellow),Davis Schottlander,color-characterization,external-stain,material,approved_rule,legacy_category_rule,,unmatched,false,,材料,染液色料,染液 - 外染
DSD-STAIN-03,Matchmaker Stain 03 (Yellow),Davis Schottlander,color-characterization,external-stain,material,approved_rule,legacy_category_rule,,unmatched,false,,材料,染液色料,染液 - 外染
DSD-STAIN-04,Matchmaker Stain 04 (Oramge),Davis Schottlander,color-characterization,external-stain,material,approved_rule,legacy_category_rule,,unmatched,false,,材料,染液色料,染液 - 外染
DSD-STAIN-05,Matchmaker Stain 05 (Ochre)黃土色,Davis Schottlander,color-characterization,external-stain,material,approved_rule,legacy_category_rule,,unmatched,false,,材料,染液色料,染液 - 外染
DSD-STAIN-06,Matchmaker Stain 06 (Mid Red Brn),Davis Schottlander,color-characterization,external-stain,material,approved_rule,legacy_category_rule,,unmatched,false,,材料,染液色料,染液 - 外染
DSD-STAIN-07,Matchmaker Stain 07 (Red Brown),Davis Schottlander,color-characterization,external-stain,material,approved_rule,legacy_category_rule,,unmatched,false,,材料,染液色料,染液 - 外染
DSD-STAIN-08,Matchmaker Stain 08 (Black),Davis Schottlander,color-characterization,external-stain,material,approved_rule,legacy_category_rule,,unmatched,false,,材料,染液色料,染液 - 外染
DSD-STAIN-09,Matchmaker Stain 09 (Yellow Olive),Davis Schottlander,color-characterization,external-stain,material,approved_rule,legacy_category_rule,,unmatched,false,,材料,染液色料,染液 - 外染
DSD-STAIN-10,Matchmaker Stain 10 (Brown Olive),Davis Schottlander,color-characterization,external-stain,material,approved_rule,legacy_category_rule,,unmatched,false,,材料,染液色料,染液 - 外染
DSD-STAIN-11,Matchmaker Stain 11 (Brown Grey),Davis Schottlander,color-characterization,external-stain,material,approved_rule,legacy_category_rule,,unmatched,false,,材料,染液色料,染液 - 外染
DSD-STAIN-12,Matchmaker Stain 12 (Dark Brown Grey),Davis Schottlander,color-characterization,external-stain,material,approved_rule,legacy_category_rule,,unmatched,false,,材料,染液色料,染液 - 外染
DSD-STAIN-13,Matchmaker Stain 13 (Grey),Davis Schottlander,color-characterization,external-stain,material,approved_rule,legacy_category_rule,,unmatched,false,,材料,染液色料,染液 - 外染
DSD-STAIN-14,Matchmaker Stain 14 (Pink),Davis Schottlander,color-characterization,external-stain,material,approved_rule,legacy_category_rule,,unmatched,false,,材料,染液色料,染液 - 外染
DSD-STAIN-15,Matchmaker Stain 15 (Blue),Davis Schottlander,color-characterization,external-stain,material,approved_rule,legacy_category_rule,,unmatched,false,,材料,染液色料,染液 - 外染
DSD-STAIN-16,Matchmaker Stain 16 (Light Blue),Davis Schottlander,color-characterization,external-stain,material,approved_rule,legacy_category_rule,,unmatched,false,,材料,染液色料,染液 - 外染
DSD-STAIN-SET,Matchmaker Stain SET,Davis Schottlander,color-characterization,external-stain,material,approved_rule,legacy_category_rule,,unmatched,false,,藥液,染液色料,染液 - 外染
DSD-TA3-50,Matchmaker Dentine TA3/50g,Davis Schottlander,fixed-restorative,ceramic-material,material,approved_rule,legacy_category_rule,,unmatched,false,,材料,材料,瓷粉 / 陶瓷
DSD-TCO0-50,Matchmaker Enamel Ultra Clear/50g,Davis Schottlander,fixed-restorative,ceramic-material,material,approved_rule,legacy_category_rule,,unmatched,false,,材料,材料,瓷粉 / 陶瓷
DSD-TCO1-15,Matchmaker Enamel Clear/15g,Davis Schottlander,fixed-restorative,ceramic-material,material,approved_rule,legacy_category_rule,,unmatched,false,,材料,材料,瓷粉 / 陶瓷
DSD-TCO1-250,Matchmaker MC Enamel Clear/250g,Davis Schottlander,fixed-restorative,ceramic-material,material,approved_rule,legacy_category_rule,,unmatched,false,,材料,材料,瓷粉 / 陶瓷
DSD-TCO1-50,Matchmaker Enamel Clear/50g,Davis Schottlander,fixed-restorative,ceramic-material,material,approved_rule,legacy_category_rule,,unmatched,false,,材料,材料,瓷粉 / 陶瓷
DSD-TCO2-250,Matchmaker MC Enamel Neutral/250g,Davis Schottlander,fixed-restorative,ceramic-material,material,approved_rule,legacy_category_rule,,unmatched,false,,材料,材料,瓷粉 / 陶瓷
DSD-TCO2-50,Matchmaker Enamel Neutral/50g,Davis Schottlander,fixed-restorative,ceramic-material,material,approved_rule,legacy_category_rule,,unmatched,false,,材料,材料,瓷粉 / 陶瓷
DSD-TE8-50,Matchmaker Enamel TE8/50g,Davis Schottlander,fixed-restorative,ceramic-material,material,approved_rule,legacy_category_rule,,unmatched,false,,材料,材料,瓷粉 / 陶瓷
DSD-ZR-01,ZR Modelling Liquid (60ml),Davis Schottlander,lab-production,process-liquid,consumable,approved_rule,legacy_category_rule,,unmatched,false,,藥液,輔助工具,專用液 / 藥劑
DSD-ZR-02,ZR Stain Luquid 15ml,Davis Schottlander,lab-production,process-liquid,consumable,approved_rule,researched_sku_rule,,unmatched,false,,材料,材料,其他材料
DSD-ZR-03-A2,Matchmaker ZR A2 Kit,Davis Schottlander,lab-production,wax-pressing-material,material,approved_rule,legacy_category_rule,,unmatched,false,,材料,材料,蠟 / 壓鑄材
DSD-ZR-03-A3,Matchmaker ZR A3 Kit,Davis Schottlander,lab-production,wax-pressing-material,material,approved_rule,legacy_category_rule,,unmatched,false,,材料,材料,蠟 / 壓鑄材
DSD-ZR-04,Matchmaker ZR 15g/Kit(全色系),Davis Schottlander,lab-production,wax-pressing-material,material,approved_rule,legacy_category_rule,,unmatched,false,,材料,材料,蠟 / 壓鑄材
DSD-ZR-04-1,Matchmaker ZR 15g,Davis Schottlander,lab-production,wax-pressing-material,material,approved_rule,legacy_category_rule,,unmatched,false,,材料,材料,蠟 / 壓鑄材
DSD-ZR-05,ZR Glaze 10g,Davis Schottlander,color-characterization,glaze-material,material,approved_rule,legacy_category_rule,,unmatched,false,,藥液,染液色料,釉材
DSD-ZR-06,ZR Stain Kit,Davis Schottlander,fixed-restorative,ceramic-material,material,approved_rule,researched_sku_rule,,unmatched,false,,材料,材料,其他材料
DSD-ZR-07,ZR Bleach Shade Kit(美白色系),Davis Schottlander,fixed-restorative,ceramic-material,material,approved_rule,researched_sku_rule,,unmatched,false,,材料,材料,其他材料
DSD-ZR-08,Matchmaker ZR Essontials Kit(常用色系),Davis Schottlander,lab-production,wax-pressing-material,material,approved_rule,legacy_category_rule,,unmatched,false,,材料,材料,蠟 / 壓鑄材
DSD-ZR-21-A2,Press ZR A2 瓷錠,Davis Schottlander,lab-production,wax-pressing-material,material,approved_rule,legacy_category_rule,,unmatched,false,,材料,材料,蠟 / 壓鑄材
DSD-ZR-21-A3,Press ZR A3 瓷錠,Davis Schottlander,lab-production,wax-pressing-material,material,approved_rule,legacy_category_rule,,unmatched,false,,材料,材料,蠟 / 壓鑄材
DSD-ZR-A1,ZR Dentin A1 (15g),Davis Schottlander,fixed-restorative,ceramic-material,material,approved_rule,researched_sku_rule,,unmatched,false,,材料,材料,其他材料
DSD-ZR-A2,ZR Dentin A2 (15g),Davis Schottlander,fixed-restorative,ceramic-material,material,approved_rule,researched_sku_rule,,unmatched,false,,材料,材料,其他材料
DSD-ZR-A2-50,ZR Dentin A2 (50g),Davis Schottlander,fixed-restorative,ceramic-material,material,approved_rule,researched_sku_rule,,unmatched,false,,材料,材料,其他材料
DSD-ZR-A3,ZR Detin A3 (15g),Davis Schottlander,fixed-restorative,ceramic-material,material,approved_rule,researched_sku_rule,,unmatched,false,,材料,材料,其他材料
DSD-ZR-A3-50,ZR Dentin A3 (50g),Davis Schottlander,fixed-restorative,ceramic-material,material,approved_rule,researched_sku_rule,,unmatched,false,,材料,材料,其他材料
DSD-ZR-A3.5,ZR Dentin A3.5(15g),Davis Schottlander,fixed-restorative,ceramic-material,material,approved_rule,researched_sku_rule,,unmatched,false,,材料,材料,其他材料
DSD-ZR-A3.5-50,ZR Dentin A3.5 (50g),Davis Schottlander,fixed-restorative,ceramic-material,material,approved_rule,researched_sku_rule,,unmatched,false,,材料,材料,其他材料
DSD-ZR-A4,ZR Dentin A4(15g),Davis Schottlander,fixed-restorative,ceramic-material,material,approved_rule,researched_sku_rule,,unmatched,false,,材料,材料,其他材料
DSD-ZR-B1,ZR Detin B1 (15g),Davis Schottlander,fixed-restorative,ceramic-material,material,approved_rule,researched_sku_rule,,unmatched,false,,材料,材料,其他材料
DSD-ZR-B2,ZR Detin B2 (15g),Davis Schottlander,fixed-restorative,ceramic-material,material,approved_rule,researched_sku_rule,,unmatched,false,,材料,材料,其他材料
DSD-ZR-B3,ZR Detin B3 (15g),Davis Schottlander,fixed-restorative,ceramic-material,material,approved_rule,researched_sku_rule,,unmatched,false,,材料,材料,其他材料
DSD-ZR-B4,ZR Detin B4 (15g),Davis Schottlander,fixed-restorative,ceramic-material,material,approved_rule,researched_sku_rule,,unmatched,false,,材料,材料,其他材料
DSD-ZR-C1,ZR Dentine C1 (15g),Davis Schottlander,fixed-restorative,ceramic-material,material,approved_rule,legacy_category_rule,,unmatched,false,,材料,材料,瓷粉 / 陶瓷
DSD-ZR-C2,ZR Dentine C2 (15g),Davis Schottlander,fixed-restorative,ceramic-material,material,approved_rule,legacy_category_rule,,unmatched,false,,材料,材料,瓷粉 / 陶瓷
DSD-ZR-C3,ZR Dentine C3 (15g),Davis Schottlander,fixed-restorative,ceramic-material,material,approved_rule,legacy_category_rule,,unmatched,false,,材料,材料,瓷粉 / 陶瓷
DSD-ZR-C4,ZR Dentine C4 (15g),Davis Schottlander,fixed-restorative,ceramic-material,material,approved_rule,legacy_category_rule,,unmatched,false,,材料,材料,瓷粉 / 陶瓷
DSD-ZR-CT1,ZR Col Tran CT1 (15g),Davis Schottlander,fixed-restorative,ceramic-material,material,approved_rule,researched_sku_rule,,unmatched,false,,材料,材料,其他材料
DSD-ZR-CT2,ZR Col Tran CT2 (15g),Davis Schottlander,fixed-restorative,ceramic-material,material,approved_rule,researched_sku_rule,,unmatched,false,,材料,材料,其他材料
DSD-ZR-CT3,ZR Col Tran CT3 (15g),Davis Schottlander,fixed-restorative,ceramic-material,material,approved_rule,researched_sku_rule,,unmatched,false,,材料,材料,其他材料
DSD-ZR-CT4,ZR Col Tran CT4 (15g),Davis Schottlander,fixed-restorative,ceramic-material,material,approved_rule,researched_sku_rule,,unmatched,false,,材料,材料,其他材料
DSD-ZR-CT5,ZR Col Tran CT5 (15g),Davis Schottlander,fixed-restorative,ceramic-material,material,approved_rule,researched_sku_rule,,unmatched,false,,材料,材料,其他材料
DSD-ZR-CT7,ZR Col Tran CT7 (15g),Davis Schottlander,fixed-restorative,ceramic-material,material,approved_rule,researched_sku_rule,,unmatched,false,,材料,材料,其他材料
DSD-ZR-D2,ZR Dentine D2 (15g),Davis Schottlander,fixed-restorative,ceramic-material,material,approved_rule,legacy_category_rule,,unmatched,false,,材料,材料,瓷粉 / 陶瓷
DSD-ZR-D3,ZR Dentine D3 (15g),Davis Schottlander,fixed-restorative,ceramic-material,material,approved_rule,legacy_category_rule,,unmatched,false,,材料,材料,瓷粉 / 陶瓷
DSD-ZR-D4,ZR Dentine D4 (15g),Davis Schottlander,fixed-restorative,ceramic-material,material,approved_rule,legacy_category_rule,,unmatched,false,,材料,材料,瓷粉 / 陶瓷
DSD-ZR-E10,ZR Emamel E10 (15g),Davis Schottlander,fixed-restorative,ceramic-material,material,approved_rule,researched_sku_rule,,unmatched,false,,材料,材料,其他材料
DSD-ZR-E6,ZR Emamel E6 (15g),Davis Schottlander,fixed-restorative,ceramic-material,material,approved_rule,researched_sku_rule,,unmatched,false,,材料,材料,其他材料
DSD-ZR-E7,ZR Emamel E7 (15g),Davis Schottlander,fixed-restorative,ceramic-material,material,approved_rule,researched_sku_rule,,unmatched,false,,材料,材料,其他材料
DSD-ZR-E8,ZR Emamel E8 (15g),Davis Schottlander,fixed-restorative,ceramic-material,material,approved_rule,researched_sku_rule,,unmatched,false,,材料,材料,其他材料
DSD-ZR-E8-50,ZR Emamel E8 (50g),Davis Schottlander,fixed-restorative,ceramic-material,material,approved_rule,researched_sku_rule,,unmatched,false,,材料,材料,其他材料
DSD-ZR-E9,ZR Emamel E9 (15g),Davis Schottlander,fixed-restorative,ceramic-material,material,approved_rule,researched_sku_rule,,unmatched,false,,材料,材料,其他材料
DSD-ZR-E9-50,ZR Emamel E9 (50g),Davis Schottlander,fixed-restorative,ceramic-material,material,approved_rule,researched_sku_rule,,unmatched,false,,材料,材料,其他材料
DSD-ZR-FL1,ZR Liner FL1 (15g),Davis Schottlander,fixed-restorative,ceramic-material,material,approved_rule,researched_sku_rule,,unmatched,false,,材料,材料,其他材料
DSD-ZR-FL2,ZR Liner FL2 (15g),Davis Schottlander,fixed-restorative,ceramic-material,material,approved_rule,researched_sku_rule,,unmatched,false,,材料,材料,其他材料
DSD-ZR-FL3,ZR Liner FL3(15g),Davis Schottlander,fixed-restorative,ceramic-material,material,approved_rule,researched_sku_rule,,unmatched,false,,材料,材料,其他材料
DSD-ZR-FN,ZR Fluorescent Nertral (15g),Davis Schottlander,fixed-restorative,ceramic-material,material,approved_rule,researched_sku_rule,,unmatched,false,,材料,材料,其他材料
DSD-ZR-G1,ZR Gingival G1 (15g),Davis Schottlander,fixed-restorative,ceramic-material,material,approved_rule,researched_sku_rule,,unmatched,false,,材料,材料,其他材料
DSD-ZR-G2,ZR Gingival G2 (15g),Davis Schottlander,fixed-restorative,ceramic-material,material,approved_rule,researched_sku_rule,,unmatched,false,,材料,材料,其他材料
DSD-ZR-HA0,ZR Dentine HA0 (15g),Davis Schottlander,fixed-restorative,ceramic-material,material,approved_rule,legacy_category_rule,,unmatched,false,,材料,材料,瓷粉 / 陶瓷
DSD-ZR-HB0,ZR Dentine HB0 (15g),Davis Schottlander,fixed-restorative,ceramic-material,material,approved_rule,legacy_category_rule,,unmatched,false,,材料,材料,瓷粉 / 陶瓷
DSD-ZR-HB00,ZR Dentine HB00 (15g),Davis Schottlander,fixed-restorative,ceramic-material,material,approved_rule,legacy_category_rule,,unmatched,false,,材料,材料,瓷粉 / 陶瓷
DSD-ZR-M2,ZR Mamelon M2 (15g),Davis Schottlander,fixed-restorative,ceramic-material,material,approved_rule,researched_sku_rule,,unmatched,false,,材料,材料,其他材料
DSD-ZR-M4,ZR Mamelon M4 (15g),Davis Schottlander,fixed-restorative,ceramic-material,material,approved_rule,researched_sku_rule,,unmatched,false,,材料,材料,其他材料
DSD-ZR-MM3,ZR Mast Modifier MM3 (15g),Davis Schottlander,fixed-restorative,ceramic-material,material,approved_rule,legacy_category_rule,,unmatched,false,,材料,材料,瓷粉 / 陶瓷
DSD-ZR-MM4,ZR Mast Modifier MM4 (15g),Davis Schottlander,fixed-restorative,ceramic-material,material,approved_rule,legacy_category_rule,,unmatched,false,,材料,材料,瓷粉 / 陶瓷
DSD-ZR-ND2,ZR Neck Den ND2 (15g),Davis Schottlander,fixed-restorative,ceramic-material,material,approved_rule,researched_sku_rule,,unmatched,false,,材料,材料,其他材料
DSD-ZR-ND3,Matchmaker ZR Neck Den 15g ND3,Davis Schottlander,lab-production,wax-pressing-material,material,approved_rule,legacy_category_rule,,unmatched,false,,材料,材料,蠟 / 壓鑄材
DSD-ZR-ND4,Matchmaker ZR Neck Den 15g ND4,Davis Schottlander,lab-production,wax-pressing-material,material,approved_rule,legacy_category_rule,,unmatched,false,,材料,材料,蠟 / 壓鑄材
DSD-ZR-OC1,ZR Occlusal OC1 (15g),Davis Schottlander,fixed-restorative,ceramic-material,material,approved_rule,legacy_category_rule,,unmatched,false,,材料,材料,瓷粉 / 陶瓷
DSD-ZR-OC3,ZR Occlusal OC3 (15g),Davis Schottlander,fixed-restorative,ceramic-material,material,approved_rule,legacy_category_rule,,unmatched,false,,材料,材料,瓷粉 / 陶瓷
DSD-ZR-OP-B,ZR Opal Blue (15g),Davis Schottlander,fixed-restorative,ceramic-material,material,approved_rule,researched_sku_rule,,unmatched,false,,材料,材料,其他材料
DSD-ZR-OP-O,ZR Opal Orange (15g),Davis Schottlander,fixed-restorative,ceramic-material,material,approved_rule,researched_sku_rule,,unmatched,false,,材料,材料,其他材料
DSD-ZR-OP-OL10,ZR Opal OL10 (15g),Davis Schottlander,fixed-restorative,ceramic-material,material,approved_rule,researched_sku_rule,,unmatched,false,,材料,材料,其他材料
DSD-ZR-OP-OL7,ZR Opal OL7 (15g),Davis Schottlander,fixed-restorative,ceramic-material,material,approved_rule,researched_sku_rule,,unmatched,false,,材料,材料,其他材料
DSD-ZR-OP-OL8,ZR Opal OL8 (15g),Davis Schottlander,fixed-restorative,ceramic-material,material,approved_rule,researched_sku_rule,,unmatched,false,,材料,材料,其他材料
DSD-ZR-OP-OL9,ZR Opal OL9 (15g),Davis Schottlander,fixed-restorative,ceramic-material,material,approved_rule,researched_sku_rule,,unmatched,false,,材料,材料,其他材料
DSD-ZR-OP-W,ZR Opal White (15g),Davis Schottlander,fixed-restorative,ceramic-material,material,approved_rule,researched_sku_rule,,unmatched,false,,材料,材料,其他材料
DSD-ZR-S32,ZR Shoulder S32 (15g),Davis Schottlander,fixed-restorative,ceramic-material,material,approved_rule,legacy_category_rule,,unmatched,false,,材料,材料,瓷粉 / 陶瓷
DSD-ZR-S33,ZR Shoulder S33 (15g),Davis Schottlander,fixed-restorative,ceramic-material,material,approved_rule,legacy_category_rule,,unmatched,false,,材料,材料,瓷粉 / 陶瓷
DSD-ZR-S35,ZR Shoulder S35 (15g),Davis Schottlander,fixed-restorative,ceramic-material,material,approved_rule,legacy_category_rule,,unmatched,false,,材料,材料,瓷粉 / 陶瓷
DSD-ZR-SD1,ZR Opac Den SD1 (15g),Davis Schottlander,fixed-restorative,ceramic-material,material,approved_rule,researched_sku_rule,,unmatched,false,,材料,材料,其他材料
DSD-ZR-SD2,ZR Opac Den SD2 (15g),Davis Schottlander,fixed-restorative,ceramic-material,material,approved_rule,researched_sku_rule,,unmatched,false,,材料,材料,其他材料
DSD-ZR-SD3,ZR Opac Den SD3 (15g),Davis Schottlander,fixed-restorative,ceramic-material,material,approved_rule,researched_sku_rule,,unmatched,false,,材料,材料,其他材料
DSD-ZR-SD4,ZR Opac Den SD4 (15g),Davis Schottlander,fixed-restorative,ceramic-material,material,approved_rule,researched_sku_rule,,unmatched,false,,材料,材料,其他材料
DSD-ZR-SD5,ZR Opac Den SD5 (15g),Davis Schottlander,fixed-restorative,ceramic-material,material,approved_rule,researched_sku_rule,,unmatched,false,,材料,材料,其他材料
DSD-ZR-STAIN-1,ZR STAIN #1(White)2.5g,Davis Schottlander,fixed-restorative,ceramic-material,material,approved_rule,researched_sku_rule,,unmatched,false,,材料,材料,其他材料
DSD-ZR-STAIN-2,ZR STAIN Yellow #2 (2.5g),Davis Schottlander,fixed-restorative,ceramic-material,material,approved_rule,researched_sku_rule,,unmatched,false,,材料,材料,其他材料
DSD-ZR-STAIN-4,ZR STAIN #4(Orange Brown)2.5g,Davis Schottlander,fixed-restorative,ceramic-material,material,approved_rule,researched_sku_rule,,unmatched,false,,材料,材料,其他材料
DSD-ZR-STAIN-7,ZR STAIN #7(Blue)2.5g,Davis Schottlander,fixed-restorative,ceramic-material,material,approved_rule,researched_sku_rule,,unmatched,false,,材料,材料,其他材料
DSD-ZR-STAIN-A,ZR STAIN #A(2.5g),Davis Schottlander,fixed-restorative,ceramic-material,material,approved_rule,researched_sku_rule,,unmatched,false,,材料,材料,其他材料
DSD-ZR-STAIN-B,ZR STAIN #B(2.5g),Davis Schottlander,fixed-restorative,ceramic-material,material,approved_rule,researched_sku_rule,,unmatched,false,,材料,材料,其他材料
DSD-ZR-STAIN-C,ZR STAIN #C (2.5g),Davis Schottlander,fixed-restorative,ceramic-material,material,approved_rule,researched_sku_rule,,unmatched,false,,材料,材料,其他材料
DSD-ZR-STAIN-D,ZR STAIN D(2.5g),Davis Schottlander,fixed-restorative,ceramic-material,material,approved_rule,researched_sku_rule,,unmatched,false,,材料,材料,其他材料
DSD-ZR-TC01,ZR Emamel Clear (15g),Davis Schottlander,fixed-restorative,ceramic-material,material,approved_rule,researched_sku_rule,,unmatched,false,,材料,材料,其他材料
DSD-ZR-TC01-50,ZR Emamel Clear (50g),Davis Schottlander,fixed-restorative,ceramic-material,material,approved_rule,researched_sku_rule,,unmatched,false,,材料,材料,其他材料
DSD-ZR-TC02,ZR Emamel Neutral (15g),Davis Schottlander,fixed-restorative,ceramic-material,material,approved_rule,researched_sku_rule,,unmatched,false,,材料,材料,其他材料
DSD-ZR-TC02-50,ZR Emamel Neutral (50g),Davis Schottlander,fixed-restorative,ceramic-material,material,approved_rule,researched_sku_rule,,unmatched,false,,材料,材料,其他材料
DSD-ZR-TC03,ZR Emamel OT (15g),Davis Schottlander,fixed-restorative,ceramic-material,material,approved_rule,researched_sku_rule,,unmatched,false,,材料,材料,其他材料
DSD-ZR-TC03-50,ZR Emamel OT (50g),Davis Schottlander,fixed-restorative,ceramic-material,material,approved_rule,researched_sku_rule,,unmatched,false,,材料,材料,其他材料
DT-02040,Freeprint Denture Pink-trasp (1000g),DETAX,additive-manufacturing,print-resin,material,approved_rule,official_sku_rule,DT-ALL,exact_unique,false,,設備,設備,3D列印機
DT-02076,Freeprint Splint 2.0 (1000g),DETAX,additive-manufacturing,print-resin,material,approved_rule,official_sku_rule,DT-ALL,exact_unique,false,,設備,設備,3D列印機
DT-02099,Freeprint Model 2.0 Light Grey (1000g),DETAX,additive-manufacturing,print-resin,material,approved_rule,official_sku_rule,DT-ALL,exact_unique,false,,設備,設備,3D列印機
DT-02128,Freeprint Model 2.0 Sand (1000g),DETAX,additive-manufacturing,print-resin,material,approved_rule,official_sku_rule,DT-ALL,exact_unique,false,,設備,設備,3D列印機
DT-02177,Freeprint Model 2.0 Grey (1000g),DETAX,additive-manufacturing,print-resin,material,approved_rule,official_sku_rule,DT-ALL,exact_unique,false,,設備,設備,3D列印機
DT-02332,Freeprint Model T (1000g),DETAX,additive-manufacturing,print-resin,material,approved_rule,official_sku_rule,DT-ALL,exact_unique,false,,設備,設備,3D列印機
DT-02376,Freeprint Crown A1 (1000g),DETAX,additive-manufacturing,print-resin,material,approved_rule,official_sku_rule,DT-ALL,exact_unique,false,,設備,設備,3D列印機
DT-02378,Freeprint Crown A2 (500g),DETAX,additive-manufacturing,print-resin,material,approved_rule,official_sku_rule,DT-ALL,exact_unique,false,,設備,設備,3D列印機
DT-02415,Freeprint Crown A2 (1000g),DETAX,additive-manufacturing,print-resin,material,approved_rule,official_sku_rule,DT-ALL,exact_unique,false,,設備,設備,3D列印機
DT-02417,Freeprint Crown A3 (500g),DETAX,additive-manufacturing,print-resin,material,approved_rule,official_sku_rule,DT-ALL,exact_unique,false,,設備,設備,3D列印機
DT-02446,Freeprint Crown A3 (1000g),DETAX,additive-manufacturing,print-resin,material,approved_rule,official_sku_rule,DT-ALL,exact_unique,false,,設備,設備,3D列印機
DT-02505,Freeprint Tray 2.0 (1000g),DETAX,additive-manufacturing,print-resin,material,approved_rule,official_sku_rule,DT-ALL,exact_unique,false,,設備,設備,3D列印機
DT-02632,Freeprint Cast 2.0 (1000g),DETAX,additive-manufacturing,print-resin,material,approved_rule,official_sku_rule,DT-ALL,exact_unique,false,,設備,設備,3D列印機
DT-02843,Freeprint Gingiva (1000g),DETAX,additive-manufacturing,print-resin,material,approved_rule,official_sku_rule,DT-ALL,exact_unique,false,,設備,設備,3D列印機
DT-02845,Freeprint Crown BL (500g),DETAX,additive-manufacturing,print-resin,material,approved_rule,official_sku_rule,DT-ALL,exact_unique,false,,設備,設備,3D列印機
DT-02850,Freep Model 2.0 Caramel (1000g),DETAX,additive-manufacturing,print-resin,material,approved_rule,official_sku_rule,DT-ALL,exact_unique,false,,其他,其他,其他
DT-02884,Freeprint Crown BL (1000g),DETAX,additive-manufacturing,print-resin,material,approved_rule,official_sku_rule,DT-ALL,exact_unique,false,,設備,設備,3D列印機
DT-03,Detax Shell 樹脂料,DETAX,additive-manufacturing,print-resin,material,approved_rule,official_sku_rule,,unmatched,false,,其他,其他,其他
DT-03016,Medicalprint shell Beige 2.0 (1000g),DETAX,additive-manufacturing,print-resin,material,approved_rule,official_sku_rule,,unmatched,false,,其他,其他,其他
DT-03105,Freeprint Model WW (1000g),DETAX,additive-manufacturing,print-resin,material,approved_rule,official_sku_rule,DT-ALL,exact_unique,false,,設備,設備,3D列印機
DT-03608,Luxaprint 3D mould 385 Clear (1000g),DETAX,additive-manufacturing,print-resin,material,approved_rule,official_sku_rule,,unmatched,false,,其他,其他,其他
DT-03989,Freeprint Ortho (1000g),DETAX,additive-manufacturing,print-resin,material,approved_rule,official_sku_rule,DT-ALL,exact_unique,false,,設備,設備,3D列印機
DT-04016,Medicalprint mould Clear (1000g),DETAX,additive-manufacturing,print-resin,material,approved_rule,official_sku_rule,,unmatched,false,,其他,其他,其他
DT-04062,Freeprint Temp A1 (1000g),DETAX,additive-manufacturing,print-resin,material,approved_rule,official_sku_rule,DT-ALL,exact_unique,false,,設備,設備,3D列印機
DT-04063,Freeprint Temp A2 (1000g),DETAX,additive-manufacturing,print-resin,material,approved_rule,official_sku_rule,DT-ALL,exact_unique,false,,設備,設備,3D列印機
DT-04064,Freeprint Temp A3 (1000g),DETAX,additive-manufacturing,print-resin,material,approved_rule,official_sku_rule,DT-ALL,exact_unique,false,,設備,設備,3D列印機
DT-04092,Freeprint Denture Pink (1000g),DETAX,additive-manufacturing,print-resin,material,approved_rule,official_sku_rule,DT-ALL,exact_unique,false,,設備,設備,3D列印機
DT-04101,Freeprint Denture Tray A2 (1000g),DETAX,additive-manufacturing,print-resin,material,approved_rule,official_sku_rule,DT-ALL,exact_unique,false,,設備,設備,3D列印機
DT-04249,Freeprint IBT (1000g),DETAX,additive-manufacturing,print-resin,material,approved_rule,official_sku_rule,DT-ALL,exact_unique,false,,設備,設備,3D列印機
DT-04427,Freeprint Tryin A2 (1000g),DETAX,additive-manufacturing,print-resin,material,approved_rule,official_sku_rule,DT-ALL,exact_unique,false,,設備,設備,3D列印機
DT-04432,Freeprint splintmaster Flex 1000g,DETAX,additive-manufacturing,print-resin,material,approved_rule,official_sku_rule,DT-ALL,exact_unique,false,,設備,設備,3D列印機
DT-04433,Freeprint splintmaster Taff 1000g,DETAX,additive-manufacturing,print-resin,material,approved_rule,official_sku_rule,DT-ALL,exact_unique,false,,設備,設備,3D列印機
DT-04436,Denture impact pink-transparent (1000g),DETAX,additive-manufacturing,print-resin,material,approved_rule,official_sku_rule,DT-ALL,exact_unique,false,,其他,其他,其他
DT-04625,Denture Flex pink-transparent(1000g),DETAX,additive-manufacturing,print-resin,material,approved_rule,official_sku_rule,DT-ALL,exact_unique,false,,其他,其他,其他
DT-04626,Denture Flex Clear (1000g),DETAX,additive-manufacturing,print-resin,material,approved_rule,official_sku_rule,DT-ALL,exact_unique,false,,其他,其他,其他
DT-09900-2,Freeprint flex(1000g）,DETAX,additive-manufacturing,print-resin,material,approved_rule,official_sku_rule,DT-ALL,exact_unique,false,,設備,設備,3D列印機
DUM-01,全鑽切片-4911-210-1,Dumont,lab-production,bur-drill,consumable,approved_rule,legacy_category_rule,,unmatched,false,,耗材,耗材,車針 / 鑽針
DUM-02,全鑽切片-6813-220-1,Dumont,lab-production,bur-drill,consumable,approved_rule,legacy_category_rule,,unmatched,false,,耗材,耗材,車針 / 鑽針
DUM-03,全鑽切片 7412-210-1,Dumont,lab-production,bur-drill,consumable,approved_rule,legacy_category_rule,,unmatched,false,,耗材,耗材,車針 / 鑽針
DUM-04,鑽石膏,Dumont,lab-production,investment-gypsum,material,approved_rule,legacy_category_rule,,unmatched,false,,材料,材料,包埋 / 石膏
DUM-05,半鑽切片 350,Dumont,lab-production,bur-drill,consumable,approved_rule,legacy_category_rule,,unmatched,false,,耗材,耗材,車針 / 鑽針
DUM-06,全鑽切片 4913F-220-1,Dumont,lab-production,bur-drill,consumable,approved_rule,legacy_category_rule,,unmatched,false,,耗材,耗材,車針 / 鑽針
DUM-07,全鑽切片 4913-210-1,Dumont,lab-production,bur-drill,consumable,approved_rule,legacy_category_rule,,unmatched,false,,耗材,耗材,車針 / 鑽針
DUM-7701/035Y,全鑽石針(小) 7701-035Y,Dumont,lab-production,bur-drill,consumable,approved_rule,legacy_category_rule,,unmatched,false,,耗材,耗材,車針 / 鑽針
DUM-7704/037Y,全鑽石針(小) 7704/037Y,Dumont,lab-production,bur-drill,consumable,approved_rule,legacy_category_rule,,unmatched,false,,耗材,耗材,車針 / 鑽針
DUM-7704/047Y,全鑽石針(小) 7704/047Y,Dumont,lab-production,bur-drill,consumable,approved_rule,legacy_category_rule,,unmatched,false,,耗材,耗材,車針 / 鑽針
DUM-7704/080Y,全鑽石針(大) 7704/080Y,Dumont,lab-production,bur-drill,consumable,approved_rule,legacy_category_rule,,unmatched,false,,耗材,耗材,車針 / 鑽針
DUM-7704S/027Y,全鑽石針(小) 7704S/027Y,Dumont,lab-production,bur-drill,consumable,approved_rule,legacy_category_rule,,unmatched,false,,耗材,耗材,車針 / 鑽針
DUM-7704S/047Y,全鑽石針(小) 7704S/047Y,Dumont,lab-production,bur-drill,consumable,approved_rule,legacy_category_rule,,unmatched,false,,耗材,耗材,車針 / 鑽針
DUM-7705/027Y,全鑽石針(小) 7705/027Y,Dumont,lab-production,bur-drill,consumable,approved_rule,legacy_category_rule,,unmatched,false,,耗材,耗材,車針 / 鑽針
DUM-7705/047Y,全鑽石針(小) 7705/047Y,Dumont,lab-production,bur-drill,consumable,approved_rule,legacy_category_rule,,unmatched,false,,耗材,耗材,車針 / 鑽針
DUM-7705/080Y,全鑽石針(大) 7705/080Y,Dumont,lab-production,bur-drill,consumable,approved_rule,legacy_category_rule,,unmatched,false,,耗材,耗材,車針 / 鑽針
DUM-7707/029Y,全鑽石針(小) 7707/029Y,Dumont,lab-production,bur-drill,consumable,approved_rule,legacy_category_rule,,unmatched,false,,耗材,耗材,車針 / 鑽針
DUM-7709/080Y,全鑽石針(大) 7709/080Y,Dumont,lab-production,bur-drill,consumable,approved_rule,legacy_category_rule,,unmatched,false,,耗材,耗材,車針 / 鑽針
DUM-7718/080Y,全鑽石針(小) 7718/080Y,Dumont,lab-production,bur-drill,consumable,approved_rule,legacy_category_rule,,unmatched,false,,耗材,耗材,車針 / 鑽針
DUM-7725/047Y,全鑽石針(小) 7725/047Y,Dumont,lab-production,bur-drill,consumable,approved_rule,legacy_category_rule,,unmatched,false,,耗材,耗材,車針 / 鑽針
DUM-7737/031Y,全鑽石針(小) 7737/031Y,Dumont,lab-production,bur-drill,consumable,approved_rule,legacy_category_rule,,unmatched,false,,耗材,耗材,車針 / 鑽針
DUM-7737/050Y,全鑽石針(大) 7737/050Y,Dumont,lab-production,bur-drill,consumable,approved_rule,legacy_category_rule,,unmatched,false,,耗材,耗材,車針 / 鑽針
DUM-7737L/023Y,全鑽石針(小) 7737L/023Y,Dumont,lab-production,bur-drill,consumable,approved_rule,legacy_category_rule,,unmatched,false,,耗材,耗材,車針 / 鑽針
DUM-7737L/031Y,全鑽石針(小) 7737L/031Y,Dumont,lab-production,bur-drill,consumable,approved_rule,legacy_category_rule,,unmatched,false,,耗材,耗材,車針 / 鑽針
DUM-7738/031Y,全鑽石針(小) 7738/031Y,Dumont,lab-production,bur-drill,consumable,approved_rule,legacy_category_rule,,unmatched,false,,耗材,耗材,車針 / 鑽針
DUM-7738/050Y,全鑽石針(大) 7738/050Y,Dumont,lab-production,bur-drill,consumable,approved_rule,legacy_category_rule,,unmatched,false,,耗材,耗材,車針 / 鑽針
DUM-7738L/023Y,全鑽石針(小) 7738L/023Y,Dumont,lab-production,bur-drill,consumable,approved_rule,legacy_category_rule,,unmatched,false,,耗材,耗材,車針 / 鑽針
DUM-7738L/031Y,全鑽石針(小) 7738L/031Y,Dumont,lab-production,bur-drill,consumable,approved_rule,legacy_category_rule,,unmatched,false,,耗材,耗材,車針 / 鑽針
DUM-7745/031Y,全鑽石針(小) 7745/031Y,Dumont,lab-production,bur-drill,consumable,approved_rule,legacy_category_rule,,unmatched,false,,耗材,耗材,車針 / 鑽針
DUM-7745/050Y,全鑽石針(大) 7745/050Y,Dumont,lab-production,bur-drill,consumable,approved_rule,legacy_category_rule,,unmatched,false,,耗材,耗材,車針 / 鑽針
DUM-7745L/031Y,全鑽石針(小) 7745L/031Y,Dumont,lab-production,bur-drill,consumable,approved_rule,legacy_category_rule,,unmatched,false,,耗材,耗材,車針 / 鑽針
DUM-7746/031Y,全鑽石針(小) 7746/031Y,Dumont,lab-production,bur-drill,consumable,approved_rule,legacy_category_rule,,unmatched,false,,耗材,耗材,車針 / 鑽針
DUM-7746L/031Y,全鑽石針(小) 7746L/031Y,Dumont,lab-production,bur-drill,consumable,approved_rule,legacy_category_rule,,unmatched,false,,耗材,耗材,車針 / 鑽針
DUM-7756/031Y,全鑽石針(小) 7756/031Y,Dumont,lab-production,bur-drill,consumable,approved_rule,legacy_category_rule,,unmatched,false,,耗材,耗材,車針 / 鑽針
DUM-7756L/023Y,全鑽石針(小) 7756L/023Y,Dumont,lab-production,bur-drill,consumable,approved_rule,legacy_category_rule,,unmatched,false,,耗材,耗材,車針 / 鑽針
DUM-7756L/031Y,全鑽石針(小) 7756L/031Y,Dumont,lab-production,bur-drill,consumable,approved_rule,legacy_category_rule,,unmatched,false,,耗材,耗材,車針 / 鑽針
DUM-7760/016Y,全鑽石針(小) 7760/016Y,Dumont,lab-production,bur-drill,consumable,approved_rule,legacy_category_rule,,unmatched,false,,耗材,耗材,車針 / 鑽針
DUM-7760/031Y,全鑽石針(小) 7760/031Y,Dumont,lab-production,bur-drill,consumable,approved_rule,legacy_category_rule,,unmatched,false,,耗材,耗材,車針 / 鑽針
DUM-7762/050Y,全鑽石針(大) 7762/050Y,Dumont,lab-production,bur-drill,consumable,approved_rule,legacy_category_rule,,unmatched,false,,耗材,耗材,車針 / 鑽針
DUM-7779/050Y,全鑽石針(大) 7779/050Y,Dumont,lab-production,bur-drill,consumable,approved_rule,legacy_category_rule,,unmatched,false,,耗材,耗材,車針 / 鑽針
DUM-7804/047R,全鑽石針(小) 7804/047R,Dumont,lab-production,bur-drill,consumable,approved_rule,legacy_category_rule,,unmatched,false,,耗材,耗材,車針 / 鑽針
DUM-7804/080R,全鑽石針(大) 7804/080R,Dumont,lab-production,bur-drill,consumable,approved_rule,legacy_category_rule,,unmatched,false,,耗材,耗材,車針 / 鑽針
DUM-7804S/027R,全鑽石針(小) 7804S/027R,Dumont,lab-production,bur-drill,consumable,approved_rule,legacy_category_rule,,unmatched,false,,耗材,耗材,車針 / 鑽針
DUM-7804S/047R,全鑽石針(小) 7804S/047R,Dumont,lab-production,bur-drill,consumable,approved_rule,legacy_category_rule,,unmatched,false,,耗材,耗材,車針 / 鑽針
DUM-7805/047R,全鑽石針(小) 7805/047R,Dumont,lab-production,bur-drill,consumable,approved_rule,legacy_category_rule,,unmatched,false,,耗材,耗材,車針 / 鑽針
DUM-7805/080R,全鑽石針(大) 7805/080R,Dumont,lab-production,bur-drill,consumable,approved_rule,legacy_category_rule,,unmatched,false,,耗材,耗材,車針 / 鑽針
DUM-7807/029R,全鑽石針(小) 7807/029R,Dumont,lab-production,bur-drill,consumable,approved_rule,legacy_category_rule,,unmatched,false,,耗材,耗材,車針 / 鑽針
DUM-7809/080R,全鑽石針(大) 7809/080R,Dumont,lab-production,bur-drill,consumable,approved_rule,legacy_category_rule,,unmatched,false,,耗材,耗材,車針 / 鑽針
DUM-7818/080R,全鑽石針(小) 7818/080R,Dumont,lab-production,bur-drill,consumable,approved_rule,legacy_category_rule,,unmatched,false,,耗材,耗材,車針 / 鑽針
DUM-7837/050R,全鑽石針(大) 7837/050R,Dumont,lab-production,bur-drill,consumable,approved_rule,legacy_category_rule,,unmatched,false,,耗材,耗材,車針 / 鑽針
DUM-7837L/031R,全鑽石針(小) 7837L/031R,Dumont,lab-production,bur-drill,consumable,approved_rule,legacy_category_rule,,unmatched,false,,耗材,耗材,車針 / 鑽針
DUM-7838/050R,全鑽石針(大) 7838/050R,Dumont,lab-production,bur-drill,consumable,approved_rule,legacy_category_rule,,unmatched,false,,耗材,耗材,車針 / 鑽針
DUM-7838L/031R,全鑽石針(小) 7838L/031R,Dumont,lab-production,bur-drill,consumable,approved_rule,legacy_category_rule,,unmatched,false,,耗材,耗材,車針 / 鑽針
DUM-7845/031R,全鑽石針(小) 7845/031R,Dumont,lab-production,bur-drill,consumable,approved_rule,legacy_category_rule,,unmatched,false,,耗材,耗材,車針 / 鑽針
DUM-7845/050R,全鑽石針(大) 7845/050R,Dumont,lab-production,bur-drill,consumable,approved_rule,legacy_category_rule,,unmatched,false,,耗材,耗材,車針 / 鑽針
DUM-7845L/031R,全鑽石針(小) 7845L/031R,Dumont,lab-production,bur-drill,consumable,approved_rule,legacy_category_rule,,unmatched,false,,耗材,耗材,車針 / 鑽針
DUM-7846/031R,全鑽石針(小) 7846/031R,Dumont,lab-production,bur-drill,consumable,approved_rule,legacy_category_rule,,unmatched,false,,耗材,耗材,車針 / 鑽針
DUM-7846L/031R,全鑽石針(小) 7846L/031R,Dumont,lab-production,bur-drill,consumable,approved_rule,legacy_category_rule,,unmatched,false,,耗材,耗材,車針 / 鑽針
DUM-7856/031R,全鑽石針(小) 7856/031R,Dumont,lab-production,bur-drill,consumable,approved_rule,legacy_category_rule,,unmatched,false,,耗材,耗材,車針 / 鑽針
DUM-7856L/023R,全鑽石針(小) 7856L/023R,Dumont,lab-production,bur-drill,consumable,approved_rule,legacy_category_rule,,unmatched,false,,耗材,耗材,車針 / 鑽針
DUM-7856L/031R,全鑽石針(小) 7856L/031R,Dumont,lab-production,bur-drill,consumable,approved_rule,legacy_category_rule,,unmatched,false,,耗材,耗材,車針 / 鑽針
DUM-7862/050R,全鑽石針(大) 7862/050R,Dumont,lab-production,bur-drill,consumable,approved_rule,legacy_category_rule,,unmatched,false,,耗材,耗材,車針 / 鑽針
DUM-7863/050R,全鑽石針(大) 7863/050R,Dumont,lab-production,bur-drill,consumable,approved_rule,legacy_category_rule,,unmatched,false,,耗材,耗材,車針 / 鑽針
DUM-7879/050R,全鑽石針(大) 7879/050R,Dumont,lab-production,bur-drill,consumable,approved_rule,legacy_category_rule,,unmatched,false,,耗材,耗材,車針 / 鑽針
GC-000279,Acron Powder 500g#8,GC / 台灣而至,removable-prosthetics,resin-material,material,approved_rule,legacy_category_rule,,unmatched,false,,材料,材料,樹脂材料
GC-000292,GC Sep 腊分離劑 100g,GC / 台灣而至,lab-production,process-liquid,consumable,approved_rule,legacy_category_rule,,unmatched,false,,藥液,輔助工具,專用液 / 藥劑
GC-000317,Unifast Powder#3/100g,GC / 台灣而至,removable-prosthetics,resin-material,material,approved_rule,legacy_category_rule,,unmatched,false,,材料,材料,樹脂材料
GC-000319,Unifast Powder(#Ivory)/100g,GC / 台灣而至,removable-prosthetics,resin-material,material,approved_rule,legacy_category_rule,,unmatched,false,,材料,材料,樹脂材料
GC-000320,Unifast III  1-1 樹指粉+液(100g/104ml),GC / 台灣而至,removable-prosthetics,resin-material,material,approved_rule,legacy_category_rule,,unmatched,false,,材料,材料,樹脂材料
GC-000322,Unifast Powder(#8 Live.Pink)/100g,GC / 台灣而至,removable-prosthetics,resin-material,material,approved_rule,legacy_category_rule,,unmatched,false,,材料,材料,樹脂材料
GC-000335,Unifast Liquid 專用液#100g,GC / 台灣而至,removable-prosthetics,resin-material,material,approved_rule,legacy_category_rule,,unmatched,false,,材料,材料,樹脂材料
GC-000392,Pattern Resin 樹脂粉#100g,GC / 台灣而至,removable-prosthetics,resin-material,material,approved_rule,legacy_category_rule,,unmatched,false,,材料,材料,樹脂材料
GC-000395,Pattern Resin 專用液/100g,GC / 台灣而至,lab-production,process-liquid,consumable,approved_rule,legacy_category_rule,,unmatched,false,,藥液,輔助工具,專用液 / 藥劑
GC-000396,Pattern Resin 1-1 壓克力樹脂粉+水,GC / 台灣而至,removable-prosthetics,resin-material,material,approved_rule,legacy_category_rule,,unmatched,false,,材料,材料,樹脂材料
GC-000400,Rebaron  假牙再襯底樹脂,GC / 台灣而至,removable-prosthetics,resin-material,material,approved_rule,legacy_category_rule,,unmatched,false,,材料,材料,樹脂材料
GC-000957,Gutta Percha Point,GC / 台灣而至,clinical-tools,dental-instrument,durable_tool,needs_review,researched_unresolved,,unmatched,true,ambiguous_legacy_category,工具,輔助工具,牙科器材
GC-000981,Syringe Nozzle 10pcs,GC / 台灣而至,clinical-tools,dental-instrument,durable_tool,needs_review,researched_unresolved,,unmatched,true,ambiguous_legacy_category,工具,輔助工具,牙科器材
GC-001,GC 12孔瓷盤,GC / 台灣而至,clinical-tools,other-tool,durable_tool,needs_review,researched_unresolved,,unmatched,true,ambiguous_legacy_category,工具,耗材,其他工具
GC-001080,New Sticky Wax 20pcs,GC / 台灣而至,lab-production,wax-pressing-material,material,approved_rule,legacy_category_rule,,unmatched,false,,材料,材料,蠟 / 壓鑄材
GC-001142,Articulating Paper 120mm咬合紙(紅),GC / 台灣而至,clinical-tools,dental-instrument,durable_tool,needs_review,researched_unresolved,,unmatched,true,ambiguous_legacy_category,工具,輔助工具,牙科器材
GC-001143,Articulating Paper 120mm 咬合紙(藍),GC / 台灣而至,clinical-tools,dental-instrument,durable_tool,needs_review,researched_unresolved,,unmatched,true,ambiguous_legacy_category,工具,輔助工具,牙科器材
GC-001157,Inlay Wax(紫.軟)/60PCS,GC / 台灣而至,lab-production,wax-pressing-material,material,approved_rule,legacy_category_rule,,unmatched,false,,材料,材料,蠟 / 壓鑄材
GC-001161,Inlay Wax H Red/40g,GC / 台灣而至,lab-production,wax-pressing-material,material,approved_rule,legacy_category_rule,,unmatched,false,,材料,材料,蠟 / 壓鑄材
GC-001212,Unifast Rubber Cups/5pcs,GC / 台灣而至,removable-prosthetics,resin-material,material,approved_rule,legacy_category_rule,,unmatched,false,,材料,材料,樹脂材料
GC-001573,Fuji Paste Pak Dispenser,GC / 台灣而至,clinical-tools,dental-instrument,durable_tool,approved_rule,researched_sku_rule,,unmatched,false,,工具,輔助工具,牙科器材
GC-001614,Exafine Injection 1-1,GC / 台灣而至,removable-prosthetics,impression-material,material,approved_rule,legacy_category_rule,,unmatched,false,,材料,材料,印模材料
GC-001619,Adhesive矽膠印模材黏著劑/8g,GC / 台灣而至,fixed-restorative,ceramic-material,material,approved_rule,legacy_category_rule,,unmatched,false,,材料,材料,瓷粉 / 陶瓷
GC-001621,Examixfine Injection /box(槍型),GC / 台灣而至,removable-prosthetics,impression-material,material,approved_rule,legacy_category_rule,,unmatched,false,,材料,材料,印模材料
GC-002652,UNIFAST III Liquid (104ml),GC / 台灣而至,removable-prosthetics,resin-material,material,approved_rule,legacy_category_rule,,unmatched,false,,材料,材料,樹脂材料
GC-002667,UNIFAST III Powder 100g#A1(速性粉),GC / 台灣而至,removable-prosthetics,resin-material,material,approved_rule,legacy_category_rule,,unmatched,false,,材料,材料,樹脂材料
GC-002668,UNIFAST III Powder 100g#A2(速性粉),GC / 台灣而至,removable-prosthetics,resin-material,material,approved_rule,legacy_category_rule,,unmatched,false,,材料,材料,樹脂材料
GC-002669,UNIFAST III Powder 100g#A3(速性粉)#100g,GC / 台灣而至,removable-prosthetics,resin-material,material,approved_rule,legacy_category_rule,,unmatched,false,,材料,材料,樹脂材料
GC-002674,UNIFAST III Powder 100g#Clear(速性粉),GC / 台灣而至,removable-prosthetics,resin-material,material,approved_rule,legacy_category_rule,,unmatched,false,,材料,材料,樹脂材料
GC-002675,UNIFAST III Powder 100g#Pink(速性粉),GC / 台灣而至,removable-prosthetics,resin-material,material,approved_rule,legacy_category_rule,,unmatched,false,,材料,材料,樹脂材料
GC-003108,GC Fuji II #22 黏著材,GC / 台灣而至,clinical-tools,dental-instrument,durable_tool,needs_review,researched_unresolved,,unmatched,true,ambiguous_legacy_category,工具,輔助工具,牙科器材
GC-003128,GC Fuji II LC Improved Powder A3,GC / 台灣而至,clinical-tools,dental-instrument,durable_tool,needs_review,researched_unresolved,,unmatched,true,ambiguous_legacy_category,工具,輔助工具,牙科器材
GC-003134,GC Fuji II LC Liquid/8g,GC / 台灣而至,clinical-tools,dental-instrument,durable_tool,needs_review,researched_unresolved,,unmatched,true,ambiguous_legacy_category,工具,輔助工具,牙科器材
GC-003195,Gradia Direct Syringe P-A3,GC / 台灣而至,clinical-tools,dental-instrument,durable_tool,needs_review,researched_unresolved,,unmatched,true,ambiguous_legacy_category,工具,輔助工具,牙科器材
GC-003202,GC Fuji I I-1 結合劑,GC / 台灣而至,clinical-tools,dental-instrument,durable_tool,needs_review,researched_unresolved,,unmatched,true,ambiguous_legacy_category,工具,輔助工具,牙科器材
GC-003526,Caviton Pink 30g,GC / 台灣而至,fixed-restorative,ceramic-material,material,approved_rule,legacy_category_rule,,unmatched,false,,材料,材料,瓷粉 / 陶瓷
GC-003527,Caviton White 30g,GC / 台灣而至,fixed-restorative,ceramic-material,material,approved_rule,legacy_category_rule,,unmatched,false,,材料,材料,瓷粉 / 陶瓷
GC-003552,REVOTEK LC Introductory set 光聚形固化樹脂,GC / 台灣而至,fixed-restorative,ceramic-material,material,approved_rule,legacy_category_rule,,unmatched,false,,材料,材料,瓷粉 / 陶瓷
GC-003567,Freegenol Temporary Pack 臨時粘著劑,GC / 台灣而至,fixed-restorative,ceramic-material,material,approved_rule,legacy_category_rule,,unmatched,false,,材料,材料,瓷粉 / 陶瓷
GC-003626,Soft Liner 粉+水(100g粉/100g/水),GC / 台灣而至,removable-prosthetics,resin-material,material,approved_rule,legacy_category_rule,,unmatched,false,,材料,材料,樹脂材料
GC-003628,Soft Liner 粉+水(100g粉/100g/水),GC / 台灣而至,removable-prosthetics,resin-material,material,approved_rule,legacy_category_rule,,unmatched,false,,材料,材料,樹脂材料
GC-003629,GC Tempron 1-1 速性粉+水,GC / 台灣而至,fixed-restorative,ceramic-material,material,approved_rule,legacy_category_rule,,unmatched,false,,材料,材料,瓷粉 / 陶瓷
GC-003630,GC Tempron  速性粉(100g),GC / 台灣而至,fixed-restorative,ceramic-material,material,approved_rule,legacy_category_rule,,unmatched,false,,材料,材料,瓷粉 / 陶瓷
GC-003631,GC Tempron  速性水,GC / 台灣而至,fixed-restorative,ceramic-material,material,approved_rule,legacy_category_rule,,unmatched,false,,材料,材料,瓷粉 / 陶瓷
GC-003632,GC OSTRON 100 牙托粉(500g)C,GC / 台灣而至,removable-prosthetics,resin-material,material,approved_rule,legacy_category_rule,,unmatched,false,,材料,材料,樹脂材料
GC-003634,GC OSTRON 100 牙托粉(500g)藍,GC / 台灣而至,removable-prosthetics,resin-material,material,approved_rule,legacy_category_rule,,unmatched,false,,材料,材料,樹脂材料
GC-003635,GC OSTRON 100 牙托粉專用液(250g),GC / 台灣而至,removable-prosthetics,resin-material,material,approved_rule,legacy_category_rule,,unmatched,false,,藥液,材料,樹脂材料
GC-003639,Fusion II Extra Wash Type,GC / 台灣而至,fixed-restorative,ceramic-material,material,approved_rule,legacy_category_rule,,unmatched,false,,材料,材料,瓷粉 / 陶瓷
GC-003641,Fusion II Wash Type,GC / 台灣而至,fixed-restorative,ceramic-material,material,approved_rule,legacy_category_rule,,unmatched,false,,材料,材料,瓷粉 / 陶瓷
GC-003643,Fusion II Monophase,GC / 台灣而至,fixed-restorative,ceramic-material,material,approved_rule,legacy_category_rule,,unmatched,false,,材料,材料,瓷粉 / 陶瓷
GC-003645,Fusion II Heavy Body,GC / 台灣而至,fixed-restorative,ceramic-material,material,approved_rule,legacy_category_rule,,unmatched,false,,材料,材料,瓷粉 / 陶瓷
GC-003646,Fusion II Putty Type 1-1,GC / 台灣而至,fixed-restorative,ceramic-material,material,approved_rule,legacy_category_rule,,unmatched,false,,材料,材料,瓷粉 / 陶瓷
GC-004110-1,Aroma Fine Plus Normal/500g 印模粉,GC / 台灣而至,fixed-restorative,ceramic-material,material,approved_rule,legacy_category_rule,,unmatched,false,,材料,材料,瓷粉 / 陶瓷
GC-004196,G-aenial  Flo A3,GC / 台灣而至,fixed-restorative,ceramic-material,material,approved_rule,legacy_category_rule,,unmatched,false,,材料,材料,瓷粉 / 陶瓷
GC-004203,G-aenial Universal Flo A2,GC / 台灣而至,fixed-restorative,ceramic-material,material,approved_rule,legacy_category_rule,,unmatched,false,,材料,材料,瓷粉 / 陶瓷
GC-004204,G-aenial Universal Flo A3,GC / 台灣而至,fixed-restorative,ceramic-material,material,approved_rule,legacy_category_rule,,unmatched,false,,材料,材料,瓷粉 / 陶瓷
GC-004207,G-aenial Universal Flo B1,GC / 台灣而至,fixed-restorative,ceramic-material,material,approved_rule,legacy_category_rule,,unmatched,false,,材料,材料,瓷粉 / 陶瓷
GC-004253,GC Fuji TEMP LT 暫時性黏著劑,GC / 台灣而至,clinical-tools,dental-instrument,durable_tool,needs_review,researched_unresolved,,unmatched,true,ambiguous_legacy_category,工具,輔助工具,牙科器材
GC-004385,Ruscello Floss Assort Set 30m*6,GC / 台灣而至,fixed-restorative,ceramic-material,material,approved_rule,legacy_category_rule,,unmatched,false,,材料,材料,瓷粉 / 陶瓷
GC-004387,Ruscello Floss Mint Waxed 牙線(6個/盒),GC / 台灣而至,fixed-restorative,ceramic-material,material,approved_rule,legacy_category_rule,,unmatched,false,,材料,材料,瓷粉 / 陶瓷
GC-004392,Ruscello Floss Mint Waxed Pink 200m牙線,GC / 台灣而至,fixed-restorative,ceramic-material,material,approved_rule,legacy_category_rule,,unmatched,false,,材料,材料,瓷粉 / 陶瓷
GC-004612,CD Dispenser III,GC / 台灣而至,fixed-restorative,ceramic-material,material,approved_rule,legacy_category_rule,,unmatched,false,,材料,材料,瓷粉 / 陶瓷
GC-004857,G-cem Link Ace A2 樹脂黏著劑,GC / 台灣而至,fixed-restorative,ceramic-material,material,approved_rule,legacy_category_rule,,unmatched,false,,材料,材料,瓷粉 / 陶瓷
GC-004859,G-cem Link Ace AO3 樹脂黏著劑,GC / 台灣而至,fixed-restorative,ceramic-material,material,approved_rule,legacy_category_rule,,unmatched,false,,材料,材料,瓷粉 / 陶瓷
GC-004860,G-cem Link Ace BO1 樹脂黏著劑,GC / 台灣而至,fixed-restorative,ceramic-material,material,approved_rule,legacy_category_rule,,unmatched,false,,材料,材料,瓷粉 / 陶瓷
GC-004903,Fit Checker Advanced Tube 1-1,GC / 台灣而至,fixed-restorative,ceramic-material,material,approved_rule,legacy_category_rule,,unmatched,false,,材料,材料,瓷粉 / 陶瓷
GC-004905,Fit Checker Advanced Blue Cart 2pcs,GC / 台灣而至,fixed-restorative,ceramic-material,material,approved_rule,legacy_category_rule,,unmatched,false,,材料,材料,瓷粉 / 陶瓷
GC-004920,Ruscello Toothbrush picellam 20pc,GC / 台灣而至,fixed-restorative,ceramic-material,material,approved_rule,legacy_category_rule,,unmatched,false,,材料,材料,瓷粉 / 陶瓷
GC-004921,Ruscello Toothbrush picellam/20pc,GC / 台灣而至,fixed-restorative,ceramic-material,material,approved_rule,legacy_category_rule,,unmatched,false,,材料,材料,瓷粉 / 陶瓷
GC-004922,Ruscello Toothbrush picellaM/20p FE,GC / 台灣而至,fixed-restorative,ceramic-material,material,approved_rule,legacy_category_rule,,unmatched,false,,材料,材料,瓷粉 / 陶瓷
GC-004923,Ruscello Toothbrush picellam P-20pc,GC / 台灣而至,fixed-restorative,ceramic-material,material,approved_rule,legacy_category_rule,,unmatched,false,,材料,材料,瓷粉 / 陶瓷
GC-004930,Ruscello Toothbrush FL Tiny 20pcs,GC / 台灣而至,fixed-restorative,ceramic-material,material,approved_rule,legacy_category_rule,,unmatched,false,,材料,材料,瓷粉 / 陶瓷
GC-005075,GC Fuji IX GP-EXTRA,GC / 台灣而至,clinical-tools,dental-instrument,durable_tool,needs_review,researched_unresolved,,unmatched,true,ambiguous_legacy_category,工具,輔助工具,牙科器材
GC-008225,Veneervest Liquid  Universal 250ml,GC / 台灣而至,fixed-restorative,ceramic-material,material,approved_rule,legacy_category_rule,,unmatched,false,,材料,材料,瓷粉 / 陶瓷
GC-008227,Veneervest Zirconia Powder 35g*30包,GC / 台灣而至,fixed-restorative,ceramic-material,material,approved_rule,legacy_category_rule,,unmatched,false,,材料,材料,瓷粉 / 陶瓷
GC-008228,Veneervest Metal Ceramics Powder 35g*30包,GC / 台灣而至,fixed-restorative,ceramic-material,material,approved_rule,legacy_category_rule,,unmatched,false,,材料,材料,瓷粉 / 陶瓷
GC-008319,G-aenial Flo X A3,GC / 台灣而至,fixed-restorative,ceramic-material,material,approved_rule,legacy_category_rule,,unmatched,false,,材料,材料,瓷粉 / 陶瓷
GC-008408,Optiglaze Set 光固化染劑,GC / 台灣而至,color-characterization,glaze-material,material,approved_rule,verified_sku_rule,,unmatched,false,,設備,設備,光固化機
GC-008409,Optiglaze color A Plus 2.6ml,GC / 台灣而至,color-characterization,glaze-material,material,approved_rule,legacy_category_rule,,unmatched,false,,藥液,染液色料,釉材
GC-008410,Optiglaze color B Plus 2.6ml,GC / 台灣而至,color-characterization,glaze-material,material,approved_rule,legacy_category_rule,,unmatched,false,,藥液,染液色料,釉材
GC-008411,Optiglaze color C Plus 2.6ml,GC / 台灣而至,color-characterization,glaze-material,material,approved_rule,legacy_category_rule,,unmatched,false,,藥液,染液色料,釉材
GC-008412,Optiglaze color white 2.6ml,GC / 台灣而至,color-characterization,glaze-material,material,approved_rule,legacy_category_rule,,unmatched,false,,藥液,染液色料,釉材
GC-008413,Optiglaze color ivory white 2.6ml,GC / 台灣而至,color-characterization,glaze-material,material,approved_rule,legacy_category_rule,,unmatched,false,,藥液,染液色料,釉材
GC-008414,Optiglaze color Yellow 2.6ml,GC / 台灣而至,color-characterization,glaze-material,material,approved_rule,legacy_category_rule,,unmatched,false,,藥液,染液色料,釉材
GC-008415,Optiglaze color orange 2.6ml,GC / 台灣而至,color-characterization,glaze-material,material,approved_rule,legacy_category_rule,,unmatched,false,,藥液,染液色料,釉材
GC-008416,Optiglaze color pink orange 2.6ml,GC / 台灣而至,color-characterization,glaze-material,material,approved_rule,legacy_category_rule,,unmatched,false,,藥液,染液色料,釉材
GC-008417,Optiglaze color red brown 2.6ml,GC / 台灣而至,color-characterization,glaze-material,material,approved_rule,legacy_category_rule,,unmatched,false,,藥液,染液色料,釉材
GC-008418,Optiglaze color olive 2.6ml,GC / 台灣而至,color-characterization,glaze-material,material,approved_rule,legacy_category_rule,,unmatched,false,,藥液,染液色料,釉材
GC-008419,Optiglaze color grey 2.6 m,GC / 台灣而至,color-characterization,glaze-material,material,approved_rule,legacy_category_rule,,unmatched,false,,藥液,染液色料,釉材
GC-008420,Optiglaze color blue 2.6ml,GC / 台灣而至,color-characterization,glaze-material,material,approved_rule,legacy_category_rule,,unmatched,false,,藥液,染液色料,釉材
GC-008421,Optiglaze color lavender 2.6 ml,GC / 台灣而至,color-characterization,glaze-material,material,approved_rule,legacy_category_rule,,unmatched,false,,藥液,染液色料,釉材
GC-008422,Optiglaze color pink 2.6 ml,GC / 台灣而至,color-characterization,glaze-material,material,approved_rule,legacy_category_rule,,unmatched,false,,藥液,染液色料,釉材
GC-008423,Optiglaze color red 2.6 ml,GC / 台灣而至,color-characterization,glaze-material,material,approved_rule,legacy_category_rule,,unmatched,false,,藥液,染液色料,釉材
GC-008424,Optiglaze color clear 5ml,GC / 台灣而至,color-characterization,glaze-material,material,approved_rule,legacy_category_rule,,unmatched,false,,藥液,染液色料,釉材
GC-008425,Optiglaze color clear HV 5ml,GC / 台灣而至,color-characterization,glaze-material,material,approved_rule,legacy_category_rule,,unmatched,false,,藥液,染液色料,釉材
GC-008482,EXACLEAR 透明印模材,GC / 台灣而至,fixed-restorative,ceramic-material,material,approved_rule,legacy_category_rule,,unmatched,false,,材料,材料,瓷粉 / 陶瓷
GC-009005,PLAQUECHECK GEL BR(5g),GC / 台灣而至,fixed-restorative,ceramic-material,material,approved_rule,legacy_category_rule,,unmatched,false,,材料,材料,瓷粉 / 陶瓷
GC-009540,G-CEM LinkForce System Kit 黏著劑,GC / 台灣而至,fixed-restorative,ceramic-material,material,approved_rule,legacy_category_rule,,unmatched,false,,材料,材料,瓷粉 / 陶瓷
GC-009543,G-CEM LinkForce Starter Kit TR 黏著劑,GC / 台灣而至,fixed-restorative,ceramic-material,material,approved_rule,legacy_category_rule,,unmatched,false,,材料,材料,瓷粉 / 陶瓷
GC-009552,G-Premio BOND DCA 黏著劑/3ml,GC / 台灣而至,fixed-restorative,ceramic-material,material,approved_rule,legacy_category_rule,,unmatched,false,,材料,材料,瓷粉 / 陶瓷
GC-009553,G-Multi PRIMER 5ml樹脂黏著劑,GC / 台灣而至,fixed-restorative,ceramic-material,material,approved_rule,legacy_category_rule,,unmatched,false,,材料,材料,瓷粉 / 陶瓷
GC-010320,Initial LiSi Press HT-EXW瓷錠(3g*5),GC / 台灣而至,fixed-restorative,ceramic-material,material,approved_rule,legacy_category_rule,,unmatched,false,,材料,材料,瓷粉 / 陶瓷
GC-010321,Initial LiSi Press HT-BLE瓷錠(3g*5),GC / 台灣而至,fixed-restorative,ceramic-material,material,approved_rule,legacy_category_rule,,unmatched,false,,材料,材料,瓷粉 / 陶瓷
GC-010322,Initial LiSi Press HT-E57 瓷錠(3g*5),GC / 台灣而至,fixed-restorative,ceramic-material,material,approved_rule,legacy_category_rule,,unmatched,false,,材料,材料,瓷粉 / 陶瓷
GC-010323,Initial LiSi Press HT-E58 瓷錠(3g*5),GC / 台灣而至,fixed-restorative,ceramic-material,material,approved_rule,legacy_category_rule,,unmatched,false,,材料,材料,瓷粉 / 陶瓷
GC-010324,Initial LiSi Press HT-E59 瓷錠(3g*5),GC / 台灣而至,fixed-restorative,ceramic-material,material,approved_rule,legacy_category_rule,,unmatched,false,,材料,材料,瓷粉 / 陶瓷
GC-010325,Initial LiSi Press HT-E60 瓷錠(3g*5),GC / 台灣而至,fixed-restorative,ceramic-material,material,approved_rule,legacy_category_rule,,unmatched,false,,材料,材料,瓷粉 / 陶瓷
GC-010326,Initial LiSi Press MT-B00 瓷錠(3g*5),GC / 台灣而至,fixed-restorative,ceramic-material,material,approved_rule,legacy_category_rule,,unmatched,false,,材料,材料,瓷粉 / 陶瓷
GC-010327,Initial LiSi Press MT-B0 瓷錠(3g*5),GC / 台灣而至,fixed-restorative,ceramic-material,material,approved_rule,legacy_category_rule,,unmatched,false,,材料,材料,瓷粉 / 陶瓷
GC-010328,Initial LiSi Press MT-A1 瓷錠(3g*5),GC / 台灣而至,fixed-restorative,ceramic-material,material,approved_rule,legacy_category_rule,,unmatched,false,,材料,材料,瓷粉 / 陶瓷
GC-010329,Initial LiSi Press MT-A2 瓷錠(3g*5),GC / 台灣而至,fixed-restorative,ceramic-material,material,approved_rule,legacy_category_rule,,unmatched,false,,材料,材料,瓷粉 / 陶瓷
GC-010330,Initial LiSi Press MT-A3 瓷錠(3g*5),GC / 台灣而至,fixed-restorative,ceramic-material,material,approved_rule,legacy_category_rule,,unmatched,false,,材料,材料,瓷粉 / 陶瓷
GC-010331,Initial LiSi Press MT-B1 瓷錠(3g*5),GC / 台灣而至,fixed-restorative,ceramic-material,material,approved_rule,legacy_category_rule,,unmatched,false,,材料,材料,瓷粉 / 陶瓷
GC-010332,Initial LiSi Press MT-B2 瓷錠(3g*5),GC / 台灣而至,fixed-restorative,ceramic-material,material,approved_rule,legacy_category_rule,,unmatched,false,,材料,材料,瓷粉 / 陶瓷
GC-010333,Initial LiSi Press MT-C1瓷錠(3g*5),GC / 台灣而至,fixed-restorative,ceramic-material,material,approved_rule,legacy_category_rule,,unmatched,false,,材料,材料,瓷粉 / 陶瓷
GC-010334,Initial LiSi Press MT-C2 瓷錠(3g*5),GC / 台灣而至,fixed-restorative,ceramic-material,material,approved_rule,legacy_category_rule,,unmatched,false,,材料,材料,瓷粉 / 陶瓷
GC-010335,Initial LiSi Press MT-D2 瓷錠(3g*5),GC / 台灣而至,fixed-restorative,ceramic-material,material,approved_rule,legacy_category_rule,,unmatched,false,,材料,材料,瓷粉 / 陶瓷
GC-010336,Initial LiSi Press LT-A瓷錠(3g*5),GC / 台灣而至,fixed-restorative,ceramic-material,material,approved_rule,legacy_category_rule,,unmatched,false,,材料,材料,瓷粉 / 陶瓷
GC-010337,Initial LiSi Press LT-B瓷錠(3g*5),GC / 台灣而至,fixed-restorative,ceramic-material,material,approved_rule,legacy_category_rule,,unmatched,false,,材料,材料,瓷粉 / 陶瓷
GC-010338,Initial LiSi Press LT-C瓷錠(3g*5),GC / 台灣而至,fixed-restorative,ceramic-material,material,approved_rule,legacy_category_rule,,unmatched,false,,材料,材料,瓷粉 / 陶瓷
GC-010340,Initial LiSi Press MO-0瓷錠(3g*5),GC / 台灣而至,fixed-restorative,ceramic-material,material,approved_rule,legacy_category_rule,,unmatched,false,,材料,材料,瓷粉 / 陶瓷
GC-010341,Initial LiSi Press MO-1瓷錠(3g*5),GC / 台灣而至,fixed-restorative,ceramic-material,material,approved_rule,legacy_category_rule,,unmatched,false,,材料,材料,瓷粉 / 陶瓷
GC-010342,Initial LiSi Press MO-2瓷錠(3g*5),GC / 台灣而至,fixed-restorative,ceramic-material,material,approved_rule,legacy_category_rule,,unmatched,false,,材料,材料,瓷粉 / 陶瓷
GC-011994,SOLARE Sculpt Syringe A3 1.9g(1ml),GC / 台灣而至,clinical-tools,dental-instrument,durable_tool,needs_review,researched_unresolved,,unmatched,true,ambiguous_legacy_category,工具,輔助工具,牙科器材
GC-012256,RUSCELLO TOOTHPASTE WHITE 100g(美白牙膏),GC / 台灣而至,fixed-restorative,ceramic-material,material,approved_rule,legacy_category_rule,,unmatched,false,,材料,材料,瓷粉 / 陶瓷
GC-012309,G-aenial Universal lnjectable 1.7g A2,GC / 台灣而至,fixed-restorative,ceramic-material,material,approved_rule,legacy_category_rule,,unmatched,false,,材料,材料,瓷粉 / 陶瓷
GC-012310,G-aenial Universal lnjectable 1.7g A3,GC / 台灣而至,fixed-restorative,ceramic-material,material,approved_rule,legacy_category_rule,,unmatched,false,,材料,材料,瓷粉 / 陶瓷
GC-012330,ShakelMix Stone Shaker石膏,GC / 台灣而至,lab-production,investment-gypsum,material,approved_rule,legacy_category_rule,,unmatched,false,,材料,材料,包埋 / 石膏
GC-012541,CEARSMART270 12 CEREC A2 HT5pc GCE,GC / 台灣而至,digital-manufacturing,glass-ceramic,material,approved_rule,legacy_category_rule,,unmatched,false,,材料,材料,玻璃陶瓷
GC-012553,CEARSMART 270 CEREC A2 HT5pc#Size 12,GC / 台灣而至,digital-manufacturing,glass-ceramic,material,approved_rule,legacy_category_rule,,unmatched,false,,材料,材料,玻璃陶瓷
GC-012558,CERASMART 270 CEREC A2 LT5Pc GCE#Size12,GC / 台灣而至,digital-manufacturing,glass-ceramic,material,approved_rule,legacy_category_rule,,unmatched,false,,材料,材料,玻璃陶瓷
GC-012576,CEARSMART 270 CEREC A1 HT5pc#Size 14,GC / 台灣而至,digital-manufacturing,glass-ceramic,material,approved_rule,legacy_category_rule,,unmatched,false,,材料,材料,玻璃陶瓷
GC-012577,CEARSMART 270 CEREC A2 HT5pc#Size 14,GC / 台灣而至,digital-manufacturing,glass-ceramic,material,approved_rule,legacy_category_rule,,unmatched,false,,材料,材料,玻璃陶瓷
GC-012578,CEARSMART 270 CEREC A3 HT5pc#Size 14,GC / 台灣而至,digital-manufacturing,glass-ceramic,material,approved_rule,legacy_category_rule,,unmatched,false,,材料,材料,玻璃陶瓷
GC-012579,CEARSMART 270 CEREC A3.5 HT5pc#Size 14,GC / 台灣而至,digital-manufacturing,glass-ceramic,material,approved_rule,legacy_category_rule,,unmatched,false,,材料,材料,玻璃陶瓷
GC-012583,CERASMART 270 14 CEREC A3 LT5P GCE 複合樹脂,GC / 台灣而至,digital-manufacturing,glass-ceramic,material,approved_rule,legacy_category_rule,,unmatched,false,,材料,材料,玻璃陶瓷
GC-012584,CERASMART 270 14 CEREC A3.5 LT5P GCE 複合樹脂,GC / 台灣而至,digital-manufacturing,glass-ceramic,material,approved_rule,legacy_category_rule,,unmatched,false,,材料,材料,玻璃陶瓷
GC-012589,CEARSMART 270 UNIVERSAL A2 HT5pc#Size 14,GC / 台灣而至,digital-manufacturing,glass-ceramic,material,approved_rule,legacy_category_rule,,unmatched,false,,材料,材料,玻璃陶瓷
GC-012591,CEARSMART 270 CEREC A3.5 HT5pc#Size 14,GC / 台灣而至,digital-manufacturing,glass-ceramic,material,approved_rule,legacy_category_rule,,unmatched,false,,材料,材料,玻璃陶瓷
GC-012696,G-Premio BOND 黏著劑/5ml,GC / 台灣而至,fixed-restorative,ceramic-material,material,approved_rule,legacy_category_rule,,unmatched,false,,材料,材料,瓷粉 / 陶瓷
GC-012760,TEMPSMART DC Cartridge 48ml#A1臨時牙冠及牙橋樹脂,GC / 台灣而至,removable-prosthetics,resin-material,material,approved_rule,legacy_category_rule,,unmatched,false,,材料,材料,樹脂材料
GC-012761,TEMPSMART DC Cartridge 48ml#A2臨時牙冠及牙橋樹脂,GC / 台灣而至,removable-prosthetics,resin-material,material,approved_rule,legacy_category_rule,,unmatched,false,,材料,材料,樹脂材料
GC-012762,TEMPSMART DC Cartridge 48ml#A3臨時牙冠及牙橋樹脂,GC / 台灣而至,removable-prosthetics,resin-material,material,approved_rule,legacy_category_rule,,unmatched,false,,材料,材料,樹脂材料
GC-012766,TEMPSMART DC Cartridge 10ml#A1暫時性牙冠及牙橋樹脂,GC / 台灣而至,removable-prosthetics,resin-material,material,approved_rule,legacy_category_rule,,unmatched,false,,材料,材料,樹脂材料
GC-012811,Tooth Paste Kids assort(40g*10),GC / 台灣而至,fixed-restorative,ceramic-material,material,approved_rule,legacy_category_rule,,unmatched,false,,材料,材料,瓷粉 / 陶瓷
GC-012835,Initial LiSi Press LT-B00 瓷錠(3g*5),GC / 台灣而至,fixed-restorative,ceramic-material,material,approved_rule,legacy_category_rule,,unmatched,false,,材料,材料,瓷粉 / 陶瓷
GC-012837,Initial LiSi Press LT-B0 瓷錠(3g*5),GC / 台灣而至,fixed-restorative,ceramic-material,material,approved_rule,legacy_category_rule,,unmatched,false,,材料,材料,瓷粉 / 陶瓷
GC-012838,Initial LiSi Press LT-A1 瓷錠(3g*5),GC / 台灣而至,fixed-restorative,ceramic-material,material,approved_rule,legacy_category_rule,,unmatched,false,,材料,材料,瓷粉 / 陶瓷
GC-012839,Initial LiSi Press LT-A2 瓷錠(3g*5),GC / 台灣而至,fixed-restorative,ceramic-material,material,approved_rule,legacy_category_rule,,unmatched,false,,材料,材料,瓷粉 / 陶瓷
GC-012840,Initial LiSi Press LT-A3 瓷錠(3g*5),GC / 台灣而至,fixed-restorative,ceramic-material,material,approved_rule,legacy_category_rule,,unmatched,false,,材料,材料,瓷粉 / 陶瓷
GC-012843,Initial LiSi Press LT-B1 瓷錠(3g*5),GC / 台灣而至,fixed-restorative,ceramic-material,material,approved_rule,legacy_category_rule,,unmatched,false,,材料,材料,瓷粉 / 陶瓷
GC-012844,Initial LiSi Press LT-B2 瓷錠(3g*5),GC / 台灣而至,fixed-restorative,ceramic-material,material,approved_rule,legacy_category_rule,,unmatched,false,,材料,材料,瓷粉 / 陶瓷
GC-012847,Initial LiSi Press LT-C1 瓷錠(3g*5),GC / 台灣而至,fixed-restorative,ceramic-material,material,approved_rule,legacy_category_rule,,unmatched,false,,材料,材料,瓷粉 / 陶瓷
GC-012851,Initial LiSi Press LT-D2瓷錠(3g*5),GC / 台灣而至,fixed-restorative,ceramic-material,material,approved_rule,legacy_category_rule,,unmatched,false,,材料,材料,瓷粉 / 陶瓷
GC-012927,GC Initial LiSi Block A1 HT/14(5PC),GC / 台灣而至,fixed-restorative,ceramic-material,material,approved_rule,legacy_category_rule,,unmatched,false,,材料,材料,瓷粉 / 陶瓷
GC-012928,GC Initial LiSi Block A2 HT/14(5PC),GC / 台灣而至,fixed-restorative,ceramic-material,material,approved_rule,legacy_category_rule,,unmatched,false,,材料,材料,瓷粉 / 陶瓷
GC-012929,GC Initial LiSi Block A3 HT/14(5PC),GC / 台灣而至,fixed-restorative,ceramic-material,material,approved_rule,legacy_category_rule,,unmatched,false,,材料,材料,瓷粉 / 陶瓷
GC-012930,GC Initial LiSi Block B1 HT/14(5PC),GC / 台灣而至,fixed-restorative,ceramic-material,material,approved_rule,legacy_category_rule,,unmatched,false,,材料,材料,瓷粉 / 陶瓷
GC-012931,GC Initial LiSi Block A1 LT/14(5PC),GC / 台灣而至,fixed-restorative,ceramic-material,material,approved_rule,legacy_category_rule,,unmatched,false,,材料,材料,瓷粉 / 陶瓷
GC-012932,GC Initial LiSi Block A2 LT/14(5PC),GC / 台灣而至,fixed-restorative,ceramic-material,material,approved_rule,legacy_category_rule,,unmatched,false,,材料,材料,瓷粉 / 陶瓷
GC-012933,GC Initial LiSi Block A3 LT/14(5PC),GC / 台灣而至,fixed-restorative,ceramic-material,material,approved_rule,legacy_category_rule,,unmatched,false,,材料,材料,瓷粉 / 陶瓷
GC-012934,GC Initial LiSi Block B1 LT/14(5PC),GC / 台灣而至,fixed-restorative,ceramic-material,material,approved_rule,legacy_category_rule,,unmatched,false,,材料,材料,瓷粉 / 陶瓷
GC-013639,G-CEM ONE Single PP Refill White Opaque,GC / 台灣而至,fixed-restorative,ceramic-material,material,approved_rule,legacy_category_rule,,unmatched,false,,材料,材料,瓷粉 / 陶瓷
GC-013646,G2-BOND Universal Bottle 黏著劑,GC / 台灣而至,fixed-restorative,ceramic-material,material,approved_rule,legacy_category_rule,,unmatched,false,,材料,材料,瓷粉 / 陶瓷
GC-013671,G-CEM ONE Starter Kit A2樹脂黏著劑,GC / 台灣而至,fixed-restorative,ceramic-material,material,approved_rule,legacy_category_rule,,unmatched,false,,材料,材料,瓷粉 / 陶瓷
GC-013672,G-CEM ONE System Kit 樹脂黏著劑,GC / 台灣而至,fixed-restorative,ceramic-material,material,approved_rule,legacy_category_rule,,unmatched,false,,材料,材料,瓷粉 / 陶瓷
GC-013673,G-CEM ONE Twin Refill A2樹脂黏著劑,GC / 台灣而至,fixed-restorative,ceramic-material,material,approved_rule,legacy_category_rule,,unmatched,false,,材料,材料,瓷粉 / 陶瓷
GC-013674,G-CEM ONE Twin Refill Transiucent樹脂黏著劑,GC / 台灣而至,fixed-restorative,ceramic-material,material,approved_rule,legacy_category_rule,,unmatched,false,,材料,材料,瓷粉 / 陶瓷
GC-013675,G-CEM ONE Single Refill White AO3樹脂黏著劑,GC / 台灣而至,fixed-restorative,ceramic-material,material,approved_rule,legacy_category_rule,,unmatched,false,,材料,材料,瓷粉 / 陶瓷
GC-013676,G-CEM ONE Single Refill White OPQ樹脂黏著劑,GC / 台灣而至,fixed-restorative,ceramic-material,material,approved_rule,legacy_category_rule,,unmatched,false,,材料,材料,瓷粉 / 陶瓷
GC-013766,TiON Take Home Platinum Starter,GC / 台灣而至,fixed-restorative,ceramic-material,material,approved_rule,legacy_category_rule,,unmatched,false,,材料,材料,瓷粉 / 陶瓷
GC-013766-1,TiON Take Home Platinum Refill(2.5ml*2),GC / 台灣而至,fixed-restorative,ceramic-material,material,approved_rule,legacy_category_rule,,unmatched,false,,材料,材料,瓷粉 / 陶瓷
GC-013769,TiON Take Home Platinum Tary SHEET,GC / 台灣而至,fixed-restorative,ceramic-material,material,approved_rule,legacy_category_rule,,unmatched,false,,材料,材料,瓷粉 / 陶瓷
GC-013770,TOTAL CARE TOOTHGEL 90g,GC / 台灣而至,fixed-restorative,ceramic-material,material,approved_rule,legacy_category_rule,,unmatched,false,,材料,材料,瓷粉 / 陶瓷
GC-013776,Prospec Plaque Disclosing Liquid 40ml,GC / 台灣而至,fixed-restorative,ceramic-material,material,approved_rule,legacy_category_rule,,unmatched,false,,材料,材料,瓷粉 / 陶瓷
GC-014462,ADHESIVE 親水性印模材料 /8g,GC / 台灣而至,fixed-restorative,ceramic-material,material,approved_rule,legacy_category_rule,,unmatched,false,,材料,材料,瓷粉 / 陶瓷
GC-014464,Examixfine Cartridge Injection 2 Pack,GC / 台灣而至,removable-prosthetics,impression-material,material,approved_rule,legacy_category_rule,,unmatched,false,,材料,材料,印模材料
GC-014735,CD Dispenser III Ecostopper,GC / 台灣而至,fixed-restorative,ceramic-material,material,approved_rule,legacy_category_rule,,unmatched,false,,材料,材料,瓷粉 / 陶瓷
GC-10037279,GC Initial LiSi Block Cerec A3.5 HT/14(5PC),GC / 台灣而至,fixed-restorative,ceramic-material,material,approved_rule,legacy_category_rule,,unmatched,false,,材料,材料,瓷粉 / 陶瓷
GC-10037280,GC Initial LiSi Block Cerec A3.5 LT/ 14(5PC),GC / 台灣而至,fixed-restorative,ceramic-material,material,approved_rule,legacy_category_rule,,unmatched,false,,材料,材料,瓷粉 / 陶瓷
GC-10037281,GC Initial LiSi Block Cerec BL/14(5PC)美白色,GC / 台灣而至,fixed-restorative,ceramic-material,material,approved_rule,legacy_category_rule,,unmatched,false,,材料,材料,瓷粉 / 陶瓷
GC-10037371,Fusion Wash Type 2-pack,GC / 台灣而至,fixed-restorative,ceramic-material,material,approved_rule,legacy_category_rule,,unmatched,false,,材料,材料,瓷粉 / 陶瓷
GC-135001,COE-PAK 暫時性黏著劑,GC / 台灣而至,fixed-restorative,ceramic-material,material,approved_rule,legacy_category_rule,,unmatched,false,,材料,材料,瓷粉 / 陶瓷
GC-271991,ShakelMix Stone Yellow 3kg,GC / 台灣而至,fixed-restorative,ceramic-material,material,approved_rule,legacy_category_rule,,unmatched,false,,材料,材料,瓷粉 / 陶瓷
GC-344001,COE Soft Prof Pak,GC / 台灣而至,fixed-restorative,ceramic-material,material,approved_rule,legacy_category_rule,,unmatched,false,,材料,材料,瓷粉 / 陶瓷
GC-730190,GL-Light 光固燈,GC / 台灣而至,fixed-restorative,ceramic-material,material,approved_rule,legacy_category_rule,,unmatched,false,,材料,材料,瓷粉 / 陶瓷
GC-740009,Microbrush Regular/2.0mm(樹脂塗敷器),GC / 台灣而至,fixed-restorative,ceramic-material,material,approved_rule,legacy_category_rule,,unmatched,false,,材料,材料,瓷粉 / 陶瓷
GC-740010,Microbrush Fine/1.5mm(樹脂塗敷器),GC / 台灣而至,fixed-restorative,ceramic-material,material,approved_rule,legacy_category_rule,,unmatched,false,,材料,材料,瓷粉 / 陶瓷
GC-740011,Microbrush Superfine/1.0mm(樹脂塗敷器),GC / 台灣而至,fixed-restorative,ceramic-material,material,approved_rule,legacy_category_rule,,unmatched,false,,材料,材料,瓷粉 / 陶瓷
GC-740015,Stix 64B Micros Original  Blue 64,GC / 台灣而至,fixed-restorative,ceramic-material,material,approved_rule,legacy_category_rule,,unmatched,false,,材料,材料,瓷粉 / 陶瓷
GC-740030,AEGA1-2TXPX,GC / 台灣而至,clinical-tools,dental-instrument,durable_tool,approved_rule,researched_sku_rule,,unmatched,false,,材料,輔助工具,牙科器材
GC-740031,AEGA7-8TXPX,GC / 台灣而至,clinical-tools,dental-instrument,durable_tool,approved_rule,researched_sku_rule,,unmatched,false,,材料,輔助工具,牙科器材
GC-740032,AEGA13-14TXPX,GC / 台灣而至,clinical-tools,dental-instrument,durable_tool,approved_rule,researched_sku_rule,,unmatched,false,,材料,輔助工具,牙科器材
GC-740033,AEGA15-16TXPX,GC / 台灣而至,clinical-tools,dental-instrument,durable_tool,approved_rule,researched_sku_rule,,unmatched,false,,材料,輔助工具,牙科器材
GC-740034,AESM23TXPXGC SCALER M23 THIN XPX,GC / 台灣而至,clinical-tools,dental-instrument,durable_tool,approved_rule,researched_sku_rule,,unmatched,false,,材料,輔助工具,牙科器材
GC-740035,AESM23-TXPX,GC / 台灣而至,clinical-tools,dental-instrument,durable_tool,approved_rule,researched_sku_rule,,unmatched,false,,材料,輔助工具,牙科器材
GC-740047,AEDGMAXPX DBL GRACEY MINI ANTERIOR,GC / 台灣而至,clinical-tools,dental-instrument,durable_tool,approved_rule,researched_sku_rule,,unmatched,false,,材料,輔助工具,牙科器材
GC-740048,AEDGMAXPX DBL GRACEY MINI POSTERIOR,GC / 台灣而至,clinical-tools,dental-instrument,durable_tool,approved_rule,researched_sku_rule,,unmatched,false,,材料,輔助工具,牙科器材
GC-740144,AEI器械盒(高消盒),GC / 台灣而至,fixed-restorative,ceramic-material,material,approved_rule,legacy_category_rule,,unmatched,false,,材料,材料,瓷粉 / 陶瓷
GC-749897,G-aenial A CHORD SYRINGE A2,GC / 台灣而至,clinical-tools,dental-instrument,durable_tool,needs_review,researched_unresolved,,unmatched,true,ambiguous_legacy_category,工具,輔助工具,牙科器材
GC-749898,G-aenial A CHORD SYRINGE A3,GC / 台灣而至,clinical-tools,dental-instrument,durable_tool,needs_review,researched_unresolved,,unmatched,true,ambiguous_legacy_category,工具,輔助工具,牙科器材
GC-749901,AEGA 13-14TXPX PRO THIN XP,GC / 台灣而至,clinical-tools,dental-instrument,durable_tool,approved_rule,researched_sku_rule,,unmatched,false,,材料,輔助工具,牙科器材
GC-749902,AEGA 15-16TXPX PRO THIN XP,GC / 台灣而至,clinical-tools,dental-instrument,durable_tool,approved_rule,researched_sku_rule,,unmatched,false,,材料,輔助工具,牙科器材
GC-749914,M5 Restorative Series M5-Carve,GC / 台灣而至,fixed-restorative,ceramic-material,material,approved_rule,legacy_category_rule,,unmatched,false,,材料,材料,瓷粉 / 陶瓷
GC-749915,M5 Restorative Series M5-Mini,GC / 台灣而至,fixed-restorative,ceramic-material,material,approved_rule,legacy_category_rule,,unmatched,false,,材料,材料,瓷粉 / 陶瓷
GC-749927,AEDGMAXPX DBL GRACEY MINI ANTERIOR,GC / 台灣而至,clinical-tools,dental-instrument,durable_tool,approved_rule,researched_sku_rule,,unmatched,false,,材料,輔助工具,牙科器材
GC-749928,AEDGMPXPX DBL GRACEY MINI POSTERIOR,GC / 台灣而至,clinical-tools,dental-instrument,durable_tool,approved_rule,researched_sku_rule,,unmatched,false,,材料,輔助工具,牙科器材
GC-749929,UNIFAST III Powder 速性粉A3 100g,GC / 台灣而至,removable-prosthetics,resin-material,material,approved_rule,legacy_category_rule,,unmatched,false,,材料,材料,樹脂材料
GC-749930,UNIFAST III Liquid 速性水 100g,GC / 台灣而至,removable-prosthetics,resin-material,material,approved_rule,legacy_category_rule,,unmatched,false,,材料,材料,樹脂材料
GC-749931,Revotek LC lntroductory Set,GC / 台灣而至,fixed-restorative,ceramic-material,material,approved_rule,legacy_category_rule,,unmatched,false,,材料,材料,瓷粉 / 陶瓷
GC-749932,G-Premio BOND Bottle Refill 5ml,GC / 台灣而至,fixed-restorative,ceramic-material,material,approved_rule,legacy_category_rule,,unmatched,false,,材料,材料,瓷粉 / 陶瓷
GC-749933,G-Multi PRIMER 5ml,GC / 台灣而至,fixed-restorative,ceramic-material,material,approved_rule,legacy_category_rule,,unmatched,false,,材料,材料,瓷粉 / 陶瓷
GC-749934,G-aenial Universal lnjectable 1.7 A3,GC / 台灣而至,fixed-restorative,ceramic-material,material,approved_rule,legacy_category_rule,,unmatched,false,,材料,材料,瓷粉 / 陶瓷
GC-749939,G-aenial-Flo X A3,GC / 台灣而至,fixed-restorative,ceramic-material,material,approved_rule,legacy_category_rule,,unmatched,false,,材料,材料,瓷粉 / 陶瓷
GC-749940,G-aenial Universal lnjectable 1.7 A1,GC / 台灣而至,fixed-restorative,ceramic-material,material,approved_rule,legacy_category_rule,,unmatched,false,,材料,材料,瓷粉 / 陶瓷
GC-749941,G-aenial Universal lnjectable 1.7 A2,GC / 台灣而至,fixed-restorative,ceramic-material,material,approved_rule,legacy_category_rule,,unmatched,false,,材料,材料,瓷粉 / 陶瓷
GC-749942,G-aenial Universal lnjectable 1.7 A3,GC / 台灣而至,fixed-restorative,ceramic-material,material,approved_rule,legacy_category_rule,,unmatched,false,,材料,材料,瓷粉 / 陶瓷
GC-749945,AEGA00-0XPX GRACEY ACCESS00-0X,GC / 台灣而至,clinical-tools,dental-instrument,durable_tool,approved_rule,researched_sku_rule,,unmatched,false,,材料,輔助工具,牙科器材
GC-749946,AESBJTXPX BLACKJACK PRO THIN XF,GC / 台灣而至,fixed-restorative,ceramic-material,material,approved_rule,legacy_category_rule,,unmatched,false,,材料,材料,瓷粉 / 陶瓷
GC-749947,Ruscello Toothpeste B FE 90g(單入)-20,GC / 台灣而至,fixed-restorative,ceramic-material,material,approved_rule,legacy_category_rule,,unmatched,false,,材料,材料,瓷粉 / 陶瓷
GC-749948,Ruscello Toothpeste B-10 M FE(單入)-20,GC / 台灣而至,fixed-restorative,ceramic-material,material,approved_rule,legacy_category_rule,,unmatched,false,,材料,材料,瓷粉 / 陶瓷
GC-749949,SOLARE Sculpt Syringe A1 1.9g(1ml)-20,GC / 台灣而至,clinical-tools,dental-instrument,durable_tool,needs_review,researched_unresolved,,unmatched,true,ambiguous_legacy_category,工具,輔助工具,牙科器材
GC-749950,SOLARE Sculpt Syringe A2 1.9g(1ml)-20,GC / 台灣而至,clinical-tools,dental-instrument,durable_tool,needs_review,researched_unresolved,,unmatched,true,ambiguous_legacy_category,工具,輔助工具,牙科器材
GC-749951,SOLARE Sculpt Syringe A3 1.9g(1ml)-20,GC / 台灣而至,clinical-tools,dental-instrument,durable_tool,needs_review,researched_unresolved,,unmatched,true,ambiguous_legacy_category,工具,輔助工具,牙科器材
GC-749952,SOLARE Sculpt Syringe A3.5 1.9g(1ml)-20,GC / 台灣而至,clinical-tools,dental-instrument,durable_tool,needs_review,researched_unresolved,,unmatched,true,ambiguous_legacy_category,工具,輔助工具,牙科器材
GC-749953,G-Premio BOND 5ml Bottle Refill,GC / 台灣而至,fixed-restorative,ceramic-material,material,approved_rule,legacy_category_rule,,unmatched,false,,材料,材料,瓷粉 / 陶瓷
GC-749955,Dry Mouth Gel 40g,GC / 台灣而至,fixed-restorative,ceramic-material,material,approved_rule,legacy_category_rule,,unmatched,false,,材料,材料,瓷粉 / 陶瓷
GC-749958,Ruscello Toothpeste B Assorted FE 90g,GC / 台灣而至,fixed-restorative,ceramic-material,material,approved_rule,legacy_category_rule,,unmatched,false,,材料,材料,瓷粉 / 陶瓷
GC-800017,GC FUJI VEST 包埋砂(150g/40包),GC / 台灣而至,lab-production,investment-gypsum,material,approved_rule,legacy_category_rule,,unmatched,false,,材料,材料,包埋 / 石膏
GC-800018,GC FUJI VEST 專用液(900ml),GC / 台灣而至,lab-production,process-liquid,consumable,approved_rule,legacy_category_rule,,unmatched,false,,藥液,輔助工具,專用液 / 藥劑
GC-870001,MC Paste Opaque OA1 (3g),GC / 台灣而至,fixed-restorative,ceramic-material,material,approved_rule,legacy_category_rule,,unmatched,false,,材料,材料,瓷粉 / 陶瓷
GC-870002,MC Paste Opaque OA2 (3g),GC / 台灣而至,fixed-restorative,ceramic-material,material,approved_rule,legacy_category_rule,,unmatched,false,,材料,材料,瓷粉 / 陶瓷
GC-870003,MC Paste Opaque OA3 (3g),GC / 台灣而至,fixed-restorative,ceramic-material,material,approved_rule,legacy_category_rule,,unmatched,false,,材料,材料,瓷粉 / 陶瓷
GC-870004,MC Paste Opaque OA3.5 (3g),GC / 台灣而至,fixed-restorative,ceramic-material,material,approved_rule,legacy_category_rule,,unmatched,false,,材料,材料,瓷粉 / 陶瓷
GC-870007,MC Paste Opaque OB2 (3g),GC / 台灣而至,fixed-restorative,ceramic-material,material,approved_rule,legacy_category_rule,,unmatched,false,,材料,材料,瓷粉 / 陶瓷
GC-870008,MC Paste Opaque OB3 (3g),GC / 台灣而至,fixed-restorative,ceramic-material,material,approved_rule,legacy_category_rule,,unmatched,false,,材料,材料,瓷粉 / 陶瓷
GC-870017,Initial MC Paste Opaqus Mod.OM-1(3g),GC / 台灣而至,fixed-restorative,ceramic-material,material,approved_rule,legacy_category_rule,,unmatched,false,,材料,材料,瓷粉 / 陶瓷
GC-870032,Initial MC Opaqus Dentin ODA2 20g,GC / 台灣而至,fixed-restorative,ceramic-material,material,approved_rule,legacy_category_rule,,unmatched,false,,材料,材料,瓷粉 / 陶瓷
GC-870033,Initial MC Opaqus Dentin ODA3 20g,GC / 台灣而至,fixed-restorative,ceramic-material,material,approved_rule,legacy_category_rule,,unmatched,false,,材料,材料,瓷粉 / 陶瓷
GC-870034,Initial MC Opaqus Dentin ODA3.5 20g,GC / 台灣而至,fixed-restorative,ceramic-material,material,approved_rule,legacy_category_rule,,unmatched,false,,材料,材料,瓷粉 / 陶瓷
GC-870035,Initial MC Opaqus Dentin ODA4 20g,GC / 台灣而至,fixed-restorative,ceramic-material,material,approved_rule,legacy_category_rule,,unmatched,false,,材料,材料,瓷粉 / 陶瓷
GC-870041,Initial MC Opaqus Dentin ODC2 20g,GC / 台灣而至,fixed-restorative,ceramic-material,material,approved_rule,legacy_category_rule,,unmatched,false,,材料,材料,瓷粉 / 陶瓷
GC-870042,Initial MC Opaqus Dentin ODC3 20g,GC / 台灣而至,fixed-restorative,ceramic-material,material,approved_rule,legacy_category_rule,,unmatched,false,,材料,材料,瓷粉 / 陶瓷
GC-870043,Initial MC Opaqus Dentin ODC4 20g,GC / 台灣而至,fixed-restorative,ceramic-material,material,approved_rule,legacy_category_rule,,unmatched,false,,材料,材料,瓷粉 / 陶瓷
GC-870052,Initial MC Dentin DA2 20g,GC / 台灣而至,fixed-restorative,ceramic-material,material,approved_rule,legacy_category_rule,,unmatched,false,,材料,材料,瓷粉 / 陶瓷
GC-870053,Initial MC Dentin DA3 20g,GC / 台灣而至,fixed-restorative,ceramic-material,material,approved_rule,legacy_category_rule,,unmatched,false,,材料,材料,瓷粉 / 陶瓷
GC-870054,Initial MC Dentin DA3.5 20g,GC / 台灣而至,fixed-restorative,ceramic-material,material,approved_rule,legacy_category_rule,,unmatched,false,,材料,材料,瓷粉 / 陶瓷
GC-870056,Initial MC Dentin DB1 20g,GC / 台灣而至,fixed-restorative,ceramic-material,material,approved_rule,legacy_category_rule,,unmatched,false,,材料,材料,瓷粉 / 陶瓷
GC-870059,Initial MC Dentin DB4 20g,GC / 台灣而至,fixed-restorative,ceramic-material,material,approved_rule,legacy_category_rule,,unmatched,false,,材料,材料,瓷粉 / 陶瓷
GC-870060,Initial MC Dentin DC1 20g,GC / 台灣而至,fixed-restorative,ceramic-material,material,approved_rule,legacy_category_rule,,unmatched,false,,材料,材料,瓷粉 / 陶瓷
GC-870061,Initial MC Dentin DC2 20g,GC / 台灣而至,fixed-restorative,ceramic-material,material,approved_rule,legacy_category_rule,,unmatched,false,,材料,材料,瓷粉 / 陶瓷
GC-870063,Initial MC Dentin DC4 20g,GC / 台灣而至,fixed-restorative,ceramic-material,material,approved_rule,legacy_category_rule,,unmatched,false,,材料,材料,瓷粉 / 陶瓷
GC-870064,Initial MC Dentin DD2 20g,GC / 台灣而至,fixed-restorative,ceramic-material,material,approved_rule,legacy_category_rule,,unmatched,false,,材料,材料,瓷粉 / 陶瓷
GC-870065,Initial MC Dentin DD3 20g,GC / 台灣而至,fixed-restorative,ceramic-material,material,approved_rule,legacy_category_rule,,unmatched,false,,材料,材料,瓷粉 / 陶瓷
GC-870066,Initial MC Dentin DD4 20g,GC / 台灣而至,fixed-restorative,ceramic-material,material,approved_rule,legacy_category_rule,,unmatched,false,,材料,材料,瓷粉 / 陶瓷
GC-870067,Initial MC Enamel E57 20g,GC / 台灣而至,fixed-restorative,ceramic-material,material,approved_rule,legacy_category_rule,,unmatched,false,,材料,材料,瓷粉 / 陶瓷
GC-870068,Initial MC Enamel E58 20g,GC / 台灣而至,fixed-restorative,ceramic-material,material,approved_rule,legacy_category_rule,,unmatched,false,,材料,材料,瓷粉 / 陶瓷
GC-870069,Initial MC Enamel E59 20g,GC / 台灣而至,fixed-restorative,ceramic-material,material,approved_rule,legacy_category_rule,,unmatched,false,,材料,材料,瓷粉 / 陶瓷
GC-870070,Initial MC Enamel E60 20g,GC / 台灣而至,fixed-restorative,ceramic-material,material,approved_rule,legacy_category_rule,,unmatched,false,,材料,材料,瓷粉 / 陶瓷
GC-870071,Initial MC Clear Fluorescence CL-F 20g,GC / 台灣而至,fixed-restorative,ceramic-material,material,approved_rule,legacy_category_rule,,unmatched,false,,材料,材料,瓷粉 / 陶瓷
GC-870072,Initial MC Translucent TN 20g,GC / 台灣而至,fixed-restorative,ceramic-material,material,approved_rule,legacy_category_rule,,unmatched,false,,材料,材料,瓷粉 / 陶瓷
GC-870073,Initial MC Translucent T0 20g,GC / 台灣而至,fixed-restorative,ceramic-material,material,approved_rule,legacy_category_rule,,unmatched,false,,材料,材料,瓷粉 / 陶瓷
GC-870079,Initial MC Opal Booster 20g,GC / 台灣而至,fixed-restorative,ceramic-material,material,approved_rule,legacy_category_rule,,unmatched,false,,材料,材料,瓷粉 / 陶瓷
GC-870080,Initial MC Clear Window CL-W 20g,GC / 台灣而至,fixed-restorative,ceramic-material,material,approved_rule,legacy_category_rule,,unmatched,false,,材料,材料,瓷粉 / 陶瓷
GC-870081,Initial MC  Enamel lntensive E1-11 20g,GC / 台灣而至,fixed-restorative,ceramic-material,material,approved_rule,legacy_category_rule,,unmatched,false,,材料,材料,瓷粉 / 陶瓷
GC-870131,Initial MC Shoulder Transpa ST-31 20g,GC / 台灣而至,fixed-restorative,ceramic-material,material,approved_rule,legacy_category_rule,,unmatched,false,,材料,材料,瓷粉 / 陶瓷
GC-870136,Initial MC Shoulder Transpa ST-36 20g,GC / 台灣而至,fixed-restorative,ceramic-material,material,approved_rule,legacy_category_rule,,unmatched,false,,材料,材料,瓷粉 / 陶瓷
GC-870142,Initial MC Inside IN-42 Terracota 20g,GC / 台灣而至,fixed-restorative,ceramic-material,material,approved_rule,legacy_category_rule,,unmatched,false,,材料,材料,瓷粉 / 陶瓷
GC-870155,Initial MC GM-23 .20g,GC / 台灣而至,fixed-restorative,ceramic-material,material,approved_rule,legacy_category_rule,,unmatched,false,,材料,材料,瓷粉 / 陶瓷
GC-870156,Initial MC GM-24 .20g,GC / 台灣而至,fixed-restorative,ceramic-material,material,approved_rule,legacy_category_rule,,unmatched,false,,材料,材料,瓷粉 / 陶瓷
GC-870157,Initial MC GM-34 .20g,GC / 台灣而至,fixed-restorative,ceramic-material,material,approved_rule,legacy_category_rule,,unmatched,false,,材料,材料,瓷粉 / 陶瓷
GC-870158,Initial MC GM-35 .20g,GC / 台灣而至,fixed-restorative,ceramic-material,material,approved_rule,legacy_category_rule,,unmatched,false,,材料,材料,瓷粉 / 陶瓷
GC-870159,Initial MC GM-36 .20g,GC / 台灣而至,fixed-restorative,ceramic-material,material,approved_rule,legacy_category_rule,,unmatched,false,,材料,材料,瓷粉 / 陶瓷
GC-870165,Initial MC Correction powder COR 20g,GC / 台灣而至,fixed-restorative,ceramic-material,material,approved_rule,legacy_category_rule,,unmatched,false,,材料,材料,瓷粉 / 陶瓷
GC-870193,Initial MC Powder Opaque Mod GO-U 20g,GC / 台灣而至,fixed-restorative,ceramic-material,material,approved_rule,legacy_category_rule,,unmatched,false,,材料,材料,瓷粉 / 陶瓷
GC-8705,Initial MC Translucent TN 50g,GC / 台灣而至,fixed-restorative,ceramic-material,material,approved_rule,legacy_category_rule,,unmatched,false,,材料,材料,瓷粉 / 陶瓷
GC-870532,Initial MC Opq Dentin ODA2 50g,GC / 台灣而至,fixed-restorative,ceramic-material,material,approved_rule,legacy_category_rule,,unmatched,false,,材料,材料,瓷粉 / 陶瓷
GC-870533,Initial MC Opq Dentin ODA3 50g,GC / 台灣而至,fixed-restorative,ceramic-material,material,approved_rule,legacy_category_rule,,unmatched,false,,材料,材料,瓷粉 / 陶瓷
GC-870538,Initial MC Opq Dentin ODB3 50g,GC / 台灣而至,fixed-restorative,ceramic-material,material,approved_rule,legacy_category_rule,,unmatched,false,,材料,材料,瓷粉 / 陶瓷
GC-870539,Initial MC Opq Dentin ODB4 50g,GC / 台灣而至,fixed-restorative,ceramic-material,material,approved_rule,legacy_category_rule,,unmatched,false,,材料,材料,瓷粉 / 陶瓷
GC-870551,Initial MC Dentin DA1 50g,GC / 台灣而至,fixed-restorative,ceramic-material,material,approved_rule,legacy_category_rule,,unmatched,false,,材料,材料,瓷粉 / 陶瓷
GC-870552,Initial MC Dentin DA2 50g,GC / 台灣而至,fixed-restorative,ceramic-material,material,approved_rule,legacy_category_rule,,unmatched,false,,材料,材料,瓷粉 / 陶瓷
GC-870553,Initial MC Dentin DA3 50g,GC / 台灣而至,fixed-restorative,ceramic-material,material,approved_rule,legacy_category_rule,,unmatched,false,,材料,材料,瓷粉 / 陶瓷
GC-870554,Initial MC Dentin DA3.5 50g,GC / 台灣而至,fixed-restorative,ceramic-material,material,approved_rule,legacy_category_rule,,unmatched,false,,材料,材料,瓷粉 / 陶瓷
GC-870555,Initial MC Dentin DA4 50g,GC / 台灣而至,fixed-restorative,ceramic-material,material,approved_rule,legacy_category_rule,,unmatched,false,,材料,材料,瓷粉 / 陶瓷
GC-870556,Initial MC Dentin DB1 50g,GC / 台灣而至,fixed-restorative,ceramic-material,material,approved_rule,legacy_category_rule,,unmatched,false,,材料,材料,瓷粉 / 陶瓷
GC-870557,Initial MC Dentin DB2 50g,GC / 台灣而至,fixed-restorative,ceramic-material,material,approved_rule,legacy_category_rule,,unmatched,false,,材料,材料,瓷粉 / 陶瓷
GC-870558,Initial MC Dentin DB3 50g,GC / 台灣而至,fixed-restorative,ceramic-material,material,approved_rule,legacy_category_rule,,unmatched,false,,材料,材料,瓷粉 / 陶瓷
GC-870559,Initial MC Dentin DB4 50g,GC / 台灣而至,fixed-restorative,ceramic-material,material,approved_rule,legacy_category_rule,,unmatched,false,,材料,材料,瓷粉 / 陶瓷
GC-870561,Initial MC Dentin DC2 50g,GC / 台灣而至,fixed-restorative,ceramic-material,material,approved_rule,legacy_category_rule,,unmatched,false,,材料,材料,瓷粉 / 陶瓷
GC-870562,Initial MC Dentin DC3 50g,GC / 台灣而至,fixed-restorative,ceramic-material,material,approved_rule,legacy_category_rule,,unmatched,false,,材料,材料,瓷粉 / 陶瓷
GC-870563,Initial MC Dentin DC4 50g,GC / 台灣而至,fixed-restorative,ceramic-material,material,approved_rule,legacy_category_rule,,unmatched,false,,材料,材料,瓷粉 / 陶瓷
GC-870564,Initial MC Dentin DD2 50g,GC / 台灣而至,fixed-restorative,ceramic-material,material,approved_rule,legacy_category_rule,,unmatched,false,,材料,材料,瓷粉 / 陶瓷
GC-870565,Initial MC Dentin DD3 50g,GC / 台灣而至,fixed-restorative,ceramic-material,material,approved_rule,legacy_category_rule,,unmatched,false,,材料,材料,瓷粉 / 陶瓷
GC-870567,Initial MC Enamel E57 50g,GC / 台灣而至,fixed-restorative,ceramic-material,material,approved_rule,legacy_category_rule,,unmatched,false,,材料,材料,瓷粉 / 陶瓷
GC-870568,Initial MC Enamel E58 50g,GC / 台灣而至,fixed-restorative,ceramic-material,material,approved_rule,legacy_category_rule,,unmatched,false,,材料,材料,瓷粉 / 陶瓷
GC-870569,Initial MC Enamel E59 50g,GC / 台灣而至,fixed-restorative,ceramic-material,material,approved_rule,legacy_category_rule,,unmatched,false,,材料,材料,瓷粉 / 陶瓷
GC-870571,Initial MC Clear Fluorescence CL-F 50g,GC / 台灣而至,fixed-restorative,ceramic-material,material,approved_rule,legacy_category_rule,,unmatched,false,,材料,材料,瓷粉 / 陶瓷
GC-870572,Initial MC Translucent TN 50g,GC / 台灣而至,fixed-restorative,ceramic-material,material,approved_rule,legacy_category_rule,,unmatched,false,,材料,材料,瓷粉 / 陶瓷
GC-870574,Initial MC Transl Modifler TM-01 50g,GC / 台灣而至,fixed-restorative,ceramic-material,material,approved_rule,legacy_category_rule,,unmatched,false,,材料,材料,瓷粉 / 陶瓷
GC-870577,Initial MC Translucent  Modifier TM-04-50g,GC / 台灣而至,fixed-restorative,ceramic-material,material,approved_rule,legacy_category_rule,,unmatched,false,,材料,材料,瓷粉 / 陶瓷
GC-870578,Initial MC Translucent  Modifier TM-05-50g,GC / 台灣而至,fixed-restorative,ceramic-material,material,approved_rule,legacy_category_rule,,unmatched,false,,材料,材料,瓷粉 / 陶瓷
GC-870591,Initial MC  Fluo-Dentin FD-91 50g,GC / 台灣而至,fixed-restorative,ceramic-material,material,approved_rule,legacy_category_rule,,unmatched,false,,材料,材料,瓷粉 / 陶瓷
GC-870592,Initial MC  Fluo-Dentin FD-92 50g,GC / 台灣而至,fixed-restorative,ceramic-material,material,approved_rule,legacy_category_rule,,unmatched,false,,材料,材料,瓷粉 / 陶瓷
GC-870593,Initial MC  Fluo-Dentin FD-93 50g,GC / 台灣而至,fixed-restorative,ceramic-material,material,approved_rule,legacy_category_rule,,unmatched,false,,材料,材料,瓷粉 / 陶瓷
GC-870622,MC Cervical Translucent CT-22/50g,GC / 台灣而至,fixed-restorative,ceramic-material,material,approved_rule,legacy_category_rule,,unmatched,false,,材料,材料,瓷粉 / 陶瓷
GC-870623,MC Cervical Translucent CT-23/50g,GC / 台灣而至,fixed-restorative,ceramic-material,material,approved_rule,legacy_category_rule,,unmatched,false,,材料,材料,瓷粉 / 陶瓷
GC-870625,MC Cervical Translucent CT-25/50g,GC / 台灣而至,fixed-restorative,ceramic-material,material,approved_rule,legacy_category_rule,,unmatched,false,,材料,材料,瓷粉 / 陶瓷
GC-870641,Initial MC Inside IN-41 Flamingo 50g,GC / 台灣而至,fixed-restorative,ceramic-material,material,approved_rule,legacy_category_rule,,unmatched,false,,材料,材料,瓷粉 / 陶瓷
GC-870642,Initial MC Inside IN-42 Terracota 50g,GC / 台灣而至,fixed-restorative,ceramic-material,material,approved_rule,legacy_category_rule,,unmatched,false,,材料,材料,瓷粉 / 陶瓷
GC-870644,MC lnside lN-44 Sand 50g,GC / 台灣而至,fixed-restorative,ceramic-material,material,approved_rule,legacy_category_rule,,unmatched,false,,材料,材料,瓷粉 / 陶瓷
GC-870645,Initial MC Inside IN-45 Havanna 50g,GC / 台灣而至,fixed-restorative,ceramic-material,material,approved_rule,legacy_category_rule,,unmatched,false,,材料,材料,瓷粉 / 陶瓷
GC-870700,Initial MC Opaque Thinner 8ml,GC / 台灣而至,fixed-restorative,ceramic-material,material,approved_rule,legacy_category_rule,,unmatched,false,,材料,材料,瓷粉 / 陶瓷
GC-870702,Initial MC Modelling liquid 25ml,GC / 台灣而至,lab-production,process-liquid,consumable,approved_rule,legacy_category_rule,,unmatched,false,,藥液,輔助工具,專用液 / 藥劑
GC-870711,Initial MC Opaque liquid 50ml,GC / 台灣而至,fixed-restorative,ceramic-material,material,approved_rule,legacy_category_rule,,unmatched,false,,材料,材料,瓷粉 / 陶瓷
GC-870722,Initial MC Modelling liquid 250ml,GC / 台灣而至,lab-production,process-liquid,consumable,approved_rule,legacy_category_rule,,unmatched,false,,藥液,輔助工具,專用液 / 藥劑
GC-870732,Initial MC Modelling liquid 1000ml,GC / 台灣而至,lab-production,process-liquid,consumable,approved_rule,legacy_category_rule,,unmatched,false,,藥液,輔助工具,專用液 / 藥劑
GC-870802,Initial MC Dentin DA2 250g,GC / 台灣而至,fixed-restorative,ceramic-material,material,approved_rule,legacy_category_rule,,unmatched,false,,材料,材料,瓷粉 / 陶瓷
GC-870803,Initial MC Dentin DA3  250g,GC / 台灣而至,fixed-restorative,ceramic-material,material,approved_rule,legacy_category_rule,,unmatched,false,,材料,材料,瓷粉 / 陶瓷
GC-870804,Initial MC Dentin DA3.5 250g,GC / 台灣而至,fixed-restorative,ceramic-material,material,approved_rule,legacy_category_rule,,unmatched,false,,材料,材料,瓷粉 / 陶瓷
GC-870818,Initial MC Enamel E58 250g,GC / 台灣而至,fixed-restorative,ceramic-material,material,approved_rule,legacy_category_rule,,unmatched,false,,材料,材料,瓷粉 / 陶瓷
GC-870819,Initial MC Enamel E59 250g,GC / 台灣而至,fixed-restorative,ceramic-material,material,approved_rule,legacy_category_rule,,unmatched,false,,材料,材料,瓷粉 / 陶瓷
GC-870821,Initial MC Clear Fluorescence CL-F 250g,GC / 台灣而至,fixed-restorative,ceramic-material,material,approved_rule,legacy_category_rule,,unmatched,false,,材料,材料,瓷粉 / 陶瓷
GC-872560,Initial IQ One Body  A 50g,GC / 台灣而至,fixed-restorative,ceramic-material,material,approved_rule,legacy_category_rule,,unmatched,false,,材料,材料,瓷粉 / 陶瓷
GC-872751,"Initial Zr-LR Liner 1, 3g",GC / 台灣而至,fixed-restorative,ceramic-material,material,approved_rule,legacy_category_rule,,unmatched,false,,材料,材料,瓷粉 / 陶瓷
GC-872752,"Initial Zr-LR Liner 2, 3g",GC / 台灣而至,fixed-restorative,ceramic-material,material,approved_rule,legacy_category_rule,,unmatched,false,,材料,材料,瓷粉 / 陶瓷
GC-872753,"Initial Zr-LR Liner 3, 3g",GC / 台灣而至,fixed-restorative,ceramic-material,material,approved_rule,legacy_category_rule,,unmatched,false,,材料,材料,瓷粉 / 陶瓷
GC-872754,"Initial Zr-LR Liner 4, 3g",GC / 台灣而至,fixed-restorative,ceramic-material,material,approved_rule,legacy_category_rule,,unmatched,false,,材料,材料,瓷粉 / 陶瓷
GC-872757,"Initial Zr-LR Liner BL, 3g",GC / 台灣而至,fixed-restorative,ceramic-material,material,approved_rule,legacy_category_rule,,unmatched,false,,材料,材料,瓷粉 / 陶瓷
GC-875005,Initial Zr-FS Frame Mod. FM-5(Gum).20g,GC / 台灣而至,fixed-restorative,ceramic-material,material,approved_rule,legacy_category_rule,,unmatched,false,,材料,材料,瓷粉 / 陶瓷
GC-875047,"Zr-FS Opaq Dentin Mod.ODM-1,20g",GC / 台灣而至,fixed-restorative,ceramic-material,material,approved_rule,legacy_category_rule,,unmatched,false,,材料,材料,瓷粉 / 陶瓷
GC-875048,Zr-FS Opaq Dentin Mod.ODM-2 20g,GC / 台灣而至,fixed-restorative,ceramic-material,material,approved_rule,legacy_category_rule,,unmatched,false,,材料,材料,瓷粉 / 陶瓷
GC-875051,"Initial Zr-FS Dentin DA1, 20g",GC / 台灣而至,fixed-restorative,ceramic-material,material,approved_rule,legacy_category_rule,,unmatched,false,,材料,材料,瓷粉 / 陶瓷
GC-875052,Initial Zr-FS Dentin DA2 20g,GC / 台灣而至,fixed-restorative,ceramic-material,material,approved_rule,legacy_category_rule,,unmatched,false,,材料,材料,瓷粉 / 陶瓷
GC-875053,Initial Zr-FS Dentin DA3 20g,GC / 台灣而至,fixed-restorative,ceramic-material,material,approved_rule,legacy_category_rule,,unmatched,false,,材料,材料,瓷粉 / 陶瓷
GC-875054,Initial Zr-FS Dentin DA3.5 20g,GC / 台灣而至,fixed-restorative,ceramic-material,material,approved_rule,legacy_category_rule,,unmatched,false,,材料,材料,瓷粉 / 陶瓷
GC-875055,Initial Zr-FS Dentin DA4 20g,GC / 台灣而至,fixed-restorative,ceramic-material,material,approved_rule,legacy_category_rule,,unmatched,false,,材料,材料,瓷粉 / 陶瓷
GC-875056,Initial Zr-FS Dentin DB1 20g,GC / 台灣而至,fixed-restorative,ceramic-material,material,approved_rule,legacy_category_rule,,unmatched,false,,材料,材料,瓷粉 / 陶瓷
GC-875057,Initial Zr-FS Dentin DB2 20g,GC / 台灣而至,fixed-restorative,ceramic-material,material,approved_rule,legacy_category_rule,,unmatched,false,,材料,材料,瓷粉 / 陶瓷
GC-875058,Initial Zr-FS Dentin DB3 20g,GC / 台灣而至,fixed-restorative,ceramic-material,material,approved_rule,legacy_category_rule,,unmatched,false,,材料,材料,瓷粉 / 陶瓷
GC-875059,Initial Zr-FS Dentin DB4 20g,GC / 台灣而至,fixed-restorative,ceramic-material,material,approved_rule,legacy_category_rule,,unmatched,false,,材料,材料,瓷粉 / 陶瓷
GC-875060,Initial Zr-FS Dentin DC1 20g,GC / 台灣而至,fixed-restorative,ceramic-material,material,approved_rule,legacy_category_rule,,unmatched,false,,材料,材料,瓷粉 / 陶瓷
GC-875061,Initial Zr-FS Dentin DC2 20g,GC / 台灣而至,fixed-restorative,ceramic-material,material,approved_rule,legacy_category_rule,,unmatched,false,,材料,材料,瓷粉 / 陶瓷
GC-875062,Initial Zr-FS Dentin DC3 20g,GC / 台灣而至,fixed-restorative,ceramic-material,material,approved_rule,legacy_category_rule,,unmatched,false,,材料,材料,瓷粉 / 陶瓷
GC-875063,Initial Zr-FS Dentin DC4 20g,GC / 台灣而至,fixed-restorative,ceramic-material,material,approved_rule,legacy_category_rule,,unmatched,false,,材料,材料,瓷粉 / 陶瓷
GC-875064,Initial Zr-FS Dentin DD2 20g,GC / 台灣而至,fixed-restorative,ceramic-material,material,approved_rule,legacy_category_rule,,unmatched,false,,材料,材料,瓷粉 / 陶瓷
GC-875065,Initial Zr-FS Dentin DD3 20g,GC / 台灣而至,fixed-restorative,ceramic-material,material,approved_rule,legacy_category_rule,,unmatched,false,,材料,材料,瓷粉 / 陶瓷
GC-875066,Initial Zr-FS Dentin DD4 20g,GC / 台灣而至,fixed-restorative,ceramic-material,material,approved_rule,legacy_category_rule,,unmatched,false,,材料,材料,瓷粉 / 陶瓷
GC-875067,Initial Zr-FS Enamel E57 20g,GC / 台灣而至,fixed-restorative,ceramic-material,material,approved_rule,legacy_category_rule,,unmatched,false,,材料,材料,瓷粉 / 陶瓷
GC-875068,Initial Zr-FS Enamel E58 20g,GC / 台灣而至,fixed-restorative,ceramic-material,material,approved_rule,legacy_category_rule,,unmatched,false,,材料,材料,瓷粉 / 陶瓷
GC-875069,Initial Zr-FS Enamel E59 20g,GC / 台灣而至,fixed-restorative,ceramic-material,material,approved_rule,legacy_category_rule,,unmatched,false,,材料,材料,瓷粉 / 陶瓷
GC-875070,Initial Zr-FS Enamel E60 20g,GC / 台灣而至,fixed-restorative,ceramic-material,material,approved_rule,legacy_category_rule,,unmatched,false,,材料,材料,瓷粉 / 陶瓷
GC-875071,"Initial Zr-FS Clear Fluoresc CL-F, 20g",GC / 台灣而至,fixed-restorative,ceramic-material,material,approved_rule,legacy_category_rule,,unmatched,false,,材料,材料,瓷粉 / 陶瓷
GC-875072,"Initial Zr-FS Translucent TN, 20g",GC / 台灣而至,fixed-restorative,ceramic-material,material,approved_rule,legacy_category_rule,,unmatched,false,,材料,材料,瓷粉 / 陶瓷
GC-875073,"Initial Zr-FS Translucent TO, 20g",GC / 台灣而至,fixed-restorative,ceramic-material,material,approved_rule,legacy_category_rule,,unmatched,false,,材料,材料,瓷粉 / 陶瓷
GC-875074,Zr-FS Translucent Mod.TM-01 20g,GC / 台灣而至,fixed-restorative,ceramic-material,material,approved_rule,legacy_category_rule,,unmatched,false,,材料,材料,瓷粉 / 陶瓷
GC-875075,Zr-FS Translucent Mod.TM-02 20g,GC / 台灣而至,fixed-restorative,ceramic-material,material,approved_rule,legacy_category_rule,,unmatched,false,,材料,材料,瓷粉 / 陶瓷
GC-875076,Zr-FS Translucent Mod.TM-03 20g,GC / 台灣而至,fixed-restorative,ceramic-material,material,approved_rule,legacy_category_rule,,unmatched,false,,材料,材料,瓷粉 / 陶瓷
GC-875077,Zr-FS Translucent Mod.TM-04 20g,GC / 台灣而至,fixed-restorative,ceramic-material,material,approved_rule,legacy_category_rule,,unmatched,false,,材料,材料,瓷粉 / 陶瓷
GC-875078,Zr-FS Translucent Mod.TM-05 20g,GC / 台灣而至,fixed-restorative,ceramic-material,material,approved_rule,legacy_category_rule,,unmatched,false,,材料,材料,瓷粉 / 陶瓷
GC-875080,"Initial Zr-FS Clear  CL-W, 20g",GC / 台灣而至,fixed-restorative,ceramic-material,material,approved_rule,legacy_category_rule,,unmatched,false,,材料,材料,瓷粉 / 陶瓷
GC-875085,"Zr-FS Enamel Occlusal EO-15,20g",GC / 台灣而至,fixed-restorative,ceramic-material,material,approved_rule,legacy_category_rule,,unmatched,false,,材料,材料,瓷粉 / 陶瓷
GC-875086,"Zr-FS Enamel Occlusal EO-16,20g",GC / 台灣而至,fixed-restorative,ceramic-material,material,approved_rule,legacy_category_rule,,unmatched,false,,材料,材料,瓷粉 / 陶瓷
GC-875087,"Zr-FS Enamel Occlusal EO-17,20g",GC / 台灣而至,fixed-restorative,ceramic-material,material,approved_rule,legacy_category_rule,,unmatched,false,,材料,材料,瓷粉 / 陶瓷
GC-875091,Zr-FS Fluo-Dentin FD-91 (20g),GC / 台灣而至,fixed-restorative,ceramic-material,material,approved_rule,legacy_category_rule,,unmatched,false,,材料,材料,瓷粉 / 陶瓷
GC-875092,Zr-FS Fluo-Dentin FD-92 (20g),GC / 台灣而至,fixed-restorative,ceramic-material,material,approved_rule,legacy_category_rule,,unmatched,false,,材料,材料,瓷粉 / 陶瓷
GC-875101,Zr-FS Enamel Opal EOP1 20g,GC / 台灣而至,fixed-restorative,ceramic-material,material,approved_rule,legacy_category_rule,,unmatched,false,,材料,材料,瓷粉 / 陶瓷
GC-875102,Zr-FS Enamel Opal EOP2 20g,GC / 台灣而至,fixed-restorative,ceramic-material,material,approved_rule,legacy_category_rule,,unmatched,false,,材料,材料,瓷粉 / 陶瓷
GC-875103,Zr-FS Enamel Opal EOP3 20g,GC / 台灣而至,fixed-restorative,ceramic-material,material,approved_rule,legacy_category_rule,,unmatched,false,,材料,材料,瓷粉 / 陶瓷
GC-875104,Zr-FS Enamel Opal EOP4 20g,GC / 台灣而至,fixed-restorative,ceramic-material,material,approved_rule,legacy_category_rule,,unmatched,false,,材料,材料,瓷粉 / 陶瓷
GC-875121,"Initial Zr-FS Cerv.Transluc.CT-21, 20g",GC / 台灣而至,fixed-restorative,ceramic-material,material,approved_rule,legacy_category_rule,,unmatched,false,,材料,材料,瓷粉 / 陶瓷
GC-875122,"Initial Zr-FS Cerv.Transluc.CT-22, 20g",GC / 台灣而至,fixed-restorative,ceramic-material,material,approved_rule,legacy_category_rule,,unmatched,false,,材料,材料,瓷粉 / 陶瓷
GC-875123,Initial Zr-FS Cerv.Transluc.CT-23 20g,GC / 台灣而至,fixed-restorative,ceramic-material,material,approved_rule,legacy_category_rule,,unmatched,false,,材料,材料,瓷粉 / 陶瓷
GC-875124,Initial Zr-FS Cerv.Transluc.CT-24 20g,GC / 台灣而至,fixed-restorative,ceramic-material,material,approved_rule,legacy_category_rule,,unmatched,false,,材料,材料,瓷粉 / 陶瓷
GC-875125,Initial Zr-FS Cerv.Transluc.CT-25 20g,GC / 台灣而至,fixed-restorative,ceramic-material,material,approved_rule,legacy_category_rule,,unmatched,false,,材料,材料,瓷粉 / 陶瓷
GC-875145,"Initial Zr-FS IN-45,Havanna/20g",GC / 台灣而至,fixed-restorative,ceramic-material,material,approved_rule,legacy_category_rule,,unmatched,false,,材料,材料,瓷粉 / 陶瓷
GC-875155,Initial Zr-FS GM-23.20g,GC / 台灣而至,fixed-restorative,ceramic-material,material,approved_rule,legacy_category_rule,,unmatched,false,,材料,材料,瓷粉 / 陶瓷
GC-875156,Initial Zr-FS GM-24.20g,GC / 台灣而至,fixed-restorative,ceramic-material,material,approved_rule,legacy_category_rule,,unmatched,false,,材料,材料,瓷粉 / 陶瓷
GC-875157,Initial Zr-FS GM-34.20g,GC / 台灣而至,fixed-restorative,ceramic-material,material,approved_rule,legacy_category_rule,,unmatched,false,,材料,材料,瓷粉 / 陶瓷
GC-875158,Initial Zr-FS GM-35.20g,GC / 台灣而至,fixed-restorative,ceramic-material,material,approved_rule,legacy_category_rule,,unmatched,false,,材料,材料,瓷粉 / 陶瓷
GC-875159,Initial Zr-FS GM-36(intens.red).20g,GC / 台灣而至,fixed-restorative,ceramic-material,material,approved_rule,legacy_category_rule,,unmatched,false,,材料,材料,瓷粉 / 陶瓷
GC-875160,Initial Zr-FS Gingival Universal GU.20g,GC / 台灣而至,fixed-restorative,ceramic-material,material,approved_rule,legacy_category_rule,,unmatched,false,,材料,材料,瓷粉 / 陶瓷
GC-875165,Initial Zr-FS Correction powder COR 20g,GC / 台灣而至,fixed-restorative,ceramic-material,material,approved_rule,legacy_category_rule,,unmatched,false,,材料,材料,瓷粉 / 陶瓷
GC-875202,"Initial Zr-FS Bleach Dentin BLD-1, 20g",GC / 台灣而至,fixed-restorative,ceramic-material,material,approved_rule,legacy_category_rule,,unmatched,false,,材料,材料,瓷粉 / 陶瓷
GC-875203,"Initial Zr-FS Bleach Dentin BLD-2, 20g",GC / 台灣而至,fixed-restorative,ceramic-material,material,approved_rule,legacy_category_rule,,unmatched,false,,材料,材料,瓷粉 / 陶瓷
GC-875204,"Initial Zr-FS Bleach Dentin BLD-3, 20g",GC / 台灣而至,fixed-restorative,ceramic-material,material,approved_rule,legacy_category_rule,,unmatched,false,,材料,材料,瓷粉 / 陶瓷
GC-875205,"Initial Zr-FS Bleach Dentin BL-E, 20g",GC / 台灣而至,fixed-restorative,ceramic-material,material,approved_rule,legacy_category_rule,,unmatched,false,,材料,材料,瓷粉 / 陶瓷
GC-875551,Initial Zr-FS DA1(50g),GC / 台灣而至,fixed-restorative,ceramic-material,material,approved_rule,legacy_category_rule,,unmatched,false,,材料,材料,瓷粉 / 陶瓷
GC-875552,Initial Zr-FS DA2(50g),GC / 台灣而至,fixed-restorative,ceramic-material,material,approved_rule,legacy_category_rule,,unmatched,false,,材料,材料,瓷粉 / 陶瓷
GC-875553,Initial Zr-FS DA3(50g),GC / 台灣而至,fixed-restorative,ceramic-material,material,approved_rule,legacy_category_rule,,unmatched,false,,材料,材料,瓷粉 / 陶瓷
GC-875554,Initial Zr-FS DA3.5(50g),GC / 台灣而至,fixed-restorative,ceramic-material,material,approved_rule,legacy_category_rule,,unmatched,false,,材料,材料,瓷粉 / 陶瓷
GC-875555,Initial Zr-FS DA4(50g),GC / 台灣而至,fixed-restorative,ceramic-material,material,approved_rule,legacy_category_rule,,unmatched,false,,材料,材料,瓷粉 / 陶瓷
GC-875567,Initial Zr-FS Enamel E57 50g,GC / 台灣而至,fixed-restorative,ceramic-material,material,approved_rule,legacy_category_rule,,unmatched,false,,材料,材料,瓷粉 / 陶瓷
GC-875568,Initial Zr-Fs Enamel E58 50g,GC / 台灣而至,fixed-restorative,ceramic-material,material,approved_rule,legacy_category_rule,,unmatched,false,,材料,材料,瓷粉 / 陶瓷
GC-875569,Initial Zr-Fs Enamel E59 50g,GC / 台灣而至,fixed-restorative,ceramic-material,material,approved_rule,legacy_category_rule,,unmatched,false,,材料,材料,瓷粉 / 陶瓷
GC-875570,Zr-FS Enamel E60 (50g),GC / 台灣而至,fixed-restorative,ceramic-material,material,approved_rule,legacy_category_rule,,unmatched,false,,材料,材料,瓷粉 / 陶瓷
GC-875571,"Initial Zr-FS Clear Fluoresc CL-F, 50g",GC / 台灣而至,fixed-restorative,ceramic-material,material,approved_rule,legacy_category_rule,,unmatched,false,,材料,材料,瓷粉 / 陶瓷
GC-875572,"Initial Zr-FS Translucent TO, 50g",GC / 台灣而至,fixed-restorative,ceramic-material,material,approved_rule,legacy_category_rule,,unmatched,false,,材料,材料,瓷粉 / 陶瓷
GC-875573,"Initial Zr-FS Translucent TN, 50g",GC / 台灣而至,fixed-restorative,ceramic-material,material,approved_rule,legacy_category_rule,,unmatched,false,,材料,材料,瓷粉 / 陶瓷
GC-875578,Zr-FS Translucent Mod.TM-05/50g,GC / 台灣而至,fixed-restorative,ceramic-material,material,approved_rule,legacy_category_rule,,unmatched,false,,材料,材料,瓷粉 / 陶瓷
GC-875601,ZR-FS Enamel opal 1 50g,GC / 台灣而至,fixed-restorative,ceramic-material,material,approved_rule,legacy_category_rule,,unmatched,false,,材料,材料,瓷粉 / 陶瓷
GC-875621,ZR-FS Cervical Translucent 21 50g,GC / 台灣而至,fixed-restorative,ceramic-material,material,approved_rule,legacy_category_rule,,unmatched,false,,材料,材料,瓷粉 / 陶瓷
GC-875702,"Initial Zr-FS Modelling Liquid,25ml",GC / 台灣而至,lab-production,process-liquid,consumable,approved_rule,legacy_category_rule,,unmatched,false,,藥液,輔助工具,專用液 / 藥劑
GC-875821,Initial LiSI Dentin DA1 20g,GC / 台灣而至,fixed-restorative,ceramic-material,material,approved_rule,legacy_category_rule,,unmatched,false,,材料,材料,瓷粉 / 陶瓷
GC-875822,Initial LiSI Dentin DA2 20g,GC / 台灣而至,fixed-restorative,ceramic-material,material,approved_rule,legacy_category_rule,,unmatched,false,,材料,材料,瓷粉 / 陶瓷
GC-875823,Initial LiSI Dentin DA3 20g,GC / 台灣而至,fixed-restorative,ceramic-material,material,approved_rule,legacy_category_rule,,unmatched,false,,材料,材料,瓷粉 / 陶瓷
GC-875824,Initial LiSI Dentin D-A3.5 20g,GC / 台灣而至,fixed-restorative,ceramic-material,material,approved_rule,legacy_category_rule,,unmatched,false,,材料,材料,瓷粉 / 陶瓷
GC-875825,Initial LiSI Dentin D-A4. 20g,GC / 台灣而至,fixed-restorative,ceramic-material,material,approved_rule,legacy_category_rule,,unmatched,false,,材料,材料,瓷粉 / 陶瓷
GC-875826,Initial LiSI Dentin D-B1 20g,GC / 台灣而至,fixed-restorative,ceramic-material,material,approved_rule,legacy_category_rule,,unmatched,false,,材料,材料,瓷粉 / 陶瓷
GC-875827,Initial LiSI Dentin D-B2 20g,GC / 台灣而至,fixed-restorative,ceramic-material,material,approved_rule,legacy_category_rule,,unmatched,false,,材料,材料,瓷粉 / 陶瓷
GC-875828,Initial LiSI Dentin D-B3 20g,GC / 台灣而至,fixed-restorative,ceramic-material,material,approved_rule,legacy_category_rule,,unmatched,false,,材料,材料,瓷粉 / 陶瓷
GC-875829,Initial LiSI Dentin D-B4. 20g,GC / 台灣而至,fixed-restorative,ceramic-material,material,approved_rule,legacy_category_rule,,unmatched,false,,材料,材料,瓷粉 / 陶瓷
GC-875830,Initial LiSI Dentin D-C1. 20g,GC / 台灣而至,fixed-restorative,ceramic-material,material,approved_rule,legacy_category_rule,,unmatched,false,,材料,材料,瓷粉 / 陶瓷
GC-875831,Initial LiSI Dentin D-C2. 20g,GC / 台灣而至,fixed-restorative,ceramic-material,material,approved_rule,legacy_category_rule,,unmatched,false,,材料,材料,瓷粉 / 陶瓷
GC-875832,Initial LiSI Dentin D-C3. 20g,GC / 台灣而至,fixed-restorative,ceramic-material,material,approved_rule,legacy_category_rule,,unmatched,false,,材料,材料,瓷粉 / 陶瓷
GC-875833,Initial LiSI Dentin D-C4. 20g,GC / 台灣而至,fixed-restorative,ceramic-material,material,approved_rule,legacy_category_rule,,unmatched,false,,材料,材料,瓷粉 / 陶瓷
GC-875834,Initial LiSI Dentin D-D2 20g,GC / 台灣而至,fixed-restorative,ceramic-material,material,approved_rule,legacy_category_rule,,unmatched,false,,材料,材料,瓷粉 / 陶瓷
GC-875835,Initial LiSI Dentin D-D3 20g,GC / 台灣而至,fixed-restorative,ceramic-material,material,approved_rule,legacy_category_rule,,unmatched,false,,材料,材料,瓷粉 / 陶瓷
GC-875836,Initial LiSI Dentin D-D4 20g,GC / 台灣而至,fixed-restorative,ceramic-material,material,approved_rule,legacy_category_rule,,unmatched,false,,材料,材料,瓷粉 / 陶瓷
GC-875837,Initial LiSi Enamel E-57 20g,GC / 台灣而至,fixed-restorative,ceramic-material,material,approved_rule,legacy_category_rule,,unmatched,false,,材料,材料,瓷粉 / 陶瓷
GC-875838,Initial LiSi Enamel E-58 20g,GC / 台灣而至,fixed-restorative,ceramic-material,material,approved_rule,legacy_category_rule,,unmatched,false,,材料,材料,瓷粉 / 陶瓷
GC-875839,Initial LiSi Enamel E-59 20g,GC / 台灣而至,fixed-restorative,ceramic-material,material,approved_rule,legacy_category_rule,,unmatched,false,,材料,材料,瓷粉 / 陶瓷
GC-875840,Initial LiSI Enamel E-60 20g,GC / 台灣而至,fixed-restorative,ceramic-material,material,approved_rule,legacy_category_rule,,unmatched,false,,材料,材料,瓷粉 / 陶瓷
GC-875841,Initial LiSi  Clear Flucresc .20g CL-F,GC / 台灣而至,fixed-restorative,ceramic-material,material,approved_rule,legacy_category_rule,,unmatched,false,,材料,材料,瓷粉 / 陶瓷
GC-875842,Initial LiSi TN Neutr 20g,GC / 台灣而至,fixed-restorative,ceramic-material,material,approved_rule,legacy_category_rule,,unmatched,false,,材料,材料,瓷粉 / 陶瓷
GC-875843,Initial LiSI T0 Opal 20g,GC / 台灣而至,fixed-restorative,ceramic-material,material,approved_rule,legacy_category_rule,,unmatched,false,,材料,材料,瓷粉 / 陶瓷
GC-875844,Initial LiSI Enamel Occlusal EO-15 20g,GC / 台灣而至,fixed-restorative,ceramic-material,material,approved_rule,legacy_category_rule,,unmatched,false,,材料,材料,瓷粉 / 陶瓷
GC-875845,Initial LiSI Fluo-Dentin FD-91 20g,GC / 台灣而至,fixed-restorative,ceramic-material,material,approved_rule,legacy_category_rule,,unmatched,false,,材料,材料,瓷粉 / 陶瓷
GC-875846,Initial LiSI Fluo-Dentin FD-92 20g,GC / 台灣而至,fixed-restorative,ceramic-material,material,approved_rule,legacy_category_rule,,unmatched,false,,材料,材料,瓷粉 / 陶瓷
GC-875847,Initial LiSI Fluo-Dentin FD-93 20g,GC / 台灣而至,fixed-restorative,ceramic-material,material,approved_rule,legacy_category_rule,,unmatched,false,,材料,材料,瓷粉 / 陶瓷
GC-875848,Initial LiSI Enamel Opal EOP-2. 20g,GC / 台灣而至,fixed-restorative,ceramic-material,material,approved_rule,legacy_category_rule,,unmatched,false,,材料,材料,瓷粉 / 陶瓷
GC-875849,Initial LiSI Enamel Opal EOP-3. 20g,GC / 台灣而至,fixed-restorative,ceramic-material,material,approved_rule,legacy_category_rule,,unmatched,false,,材料,材料,瓷粉 / 陶瓷
GC-875850,Initial LiSI Enamel Opal EOP-4.20g,GC / 台灣而至,fixed-restorative,ceramic-material,material,approved_rule,legacy_category_rule,,unmatched,false,,材料,材料,瓷粉 / 陶瓷
GC-875851,Initial LiSI Cervic Transl CT-22. 20g,GC / 台灣而至,fixed-restorative,ceramic-material,material,approved_rule,legacy_category_rule,,unmatched,false,,材料,材料,瓷粉 / 陶瓷
GC-875852,Initial LiSI Cervic Transluc CT-23 20g,GC / 台灣而至,fixed-restorative,ceramic-material,material,approved_rule,legacy_category_rule,,unmatched,false,,材料,材料,瓷粉 / 陶瓷
GC-875853,Initial LiSI Cervic Transluc CT-24 20g,GC / 台灣而至,fixed-restorative,ceramic-material,material,approved_rule,legacy_category_rule,,unmatched,false,,材料,材料,瓷粉 / 陶瓷
GC-875854,Initial LiSI Cervic Transluc CT-25 20g,GC / 台灣而至,fixed-restorative,ceramic-material,material,approved_rule,legacy_category_rule,,unmatched,false,,材料,材料,瓷粉 / 陶瓷
GC-875855,Initial LiSI IN-41 Flamingo.20g,GC / 台灣而至,fixed-restorative,ceramic-material,material,approved_rule,legacy_category_rule,,unmatched,false,,材料,材料,瓷粉 / 陶瓷
GC-875856,Initial LiSI IN-42 Terracot.20g,GC / 台灣而至,fixed-restorative,ceramic-material,material,approved_rule,legacy_category_rule,,unmatched,false,,材料,材料,瓷粉 / 陶瓷
GC-875857,Initial LiSI INside.20gIN-43 Sun,GC / 台灣而至,fixed-restorative,ceramic-material,material,approved_rule,legacy_category_rule,,unmatched,false,,材料,材料,瓷粉 / 陶瓷
GC-875858,Initial LiSI IN-44 Sand .20g,GC / 台灣而至,fixed-restorative,ceramic-material,material,approved_rule,legacy_category_rule,,unmatched,false,,材料,材料,瓷粉 / 陶瓷
GC-875859,Initial LiSi IN-45 Havanna.20g,GC / 台灣而至,fixed-restorative,ceramic-material,material,approved_rule,legacy_category_rule,,unmatched,false,,材料,材料,瓷粉 / 陶瓷
GC-875862,"Initial LiSi IN-48 Kurkuma,20g",GC / 台灣而至,fixed-restorative,ceramic-material,material,approved_rule,legacy_category_rule,,unmatched,false,,材料,材料,瓷粉 / 陶瓷
GC-875866,Initial LiSI Correction Powder COR 20g,GC / 台灣而至,fixed-restorative,ceramic-material,material,approved_rule,legacy_category_rule,,unmatched,false,,材料,材料,瓷粉 / 陶瓷
GC-875867,"Initial LiSI.Bleach Dentin BLD-2,20g",GC / 台灣而至,fixed-restorative,ceramic-material,material,approved_rule,legacy_category_rule,,unmatched,false,,材料,材料,瓷粉 / 陶瓷
GC-875868,"Initial LiSI.Bleach Enamel BL-E,20g",GC / 台灣而至,fixed-restorative,ceramic-material,material,approved_rule,legacy_category_rule,,unmatched,false,,材料,材料,瓷粉 / 陶瓷
GC-875869,Initial LiSI Transl Mod TM-01. 20g,GC / 台灣而至,fixed-restorative,ceramic-material,material,approved_rule,legacy_category_rule,,unmatched,false,,材料,材料,瓷粉 / 陶瓷
GC-875870,"Initial LiSi Transl Mod TM-05,20g",GC / 台灣而至,fixed-restorative,ceramic-material,material,approved_rule,legacy_category_rule,,unmatched,false,,材料,材料,瓷粉 / 陶瓷
GC-875871,Initial LiSI.Bleach Dentin BLD-1 20g,GC / 台灣而至,fixed-restorative,ceramic-material,material,approved_rule,legacy_category_rule,,unmatched,false,,材料,材料,瓷粉 / 陶瓷
GC-875872,Initial LiSI Dentin BLD-3 20g,GC / 台灣而至,fixed-restorative,ceramic-material,material,approved_rule,legacy_category_rule,,unmatched,false,,材料,材料,瓷粉 / 陶瓷
GC-875873,Initial LiSI Enamel E1-11 20g,GC / 台灣而至,fixed-restorative,ceramic-material,material,approved_rule,legacy_category_rule,,unmatched,false,,材料,材料,瓷粉 / 陶瓷
GC-875874,Initial LiSI Enamel E1-12 20g,GC / 台灣而至,fixed-restorative,ceramic-material,material,approved_rule,legacy_category_rule,,unmatched,false,,材料,材料,瓷粉 / 陶瓷
GC-875875,Initial LiSI Enamel E1-13 20g,GC / 台灣而至,fixed-restorative,ceramic-material,material,approved_rule,legacy_category_rule,,unmatched,false,,材料,材料,瓷粉 / 陶瓷
GC-875876,Initial LiSI Enamel E1-14 20g,GC / 台灣而至,fixed-restorative,ceramic-material,material,approved_rule,legacy_category_rule,,unmatched,false,,材料,材料,瓷粉 / 陶瓷
GC-875877,Initial LiSI Transl Mod TM-02. 20g,GC / 台灣而至,fixed-restorative,ceramic-material,material,approved_rule,legacy_category_rule,,unmatched,false,,材料,材料,瓷粉 / 陶瓷
GC-875878,Initial LiSI TM-03 20g,GC / 台灣而至,fixed-restorative,ceramic-material,material,approved_rule,legacy_category_rule,,unmatched,false,,材料,材料,瓷粉 / 陶瓷
GC-875879,Initial LiSI TM-04 20g,GC / 台灣而至,fixed-restorative,ceramic-material,material,approved_rule,legacy_category_rule,,unmatched,false,,材料,材料,瓷粉 / 陶瓷
GC-875881,Initial LiSI Enamel Occl EO-17(20g),GC / 台灣而至,fixed-restorative,ceramic-material,material,approved_rule,legacy_category_rule,,unmatched,false,,材料,材料,瓷粉 / 陶瓷
GC-875882,Initial LiSI Cervic Transl CT-21. 20g,GC / 台灣而至,fixed-restorative,ceramic-material,material,approved_rule,legacy_category_rule,,unmatched,false,,材料,材料,瓷粉 / 陶瓷
GC-875883,Initial LiSI Enamel Opal EOP-1. 20g,GC / 台灣而至,fixed-restorative,ceramic-material,material,approved_rule,legacy_category_rule,,unmatched,false,,材料,材料,瓷粉 / 陶瓷
GC-875884,"Initial LiSi,Gum  GM-23.20g",GC / 台灣而至,fixed-restorative,ceramic-material,material,approved_rule,legacy_category_rule,,unmatched,false,,材料,材料,瓷粉 / 陶瓷
GC-8758849,Initial LiSI Enamel Opal EOP-3.20g,GC / 台灣而至,fixed-restorative,ceramic-material,material,approved_rule,legacy_category_rule,,unmatched,false,,材料,材料,瓷粉 / 陶瓷
GC-875885,Initial LiSi Opal Booster .20g,GC / 台灣而至,fixed-restorative,ceramic-material,material,approved_rule,legacy_category_rule,,unmatched,false,,材料,材料,瓷粉 / 陶瓷
GC-875890,Initial LiSI Modelling Liquid 50ml,GC / 台灣而至,lab-production,process-liquid,consumable,approved_rule,legacy_category_rule,,unmatched,false,,藥液,輔助工具,專用液 / 藥劑
GC-876000,Initial MC LF Glaze 釉粉(10g),GC / 台灣而至,color-characterization,glaze-material,material,approved_rule,legacy_category_rule,,unmatched,false,,藥液,染液色料,釉材
GC-876035,"MC,LF-INvivo/INsitu Glaze liquid 25ml",GC / 台灣而至,color-characterization,glaze-material,material,approved_rule,legacy_category_rule,,unmatched,false,,藥液,染液色料,釉材
GC-876100,"Zr,Ti-INvivo/INsitu Glaze 10g/釉粉",GC / 台灣而至,color-characterization,glaze-material,material,approved_rule,legacy_category_rule,,unmatched,false,,藥液,染液色料,釉材
GC-876103,Initial IN vivo IV-3 Stain 3g,GC / 台灣而至,fixed-restorative,ceramic-material,material,approved_rule,legacy_category_rule,,unmatched,false,,材料,材料,瓷粉 / 陶瓷
GC-876106,Initial IN vivo IV-6 Stain 3g,GC / 台灣而至,fixed-restorative,ceramic-material,material,approved_rule,legacy_category_rule,,unmatched,false,,材料,材料,瓷粉 / 陶瓷
GC-876107,Initial IN vivo IV-7 Stain 3g,GC / 台灣而至,fixed-restorative,ceramic-material,material,approved_rule,legacy_category_rule,,unmatched,false,,材料,材料,瓷粉 / 陶瓷
GC-876108,Initial IN vivo IV-8 Stain 3g,GC / 台灣而至,fixed-restorative,ceramic-material,material,approved_rule,legacy_category_rule,,unmatched,false,,材料,材料,瓷粉 / 陶瓷
GC-876111,Initial IN Vivo IV-11 ALTi Stain 3g,GC / 台灣而至,fixed-restorative,ceramic-material,material,approved_rule,legacy_category_rule,,unmatched,false,,材料,材料,瓷粉 / 陶瓷
GC-876112,Initial IN Vivo IV-12 ALTi Stain 3g,GC / 台灣而至,fixed-restorative,ceramic-material,material,approved_rule,legacy_category_rule,,unmatched,false,,材料,材料,瓷粉 / 陶瓷
GC-876113,Initial IN Vivo IV-13 ALTi Stain 3g,GC / 台灣而至,fixed-restorative,ceramic-material,material,approved_rule,legacy_category_rule,,unmatched,false,,材料,材料,瓷粉 / 陶瓷
GC-876135,"Zr,Ti-INvivo/INsitu Glaze liquid 25ml",GC / 台灣而至,color-characterization,glaze-material,material,approved_rule,legacy_category_rule,,unmatched,false,,藥液,染液色料,釉材
GC-876151,Initial Spectrum Stain SPS-1. 3g,GC / 台灣而至,color-characterization,external-stain,material,approved_rule,legacy_category_rule,,unmatched,false,,材料,染液色料,染液 - 外染
GC-876152,Initial Spectrum Stain SPS-2. 3g,GC / 台灣而至,color-characterization,external-stain,material,approved_rule,legacy_category_rule,,unmatched,false,,材料,染液色料,染液 - 外染
GC-876153,Initial Spectrum Stain SPS-3. 3g,GC / 台灣而至,color-characterization,external-stain,material,approved_rule,legacy_category_rule,,unmatched,false,,材料,染液色料,染液 - 外染
GC-876154,Initial Spectrum Stain SPS-4. 3g,GC / 台灣而至,color-characterization,external-stain,material,approved_rule,legacy_category_rule,,unmatched,false,,材料,染液色料,染液 - 外染
GC-876155,Initial Spectrum Stain SPS-5. 3g,GC / 台灣而至,color-characterization,external-stain,material,approved_rule,legacy_category_rule,,unmatched,false,,材料,染液色料,染液 - 外染
GC-876156,Initial Spectrum Stain SPS-6. 3g,GC / 台灣而至,color-characterization,external-stain,material,approved_rule,legacy_category_rule,,unmatched,false,,材料,染液色料,染液 - 外染
GC-876157,Initial Spectrum Stain SPS-7. 3g,GC / 台灣而至,color-characterization,external-stain,material,approved_rule,legacy_category_rule,,unmatched,false,,材料,染液色料,染液 - 外染
GC-876158,Initial Spectrum Stain SPS-8. 3g,GC / 台灣而至,color-characterization,external-stain,material,approved_rule,legacy_category_rule,,unmatched,false,,材料,染液色料,染液 - 外染
GC-876159,Initial Spectrum Stain SPS-9. 3g,GC / 台灣而至,color-characterization,external-stain,material,approved_rule,legacy_category_rule,,unmatched,false,,材料,染液色料,染液 - 外染
GC-876160,Initial Spectrum Stain SPS-10. 3g,GC / 台灣而至,color-characterization,external-stain,material,approved_rule,legacy_category_rule,,unmatched,false,,材料,染液色料,染液 - 外染
GC-876161,Initial Spectrum Stain SPS-11. 3g,GC / 台灣而至,color-characterization,external-stain,material,approved_rule,legacy_category_rule,,unmatched,false,,材料,染液色料,染液 - 外染
GC-876162,Initial Spectrum Stain SPS-12. 3g,GC / 台灣而至,color-characterization,external-stain,material,approved_rule,legacy_category_rule,,unmatched,false,,材料,染液色料,染液 - 外染
GC-876163,Initial Spectrum Stain SPS-13. 3g,GC / 台灣而至,color-characterization,external-stain,material,approved_rule,legacy_category_rule,,unmatched,false,,材料,染液色料,染液 - 外染
GC-876164,Initial Spectrum Stain SPS-14. 3g,GC / 台灣而至,color-characterization,external-stain,material,approved_rule,legacy_category_rule,,unmatched,false,,材料,染液色料,染液 - 外染
GC-876165,Initial Spectrum Stain SPS-15. 3g,GC / 台灣而至,color-characterization,external-stain,material,approved_rule,legacy_category_rule,,unmatched,false,,材料,染液色料,染液 - 外染
GC-876166,Initial Spectrum Stain SPS-16. 3g,GC / 台灣而至,color-characterization,external-stain,material,approved_rule,legacy_category_rule,,unmatched,false,,材料,染液色料,染液 - 外染
GC-876180,Initial Spectrum Glaze  Liquid 25ml,GC / 台灣而至,color-characterization,glaze-material,material,approved_rule,legacy_category_rule,,unmatched,false,,藥液,染液色料,釉材
GC-876181,Initial Spectrum Glaze Powder.10g,GC / 台灣而至,color-characterization,glaze-material,material,approved_rule,legacy_category_rule,,unmatched,false,,藥液,染液色料,釉材
GC-876182,Initial Spectrum Glaze Paste Liquid 8ml,GC / 台灣而至,color-characterization,glaze-material,material,approved_rule,legacy_category_rule,,unmatched,false,,藥液,染液色料,釉材
GC-876220,IQ One Body Ocncep-LP Diluting Liquid,GC / 台灣而至,fixed-restorative,ceramic-material,material,approved_rule,legacy_category_rule,,unmatched,false,,材料,材料,瓷粉 / 陶瓷
GC-876400,IQ LP NF/Refresh liquid(8ml),GC / 台灣而至,fixed-restorative,ceramic-material,material,approved_rule,legacy_category_rule,,unmatched,false,,材料,材料,瓷粉 / 陶瓷
GC-876401,"IQ LP NF, L-N瓷牙染色膏(4g)",GC / 台灣而至,fixed-restorative,ceramic-material,material,approved_rule,legacy_category_rule,,unmatched,false,,材料,材料,瓷粉 / 陶瓷
GC-876402,"IQ LP NF, L-A瓷牙染色膏(4g)",GC / 台灣而至,fixed-restorative,ceramic-material,material,approved_rule,legacy_category_rule,,unmatched,false,,材料,材料,瓷粉 / 陶瓷
GC-876403,"IQ LP NF, L-B瓷牙染色膏(4g)",GC / 台灣而至,fixed-restorative,ceramic-material,material,approved_rule,legacy_category_rule,,unmatched,false,,材料,材料,瓷粉 / 陶瓷
GC-876404,"IQ LP NF, L-C瓷牙染色膏(4g)",GC / 台灣而至,fixed-restorative,ceramic-material,material,approved_rule,legacy_category_rule,,unmatched,false,,材料,材料,瓷粉 / 陶瓷
GC-876405,"IQ LP NF, L-D瓷牙染色膏(4g)",GC / 台灣而至,fixed-restorative,ceramic-material,material,approved_rule,legacy_category_rule,,unmatched,false,,材料,材料,瓷粉 / 陶瓷
GC-876406,"IQ LP NF, L-1 Vanill 瓷牙染色膏(4g)",GC / 台灣而至,fixed-restorative,ceramic-material,material,approved_rule,legacy_category_rule,,unmatched,false,,材料,材料,瓷粉 / 陶瓷
GC-876407,"IQ LP NF, L-2 White瓷牙染色膏(4g)",GC / 台灣而至,fixed-restorative,ceramic-material,material,approved_rule,legacy_category_rule,,unmatched,false,,材料,材料,瓷粉 / 陶瓷
GC-876408,"IQ LP NF, L-3 Light瓷牙染色膏(4g)",GC / 台灣而至,fixed-restorative,ceramic-material,material,approved_rule,legacy_category_rule,,unmatched,false,,材料,材料,瓷粉 / 陶瓷
GC-876409,"IQ LP NF, L-4 Dark 瓷牙染色膏(4g)",GC / 台灣而至,fixed-restorative,ceramic-material,material,approved_rule,legacy_category_rule,,unmatched,false,,材料,材料,瓷粉 / 陶瓷
GC-876410,"IQ LP NF, L-5 Light瓷牙染色膏(4g)",GC / 台灣而至,fixed-restorative,ceramic-material,material,approved_rule,legacy_category_rule,,unmatched,false,,材料,材料,瓷粉 / 陶瓷
GC-876411,"IQ LP NF, L-6 Dark 瓷牙染色膏(4g)",GC / 台灣而至,fixed-restorative,ceramic-material,material,approved_rule,legacy_category_rule,,unmatched,false,,材料,材料,瓷粉 / 陶瓷
GC-876412,"IQ LP NF, L-7 Light瓷牙染色膏(4g)",GC / 台灣而至,fixed-restorative,ceramic-material,material,approved_rule,legacy_category_rule,,unmatched,false,,材料,材料,瓷粉 / 陶瓷
GC-876413,"IQ LP NF, L-8 Olive瓷牙染色膏(4g)",GC / 台灣而至,fixed-restorative,ceramic-material,material,approved_rule,legacy_category_rule,,unmatched,false,,材料,材料,瓷粉 / 陶瓷
GC-876414,"IQ LP NF, L-V Light瓷牙染色膏(4g)",GC / 台灣而至,fixed-restorative,ceramic-material,material,approved_rule,legacy_category_rule,,unmatched,false,,材料,材料,瓷粉 / 陶瓷
GC-876415,"IQ LP NF, G-23 瓷牙染色膏(4g)",GC / 台灣而至,fixed-restorative,ceramic-material,material,approved_rule,legacy_category_rule,,unmatched,false,,材料,材料,瓷粉 / 陶瓷
GC-876416,"IQ LP NF, G-24 瓷牙染色膏(4g)",GC / 台灣而至,fixed-restorative,ceramic-material,material,approved_rule,legacy_category_rule,,unmatched,false,,材料,材料,瓷粉 / 陶瓷
GC-876417,"IQ LP NF, G-34 瓷牙染色膏(4g)",GC / 台灣而至,fixed-restorative,ceramic-material,material,approved_rule,legacy_category_rule,,unmatched,false,,材料,材料,瓷粉 / 陶瓷
GC-876418,"IQ LP NF, G-35 瓷牙染色膏(4g)",GC / 台灣而至,fixed-restorative,ceramic-material,material,approved_rule,legacy_category_rule,,unmatched,false,,材料,材料,瓷粉 / 陶瓷
GC-876419,"IQ LP NF, G-36 瓷牙染色膏(4g)",GC / 台灣而至,fixed-restorative,ceramic-material,material,approved_rule,legacy_category_rule,,unmatched,false,,材料,材料,瓷粉 / 陶瓷
GC-876420,"IQ LP NF, LP-M1 瓷牙染色膏(4g)",GC / 台灣而至,fixed-restorative,ceramic-material,material,approved_rule,legacy_category_rule,,unmatched,false,,材料,材料,瓷粉 / 陶瓷
GC-876421,"IQ LP NF, LP-M2 瓷牙染色膏(4g)",GC / 台灣而至,fixed-restorative,ceramic-material,material,approved_rule,legacy_category_rule,,unmatched,false,,材料,材料,瓷粉 / 陶瓷
GC-876422,"IQ LP NF, LP-M3 瓷牙染色膏(4g)",GC / 台灣而至,fixed-restorative,ceramic-material,material,approved_rule,legacy_category_rule,,unmatched,false,,材料,材料,瓷粉 / 陶瓷
GC-876423,"IQ LP NF, LP-M4 瓷牙染色膏(4g)",GC / 台灣而至,fixed-restorative,ceramic-material,material,approved_rule,legacy_category_rule,,unmatched,false,,材料,材料,瓷粉 / 陶瓷
GC-876426,"IQ LP NF, L-9 Deep Orange瓷牙染色膏(4g)",GC / 台灣而至,fixed-restorative,ceramic-material,material,approved_rule,legacy_category_rule,,unmatched,false,,材料,材料,瓷粉 / 陶瓷
GC-876427,"IQ LP NF, L-10 Twilight 瓷牙染色膏(4g)",GC / 台灣而至,fixed-restorative,ceramic-material,material,approved_rule,legacy_category_rule,,unmatched,false,,材料,材料,瓷粉 / 陶瓷
GC-876449,IQ Lustre Paste ONE/NF Diluting Liquid 8ml,GC / 台灣而至,fixed-restorative,ceramic-material,material,approved_rule,legacy_category_rule,,unmatched,false,,材料,材料,瓷粉 / 陶瓷
GC-876450,IQ LP ONE/NF Refresh Liquid(8ml),GC / 台灣而至,fixed-restorative,ceramic-material,material,approved_rule,legacy_category_rule,,unmatched,false,,材料,材料,瓷粉 / 陶瓷
GC-876451,"IQ LP NF, L-A瓷牙染色膏(4g)",GC / 台灣而至,fixed-restorative,ceramic-material,material,approved_rule,legacy_category_rule,,unmatched,false,,材料,材料,瓷粉 / 陶瓷
GC-876452,"IQ LP NF, L-B瓷牙染色膏(4g)",GC / 台灣而至,fixed-restorative,ceramic-material,material,approved_rule,legacy_category_rule,,unmatched,false,,材料,材料,瓷粉 / 陶瓷
GC-876453,"IQ LP NF, L-C瓷牙染色膏(4g)",GC / 台灣而至,fixed-restorative,ceramic-material,material,approved_rule,legacy_category_rule,,unmatched,false,,材料,材料,瓷粉 / 陶瓷
GC-876454,"IQ LP NF, L-D瓷牙染色膏(4g)",GC / 台灣而至,fixed-restorative,ceramic-material,material,approved_rule,legacy_category_rule,,unmatched,false,,材料,材料,瓷粉 / 陶瓷
GC-876455,"IQ LP NF, L-N瓷牙染色膏(4g)",GC / 台灣而至,fixed-restorative,ceramic-material,material,approved_rule,legacy_category_rule,,unmatched,false,,材料,材料,瓷粉 / 陶瓷
GC-876456,"IQ LP NF, L-1瓷牙染色膏(4g)",GC / 台灣而至,fixed-restorative,ceramic-material,material,approved_rule,legacy_category_rule,,unmatched,false,,材料,材料,瓷粉 / 陶瓷
GC-876457,"IQ LP ONE,L-2 瓷牙染膏4g",GC / 台灣而至,fixed-restorative,ceramic-material,material,approved_rule,legacy_category_rule,,unmatched,false,,材料,材料,瓷粉 / 陶瓷
GC-876458,"IQ LP ONE,L-3 瓷牙染膏4g",GC / 台灣而至,fixed-restorative,ceramic-material,material,approved_rule,legacy_category_rule,,unmatched,false,,材料,材料,瓷粉 / 陶瓷
GC-876459,"IQ LP ONE,L-4 瓷牙染膏4g",GC / 台灣而至,fixed-restorative,ceramic-material,material,approved_rule,legacy_category_rule,,unmatched,false,,材料,材料,瓷粉 / 陶瓷
GC-876460,"IQ LP ONE,L-5 瓷牙染膏4g",GC / 台灣而至,fixed-restorative,ceramic-material,material,approved_rule,legacy_category_rule,,unmatched,false,,材料,材料,瓷粉 / 陶瓷
GC-876461,"IQ LP ONE,L-6 瓷牙染膏4g",GC / 台灣而至,fixed-restorative,ceramic-material,material,approved_rule,legacy_category_rule,,unmatched,false,,材料,材料,瓷粉 / 陶瓷
GC-876462,"IQ LP ONE,L-7 瓷牙染膏4g",GC / 台灣而至,fixed-restorative,ceramic-material,material,approved_rule,legacy_category_rule,,unmatched,false,,材料,材料,瓷粉 / 陶瓷
GC-876463,"IQ LP ONE,L-8 瓷牙染膏4g",GC / 台灣而至,fixed-restorative,ceramic-material,material,approved_rule,legacy_category_rule,,unmatched,false,,材料,材料,瓷粉 / 陶瓷
GC-876464,"IQ LP ONE,L-9 瓷牙染膏4g",GC / 台灣而至,fixed-restorative,ceramic-material,material,approved_rule,legacy_category_rule,,unmatched,false,,材料,材料,瓷粉 / 陶瓷
GC-876465,"IQ LP ONE,L-10 瓷牙染膏4g",GC / 台灣而至,fixed-restorative,ceramic-material,material,approved_rule,legacy_category_rule,,unmatched,false,,材料,材料,瓷粉 / 陶瓷
GC-876466,"IQ LP NF, L-V瓷牙染色膏(4g)",GC / 台灣而至,fixed-restorative,ceramic-material,material,approved_rule,legacy_category_rule,,unmatched,false,,材料,材料,瓷粉 / 陶瓷
GC-876468,"IQ LP ONE,L-NFL 瓷牙染膏4g",GC / 台灣而至,fixed-restorative,ceramic-material,material,approved_rule,legacy_category_rule,,unmatched,false,,材料,材料,瓷粉 / 陶瓷
GC-876469,"IQ LP ONE,L-N 瓷牙染膏12g",GC / 台灣而至,fixed-restorative,ceramic-material,material,approved_rule,legacy_category_rule,,unmatched,false,,材料,材料,瓷粉 / 陶瓷
GC-876470,"IQ LP ONE,L-NFL 瓷牙染膏12g",GC / 台灣而至,fixed-restorative,ceramic-material,material,approved_rule,legacy_category_rule,,unmatched,false,,材料,材料,瓷粉 / 陶瓷
GC-876490,Initial IQ SQIN powder-TO-B00ster(10g),GC / 台灣而至,fixed-restorative,ceramic-material,material,approved_rule,legacy_category_rule,,unmatched,false,,材料,材料,瓷粉 / 陶瓷
GC-876495,Initial IQ SQIN Form&Texture Liquid(50ml),GC / 台灣而至,fixed-restorative,ceramic-material,material,approved_rule,legacy_category_rule,,unmatched,false,,材料,材料,瓷粉 / 陶瓷
GC-877010,lnitial Zr-FS Basic Set,GC / 台灣而至,fixed-restorative,ceramic-material,material,approved_rule,legacy_category_rule,,unmatched,false,,材料,材料,瓷粉 / 陶瓷
GC-877011,lnitial Zr-FS Advanced Set,GC / 台灣而至,fixed-restorative,ceramic-material,material,approved_rule,legacy_category_rule,,unmatched,false,,材料,材料,瓷粉 / 陶瓷
GC-877020,MC Shade Guide Basic Set,GC / 台灣而至,color-characterization,shade-guide,durable_tool,approved_rule,legacy_category_rule,,unmatched,false,,工具,輔助工具,比色板
GC-877021,MC Shade Guide Basic Pls Set,GC / 台灣而至,color-characterization,shade-guide,durable_tool,approved_rule,legacy_category_rule,,unmatched,false,,工具,輔助工具,比色板
GC-877022,MC Shade Guide Advanced Set,GC / 台灣而至,color-characterization,shade-guide,durable_tool,approved_rule,legacy_category_rule,,unmatched,false,,工具,輔助工具,比色板
GC-877030,MC/LF Connector Paste 6g 耐火模用鍵結膏,GC / 台灣而至,fixed-restorative,ceramic-material,material,approved_rule,legacy_category_rule,,unmatched,false,,材料,材料,瓷粉 / 陶瓷
GC-877031,MC Shade Guide Gum Set 比色板,GC / 台灣而至,color-characterization,shade-guide,durable_tool,approved_rule,legacy_category_rule,,unmatched,false,,工具,輔助工具,比色板
GC-877050,IN-Metalbond,GC / 台灣而至,fixed-restorative,ceramic-material,material,approved_rule,legacy_category_rule,,unmatched,false,,材料,材料,瓷粉 / 陶瓷
GC-877051,"IQ LP NF, brush OO",GC / 台灣而至,fixed-restorative,ceramic-material,material,approved_rule,legacy_category_rule,,unmatched,false,,材料,材料,瓷粉 / 陶瓷
GC-877052,"IQ LP NF, brush #2",GC / 台灣而至,fixed-restorative,ceramic-material,material,approved_rule,legacy_category_rule,,unmatched,false,,材料,材料,瓷粉 / 陶瓷
GC-877064,"IQ LP ONE,L-9 瓷牙染膏4g",GC / 台灣而至,fixed-restorative,ceramic-material,material,approved_rule,legacy_category_rule,,unmatched,false,,材料,材料,瓷粉 / 陶瓷
GC-877071,Initial MC Gum shades set paste paque,GC / 台灣而至,color-characterization,shade-guide,durable_tool,approved_rule,legacy_category_rule,,unmatched,false,,工具,輔助工具,比色板
GC-877072,lnitial Zr-Fs  Gum shades set,GC / 台灣而至,color-characterization,shade-guide,durable_tool,approved_rule,legacy_category_rule,,unmatched,false,,工具,輔助工具,比色板
GC-877078,"IQ LP NF, Lustre Pastes Set",GC / 台灣而至,fixed-restorative,ceramic-material,material,approved_rule,legacy_category_rule,,unmatched,false,,材料,材料,瓷粉 / 陶瓷
GC-877086,Initial LiSi Basic Set,GC / 台灣而至,fixed-restorative,ceramic-material,material,approved_rule,legacy_category_rule,,unmatched,false,,材料,材料,瓷粉 / 陶瓷
GC-877087,Initial LiSi Advancde Set,GC / 台灣而至,fixed-restorative,ceramic-material,material,approved_rule,legacy_category_rule,,unmatched,false,,材料,材料,瓷粉 / 陶瓷
GC-877088,"Initial IQ One Body  Concept,LP NF",GC / 台灣而至,fixed-restorative,ceramic-material,material,approved_rule,legacy_category_rule,,unmatched,false,,材料,材料,瓷粉 / 陶瓷
GC-877094,Initial Spectrum Stain Set,GC / 台灣而至,color-characterization,external-stain,material,approved_rule,legacy_category_rule,,unmatched,false,,藥液,染液色料,染液 - 外染
GC-877096,Initial IQ Lustre Paste ONE V-shades(88g),GC / 台灣而至,fixed-restorative,ceramic-material,material,approved_rule,legacy_category_rule,,unmatched,false,,材料,材料,瓷粉 / 陶瓷
GC-877097,Initial IQ SQIN Shade Set,GC / 台灣而至,fixed-restorative,ceramic-material,material,approved_rule,legacy_category_rule,,unmatched,false,,材料,材料,瓷粉 / 陶瓷
GC-890222,Fuji Rock EP Golden Brown金棕色/5Kg,GC / 台灣而至,lab-production,investment-gypsum,material,approved_rule,researched_sku_rule,,unmatched,false,,工具,輔助工具,牙科器材
GC-890366,Fuji Rock EP Golden White/4Kg,GC / 台灣而至,lab-production,investment-gypsum,material,approved_rule,researched_sku_rule,,unmatched,false,,工具,輔助工具,牙科器材
GC-901424,GC Lisi  包埋砂(100g/60包),GC / 台灣而至,lab-production,investment-gypsum,material,approved_rule,legacy_category_rule,,unmatched,false,,材料,材料,包埋 / 石膏
GC-901425,GC Lisi  包埋砂專用液(900ml),GC / 台灣而至,lab-production,investment-gypsum,material,approved_rule,legacy_category_rule,,unmatched,false,,材料,材料,包埋 / 石膏
GC-901426,GC Lisi PressVest SR LQ 100ml,GC / 台灣而至,fixed-restorative,ceramic-material,material,approved_rule,legacy_category_rule,,unmatched,false,,材料,材料,瓷粉 / 陶瓷
GEN-01,MillFix Milling Machine,GenCore,digital-manufacturing,milling-machine,equipment,approved_rule,legacy_category_rule,,unmatched,false,,設備,設備,車機 / 研磨機
GEN-02,MAI Milling Machine,GenCore,digital-manufacturing,milling-machine,equipment,approved_rule,legacy_category_rule,,unmatched,false,,設備,設備,車機 / 研磨機
GEN-03,Hyperdent Compact/Implant module,GenCore,software-digital-service,design-software,software_license,approved_rule,legacy_category_rule,,unmatched,false,,軟體,軟體,設計軟體
GEN-04,MAU車機冷卻油,GenCore,digital-manufacturing,milling-machine,equipment,approved_rule,legacy_category_rule,,unmatched,false,,設備,設備,車機 / 研磨機
GEN-10-14T,鈦盤98 14T,GenCore,digital-manufacturing,milling-accessory,accessory,approved_rule,legacy_category_rule,,unmatched,false,,配件,耗材,車機配件
GEN-10-20T,鈦盤98 120T,GenCore,digital-manufacturing,milling-accessory,accessory,approved_rule,legacy_category_rule,,unmatched,false,,配件,耗材,車機配件
GEN-T01-2.0B,ZR 車針2.0B (濕式),GenCore,lab-production,bur-drill,consumable,approved_rule,legacy_category_rule,GEN-BUR,exact_unique,false,,耗材,耗材,車針 / 鑽針
GEN-T02-1.0B,ZR 車針1.0B (濕式),GenCore,lab-production,bur-drill,consumable,approved_rule,legacy_category_rule,GEN-BUR,exact_unique,false,,耗材,耗材,車針 / 鑽針
GEN-T03-0.6B,ZR 車針0.6B (濕式),GenCore,lab-production,bur-drill,consumable,approved_rule,legacy_category_rule,GEN-BUR,exact_unique,false,,耗材,耗材,車針 / 鑽針
GEN-T04-0.3B,ZR 車針0.3B (濕式),GenCore,lab-production,bur-drill,consumable,approved_rule,legacy_category_rule,GEN-BUR,exact_unique,false,,耗材,耗材,車針 / 鑽針
GEN-T08-G0.6B,MAI車針 T8-0.6B,GenCore,lab-production,bur-drill,consumable,approved_rule,legacy_category_rule,GEN-BUR,exact_unique,false,,耗材,耗材,車針 / 鑽針
GEN-T09-3.0B,MAI 金屬車針 3.0B,GenCore,lab-production,bur-drill,consumable,approved_rule,legacy_category_rule,GEN-BUR,exact_unique,false,,耗材,耗材,車針 / 鑽針
GEN-T10-2.0B,MAI 金屬車針 2.0B,GenCore,lab-production,bur-drill,consumable,approved_rule,legacy_category_rule,GEN-BUR,exact_unique,false,,耗材,耗材,車針 / 鑽針
GEN-T11-1.5B,MAI 金屬車針 1.5B,GenCore,lab-production,bur-drill,consumable,approved_rule,legacy_category_rule,GEN-BUR,exact_unique,false,,耗材,耗材,車針 / 鑽針
GEN-T12-1.0B,MAI 金屬車針 1.0B,GenCore,lab-production,bur-drill,consumable,approved_rule,legacy_category_rule,GEN-BUR,exact_unique,false,,耗材,耗材,車針 / 鑽針
GEN-T13-0.6B,MAI 金屬車針 0.6B,GenCore,lab-production,bur-drill,consumable,approved_rule,legacy_category_rule,GEN-BUR,exact_unique,false,,耗材,耗材,車針 / 鑽針
GEN-T14-2.0BL,MAI 金屬車針 2.0BL,GenCore,lab-production,bur-drill,consumable,approved_rule,legacy_category_rule,GEN-BUR,exact_unique,false,,耗材,耗材,車針 / 鑽針
GEN-T15-1.5RL,MAI 金屬車針 1.5RL,GenCore,lab-production,bur-drill,consumable,approved_rule,legacy_category_rule,GEN-BUR,exact_unique,false,,耗材,耗材,車針 / 鑽針
GEN-T16-1.5FL,MAI 金屬車針 1.5FL,GenCore,lab-production,bur-drill,consumable,approved_rule,legacy_category_rule,GEN-BUR,exact_unique,false,,耗材,耗材,車針 / 鑽針
GEN-T17-1.5F,MAI 金屬車針 1.5F,GenCore,lab-production,bur-drill,consumable,approved_rule,legacy_category_rule,GEN-BUR,exact_unique,false,,耗材,耗材,車針 / 鑽針
GEN-T18-1.5R,MAI 金屬車針 1.5R,GenCore,lab-production,bur-drill,consumable,approved_rule,legacy_category_rule,GEN-BUR,exact_unique,false,,耗材,耗材,車針 / 鑽針
GEN-T19-1.0F,MAI 金屬車針 1.0F,GenCore,lab-production,bur-drill,consumable,approved_rule,legacy_category_rule,GEN-BUR,exact_unique,false,,耗材,耗材,車針 / 鑽針
GEN-T20-0.5F,MAI 金屬車針 0.5F,GenCore,lab-production,bur-drill,consumable,approved_rule,legacy_category_rule,GEN-BUR,exact_unique,false,,耗材,耗材,車針 / 鑽針
GEN-T23-1.5T,MAI T型車針 1.5T,GenCore,lab-production,bur-drill,consumable,approved_rule,legacy_category_rule,GEN-BUR,exact_unique,false,,耗材,耗材,車針 / 鑽針
GEN-T24-2.0T,MAI T型車針 2.0T,GenCore,lab-production,bur-drill,consumable,approved_rule,legacy_category_rule,GEN-BUR,exact_unique,false,,耗材,耗材,車針 / 鑽針
GEN-T25-2.0TH,MAI 螺牙車針 2.0TH,GenCore,lab-production,bur-drill,consumable,approved_rule,legacy_category_rule,GEN-BUR,exact_unique,false,,耗材,耗材,車針 / 鑽針
GEN-T26-1.8TH,MAI 螺牙車針 1.8TH,GenCore,lab-production,bur-drill,consumable,approved_rule,legacy_category_rule,GEN-BUR,exact_unique,false,,耗材,耗材,車針 / 鑽針
GEN-T27-1.6TH,MAI 螺牙車針 1.6TH,GenCore,lab-production,bur-drill,consumable,approved_rule,legacy_category_rule,GEN-BUR,exact_unique,false,,耗材,耗材,車針 / 鑽針
GEN-T28-1.4TH,MAI 螺牙車針 1.4TH,GenCore,lab-production,bur-drill,consumable,approved_rule,legacy_category_rule,GEN-BUR,exact_unique,false,,耗材,耗材,車針 / 鑽針
GEN-T28-A4.0C,ZR 校正車針A4.0 (濕式),GenCore,lab-production,bur-drill,consumable,approved_rule,legacy_category_rule,,unmatched,false,,耗材,耗材,車針 / 鑽針
GEN-T31-2.0,ZR 車針 2.0,GenCore,lab-production,bur-drill,consumable,approved_rule,legacy_category_rule,GEN-BUR,exact_unique,false,,耗材,耗材,車針 / 鑽針
GEN-T32-1.0,ZR 車針 1.0,GenCore,lab-production,bur-drill,consumable,approved_rule,legacy_category_rule,GEN-BUR,exact_unique,false,,耗材,耗材,車針 / 鑽針
GEN-T33-0.6,ZR 車針 0.6,GenCore,lab-production,bur-drill,consumable,approved_rule,legacy_category_rule,GEN-BUR,exact_unique,false,,耗材,耗材,車針 / 鑽針
GEN-T34-0.3,ZR 車針 0.3,GenCore,lab-production,bur-drill,consumable,approved_rule,legacy_category_rule,GEN-BUR,exact_unique,false,,耗材,耗材,車針 / 鑽針
GEN-T35-2.0,Hybird Ceramic 車針 2.0,GenCore,lab-production,bur-drill,consumable,approved_rule,legacy_category_rule,GEN-BUR,exact_unique,false,,耗材,耗材,車針 / 鑽針
GEN-T36-1.0,Hybird Ceramic 車針 1.0,GenCore,lab-production,bur-drill,consumable,approved_rule,legacy_category_rule,GEN-BUR,exact_unique,false,,耗材,耗材,車針 / 鑽針
GEN-T37-0.6,Hybird Ceramic 車針 0.6,GenCore,lab-production,bur-drill,consumable,approved_rule,legacy_category_rule,GEN-BUR,exact_unique,false,,耗材,耗材,車針 / 鑽針
GEN-T38-2.0,PMMA 車針 2.0,GenCore,lab-production,bur-drill,consumable,approved_rule,legacy_category_rule,GEN-BUR,exact_unique,false,,耗材,耗材,車針 / 鑽針
GEN-T39-1.0,PMMA 車針 1.0,GenCore,lab-production,bur-drill,consumable,approved_rule,legacy_category_rule,GEN-BUR,exact_unique,false,,耗材,耗材,車針 / 鑽針
GEN-T42-1.5FL,PMMA ZR 車針 1.5FL,GenCore,lab-production,bur-drill,consumable,approved_rule,legacy_category_rule,GEN-BUR,exact_unique,false,,耗材,耗材,車針 / 鑽針
GEN-T43-1.0F,PMMA ZR 車針 M1.0F,GenCore,lab-production,bur-drill,consumable,approved_rule,legacy_category_rule,GEN-BUR,exact_unique,false,,耗材,耗材,車針 / 鑽針
GEN-T44-1.5R,PMMA ZR 車針 1.5R,GenCore,lab-production,bur-drill,consumable,approved_rule,legacy_category_rule,GEN-BUR,exact_unique,false,,耗材,耗材,車針 / 鑽針
GEN-T45-1.5T,PMMA ZR 車針 1.5T,GenCore,lab-production,bur-drill,consumable,approved_rule,legacy_category_rule,GEN-BUR,exact_unique,false,,耗材,耗材,車針 / 鑽針
GEN-T5-G2.5R,MAI車針 T5-G2.5R,GenCore,lab-production,bur-drill,consumable,approved_rule,legacy_category_rule,GEN-BUR,exact_unique,false,,耗材,耗材,車針 / 鑽針
GEN-T6-G2.5R,MAI車針 T6-G1.5B,GenCore,lab-production,bur-drill,consumable,approved_rule,legacy_category_rule,GEN-BUR,exact_unique,false,,耗材,耗材,車針 / 鑽針
GEN-T7-G1.0B,MAI車針 T7-G1.0B,GenCore,lab-production,bur-drill,consumable,approved_rule,legacy_category_rule,GEN-BUR,exact_unique,false,,耗材,耗材,車針 / 鑽針
HD-08,Sulfon Packing #M (100Pcs),HIGH DENTAL JAPAN,lab-production,abrasive-media,consumable,approved_rule,legacy_category_rule,,unmatched,false,,耗材,耗材,研磨砂 / 拋光砂
HD-09,Aluminium Plate #M (100Pcs),HIGH DENTAL JAPAN,lab-production,abrasive-media,consumable,approved_rule,legacy_category_rule,,unmatched,false,,耗材,耗材,研磨砂 / 拋光砂
HD-10-1,Sulfon Pat 菜瓜布輪 (Soft)/50Pcs,HIGH DENTAL JAPAN,lab-production,grinding-tool,consumable,approved_rule,legacy_category_rule,,unmatched,false,,耗材,耗材,磨石 / 研磨工具
HD-10-2,Sulfon Pat 菜瓜布輪 (Hard)/50Pcs,HIGH DENTAL JAPAN,lab-production,grinding-tool,consumable,approved_rule,legacy_category_rule,,unmatched,false,,耗材,耗材,磨石 / 研磨工具
HD-16,Hi-Break 石膏溶解液/2L,HIGH DENTAL JAPAN,lab-production,investment-gypsum,material,approved_rule,legacy_category_rule,,unmatched,false,,材料,材料,包埋 / 石膏
HD-17-1,Sprue Wax 3.0mm (200g),HIGH DENTAL JAPAN,lab-production,wax-pressing-material,material,approved_rule,legacy_category_rule,HD-17,exact_unique,false,,耗材,材料,蠟 / 壓鑄材
HD-17-2,Sprue Wax 4.0mm (200g),HIGH DENTAL JAPAN,lab-production,wax-pressing-material,material,approved_rule,legacy_category_rule,HD-17,exact_unique,false,,耗材,材料,蠟 / 壓鑄材
HD-17-3,Sprue Wax 5.5mm (200g),HIGH DENTAL JAPAN,lab-production,wax-pressing-material,material,approved_rule,legacy_category_rule,HD-17,exact_unique,false,,耗材,材料,蠟 / 壓鑄材
HD-17-4,Sprue Wax 7.5mm (200g),HIGH DENTAL JAPAN,lab-production,wax-pressing-material,material,approved_rule,legacy_category_rule,HD-17,exact_unique,false,,耗材,材料,蠟 / 壓鑄材
HD-25-01,Pattern Former Wax 軟(紫色)/55g,HIGH DENTAL JAPAN,lab-production,wax-pressing-material,material,approved_rule,legacy_category_rule,HD-25,exact_unique,false,,耗材,材料,蠟 / 壓鑄材
HD-25-02,Pattern Former Wax 超硬(綠色)/55g,HIGH DENTAL JAPAN,lab-production,wax-pressing-material,material,approved_rule,legacy_category_rule,HD-25,exact_unique,false,,耗材,材料,蠟 / 壓鑄材
HD-25-03,Pattern Former Wax 硬(藍色)/55g,HIGH DENTAL JAPAN,lab-production,wax-pressing-material,material,approved_rule,legacy_category_rule,HD-25,exact_unique,false,,耗材,材料,蠟 / 壓鑄材
HD-25-04,Pattern Former Wax 超軟(白色)/55g,HIGH DENTAL JAPAN,lab-production,wax-pressing-material,material,approved_rule,legacy_category_rule,HD-25,exact_unique,false,,耗材,材料,蠟 / 壓鑄材
HD-26,RUTSUBO-COAT 坩堝強化劑(250ml),HIGH DENTAL JAPAN,lab-production,process-liquid,consumable,approved_rule,researched_sku_rule,,unmatched,false,,配件,耗材,設備配件
HD-27-1,Bio-Plast Resin #30-1 (#2 Light Pink),HIGH DENTAL JAPAN,lab-production,abrasive-media,consumable,approved_rule,legacy_category_rule,,unmatched,false,,耗材,耗材,研磨砂 / 拋光砂
HD-27-2,Bio-Plast Resin #30-2 (深粉紅色),HIGH DENTAL JAPAN,lab-production,abrasive-media,consumable,approved_rule,legacy_category_rule,,unmatched,false,,耗材,耗材,研磨砂 / 拋光砂
HD-27-3,Bio-Plast Resin #33(#3 Pink),HIGH DENTAL JAPAN,lab-production,abrasive-media,consumable,approved_rule,legacy_category_rule,,unmatched,false,,耗材,耗材,研磨砂 / 拋光砂
HD-31-3,Bio Tone (7a Real Pink),HIGH DENTAL JAPAN,lab-production,abrasive-media,consumable,approved_rule,legacy_category_rule,,unmatched,false,,耗材,耗材,研磨砂 / 拋光砂
HD-31-4,Bio Tone (Clear),HIGH DENTAL JAPAN,lab-production,abrasive-media,consumable,approved_rule,legacy_category_rule,,unmatched,false,,耗材,耗材,研磨砂 / 拋光砂
HD-31-5,Bio Tone (#2 Light Pink),HIGH DENTAL JAPAN,lab-production,abrasive-media,consumable,approved_rule,legacy_category_rule,,unmatched,false,,耗材,耗材,研磨砂 / 拋光砂
HD-32,Super Primer 修補劑 (30ml),HIGH DENTAL JAPAN,lab-production,abrasive-media,consumable,approved_rule,legacy_category_rule,,unmatched,false,,耗材,耗材,研磨砂 / 拋光砂
HD-33,Relining Preprimer 結合劑 (15ml),HIGH DENTAL JAPAN,lab-production,abrasive-media,consumable,approved_rule,legacy_category_rule,,unmatched,false,,耗材,耗材,研磨砂 / 拋光砂
HD-34,Hight-Agar C 翻印材 /2.5Kg,HIGH DENTAL JAPAN,removable-prosthetics,impression-material,material,approved_rule,legacy_category_rule,,unmatched,false,,材料,材料,印模材料
KM-008,Pocket Filter 吸塵袋,KO-MAX,lab-production,filter-consumable,consumable,approved_rule,researched_sku_rule,,unmatched,false,,設備,耗材,清潔 / 吸塵
KM-009,Filter Bracket,KO-MAX,lab-production,filter-consumable,consumable,approved_rule,legacy_category_rule,,unmatched,false,,耗材,耗材,過濾耗材
KM-01-1,DIL-Pink,KO-MAX,lab-production,process-liquid,consumable,approved_rule,legacy_category_rule,,unmatched,false,,藥液,輔助工具,專用液 / 藥劑
KM-01-2,DIL-Fiber pink,KO-MAX,lab-production,process-liquid,consumable,approved_rule,legacy_category_rule,,unmatched,false,,藥液,輔助工具,專用液 / 藥劑
KM-010,ULPA Filter,KO-MAX,lab-production,filter-consumable,consumable,approved_rule,legacy_category_rule,,unmatched,false,,耗材,耗材,過濾耗材
KM-011,Carbon Filter,KO-MAX,lab-production,filter-consumable,consumable,approved_rule,legacy_category_rule,,unmatched,false,,耗材,耗材,過濾耗材
KM-012,Bottom Filter 方形過濾器,KO-MAX,lab-production,filter-consumable,consumable,approved_rule,legacy_category_rule,,unmatched,false,,耗材,耗材,過濾耗材
KM-013,Device operation PCB (C type),KO-MAX,lab-equipment,equipment-accessory,accessory,needs_review,researched_unresolved,,unmatched,true,ambiguous_legacy_category,配件,耗材,設備配件
KM-014,TouchPCB (C type),KO-MAX,lab-equipment,equipment-accessory,accessory,needs_review,researched_unresolved,,unmatched,true,ambiguous_legacy_category,配件,耗材,設備配件
KM-015,Caster with stopper 4wheel is 1set,KO-MAX,lab-equipment,equipment-accessory,spare_part,approved_rule,researched_sku_rule,,unmatched,false,,配件,耗材,設備配件
KM-016,Touchpanel,KO-MAX,lab-equipment,equipment-accessory,accessory,needs_review,researched_unresolved,,unmatched,true,ambiguous_legacy_category,配件,耗材,設備配件
KM-017,Suction motor,KO-MAX,lab-equipment,equipment-accessory,spare_part,approved_rule,researched_sku_rule,,unmatched,false,,配件,耗材,設備配件
KM-018,Handpiece,KO-MAX,lab-equipment,motor-accessory,accessory,approved_rule,legacy_category_rule,,unmatched,false,,配件,耗材,馬達配件
KM-019,腳踏板(6孔),KO-MAX,lab-equipment,motor-accessory,accessory,approved_rule,legacy_category_rule,,unmatched,false,,配件,耗材,馬達配件
KM-019-1,腳踏板(8孔),KO-MAX,lab-equipment,motor-accessory,accessory,approved_rule,legacy_category_rule,,unmatched,false,,配件,耗材,馬達配件
KM-019-2,腳踏板(4-PIN)桌上型專用,KO-MAX,lab-equipment,motor-accessory,accessory,approved_rule,legacy_category_rule,,unmatched,false,,配件,耗材,馬達配件
KM-020,Spigot,KO-MAX,lab-equipment,equipment-accessory,accessory,needs_review,researched_unresolved,,unmatched,true,ambiguous_legacy_category,配件,耗材,設備配件
KM-021,集塵箱絞鍊,KO-MAX,lab-equipment,equipment-accessory,accessory,needs_review,researched_unresolved,,unmatched,true,ambiguous_legacy_category,配件,耗材,設備配件
KM-022,集塵塑膠網,KO-MAX,lab-equipment,equipment-accessory,accessory,needs_review,researched_unresolved,,unmatched,true,ambiguous_legacy_category,配件,耗材,設備配件
KM-024,放大鏡5X,KO-MAX,lab-equipment,equipment-accessory,accessory,needs_review,researched_unresolved,,unmatched,true,ambiguous_legacy_category,配件,耗材,設備配件
KM-025,1.5M Connecting Tube,KO-MAX,lab-equipment,equipment-accessory,spare_part,approved_rule,researched_sku_rule,,unmatched,false,,配件,耗材,設備配件
KM-026,Mesh covwe,KO-MAX,lab-equipment,equipment-accessory,accessory,needs_review,researched_unresolved,,unmatched,true,ambiguous_legacy_category,配件,耗材,設備配件
KM-027-1,K3集塵箱玻璃,KO-MAX,lab-equipment,equipment-accessory,accessory,needs_review,researched_unresolved,,unmatched,true,ambiguous_legacy_category,配件,耗材,設備配件
KM-A100,Silence A100,KO-MAX,lab-equipment,cleaning-dust-control,equipment,approved_rule,researched_sku_rule,,unmatched,false,,配件,耗材,設備配件
KM-A200,Silence A200,KO-MAX,lab-equipment,cleaning-dust-control,equipment,approved_rule,researched_sku_rule,,unmatched,false,,配件,耗材,設備配件
KM-C-100-2F,Silence 桌上型集塵器,KO-MAX,lab-equipment,cleaning-dust-control,equipment,approved_rule,researched_sku_rule,,unmatched,false,,配件,耗材,設備配件
KM-C-100-G,Silence 桌上型集塵器,KO-MAX,lab-equipment,cleaning-dust-control,equipment,approved_rule,researched_sku_rule,,unmatched,false,,配件,耗材,設備配件
KM-C-100-H,Silence 桌上型集塵器,KO-MAX,lab-equipment,cleaning-dust-control,equipment,approved_rule,researched_sku_rule,,unmatched,false,,配件,耗材,設備配件
KM-GA10L,Grinding box 集塵箱(GA-10L),KO-MAX,lab-production,grinding-tool,consumable,approved_rule,legacy_category_rule,,unmatched,false,,耗材,耗材,磨石 / 研磨工具
KM-GL100,Grinding box 集塵箱,KO-MAX,lab-production,grinding-tool,consumable,approved_rule,legacy_category_rule,,unmatched,false,,耗材,耗材,磨石 / 研磨工具
KM-H100,Silence H100,KO-MAX,lab-equipment,cleaning-dust-control,equipment,approved_rule,researched_sku_rule,,unmatched,false,,配件,耗材,設備配件
KM-H200,Silence H200,KO-MAX,lab-equipment,cleaning-dust-control,equipment,approved_rule,researched_sku_rule,,unmatched,false,,配件,耗材,設備配件
KM-K3,Silence K3 + Grinding box,KO-MAX,lab-production,grinding-tool,consumable,approved_rule,legacy_category_rule,,unmatched,false,,耗材,耗材,磨石 / 研磨工具
KM-K3-N,Silence K3N 移動式吸塵器(無刷),KO-MAX,lab-equipment,cleaning-dust-control,equipment,approved_rule,researched_sku_rule,,unmatched,false,,設備,耗材,清潔 / 吸塵
KM-K4,Silence K4 + Grinding box,KO-MAX,lab-production,grinding-tool,consumable,approved_rule,legacy_category_rule,,unmatched,false,,耗材,耗材,磨石 / 研磨工具
KM-K4-N,Silence K4N 移動式吸塵器(無刷),KO-MAX,lab-equipment,cleaning-dust-control,equipment,approved_rule,researched_sku_rule,,unmatched,false,,設備,耗材,清潔 / 吸塵
KM-XCEL,XCEL Mobile Suction 吸塵器(車機用),KO-MAX,digital-manufacturing,milling-machine,equipment,approved_rule,legacy_category_rule,,unmatched,false,,設備,設備,車機 / 研磨機
KS-001,不發熱磨石(灰),KEYSTONE,lab-production,grinding-tool,consumable,approved_rule,legacy_category_rule,,unmatched,false,,耗材,耗材,磨石 / 研磨工具
KS-001-1,不發熱磨石(灰)NO.1,KEYSTONE,lab-production,grinding-tool,consumable,approved_rule,legacy_category_rule,,unmatched,false,,耗材,耗材,磨石 / 研磨工具
KS-002,不發熱磨石(白色),KEYSTONE,lab-production,grinding-tool,consumable,approved_rule,legacy_category_rule,,unmatched,false,,耗材,耗材,磨石 / 研磨工具
KS-011-1,Diamond D 聚合樹脂 (Original)(1LB),KEYSTONE,removable-prosthetics,resin-material,material,approved_rule,legacy_category_rule,,unmatched,false,,材料,材料,樹脂材料
KS-011-2,Diamond D 聚合樹脂 (Light)(1LB),KEYSTONE,removable-prosthetics,resin-material,material,approved_rule,legacy_category_rule,,unmatched,false,,材料,材料,樹脂材料
KS-011-3,Diamond D 聚合樹脂 (LR Pink)(1LB),KEYSTONE,removable-prosthetics,resin-material,material,approved_rule,legacy_category_rule,,unmatched,false,,材料,材料,樹脂材料
KS-011-4,Diamond D 聚合樹脂 (CHROMA ESS)(1LB),KEYSTONE,removable-prosthetics,resin-material,material,approved_rule,legacy_category_rule,,unmatched,false,,材料,材料,樹脂材料
KS-012-1,Diamond D 聚合樹脂專用液(一般),KEYSTONE,lab-production,process-liquid,consumable,approved_rule,legacy_category_rule,,unmatched,false,,藥液,輔助工具,專用液 / 藥劑
KS-012-2,Diamond D 聚合樹脂專用液(快速),KEYSTONE,lab-production,process-liquid,consumable,approved_rule,legacy_category_rule,,unmatched,false,,藥液,輔助工具,專用液 / 藥劑
ME-001,Twin Tornado 兩階段洗淨機,MEDIFIVE,additive-manufacturing,post-processing,equipment,approved_rule,verified_sku_rule,,unmatched,false,,設備,耗材,清潔 / 吸塵
ME-001-1,兩階段洗淨機 洗淨槽,MEDIFIVE,additive-manufacturing,post-processing,spare_part,approved_rule,verified_sku_rule,,unmatched,false,,設備,耗材,清潔 / 吸塵
ME-001-2,Twin Tornado 兩階段洗淨機洗淨槽底座,MEDIFIVE,additive-manufacturing,post-processing,spare_part,approved_rule,verified_sku_rule,,unmatched,false,,設備,耗材,清潔 / 吸塵
ME-001-3,兩階段洗淨機 螺旋葉片,MEDIFIVE,additive-manufacturing,post-processing,spare_part,approved_rule,verified_sku_rule,,unmatched,false,,設備,耗材,清潔 / 吸塵
ME-002,Twin Cure 光固化機,MEDIFIVE,additive-manufacturing,post-processing,equipment,approved_rule,verified_sku_rule,,unmatched,false,,設備,設備,光固化機
ME-003,Castable Resin Blue,MEDIFIVE,additive-manufacturing,print-resin,material,approved_rule,verified_sku_rule,,unmatched,false,,設備,耗材,清潔 / 吸塵
ME-004,MEDIFIVE Printing Resin Dental Model (Beige),MEDIFIVE,additive-manufacturing,print-resin,material,approved_rule,verified_sku_rule,,unmatched,false,,設備,耗材,清潔 / 吸塵
ME-005,Tornado XL 洗淨機,MEDIFIVE,additive-manufacturing,post-processing,equipment,approved_rule,verified_sku_rule,,unmatched,false,,配件,耗材,設備配件
MO-20/0.15,MOTYL 切片 20*0.15mm  (10ps),MOTYL,lab-production,cutting-disc,consumable,approved_rule,legacy_category_rule,,unmatched,false,,耗材,耗材,切片 / 鋸片
MO-20/0.2,MOTYL 切片 20*0.2mm(10ps),MOTYL,lab-production,cutting-disc,consumable,approved_rule,legacy_category_rule,,unmatched,false,,耗材,耗材,切片 / 鋸片
MO-20/0.2+,MOTYL 切片 20*0.25mm(10ps),MOTYL,lab-production,cutting-disc,consumable,approved_rule,legacy_category_rule,,unmatched,false,,耗材,耗材,切片 / 鋸片
MO-20/0.3,MOTYL 切片 20*0.3mm (10ps),MOTYL,lab-production,cutting-disc,consumable,approved_rule,legacy_category_rule,,unmatched,false,,耗材,耗材,切片 / 鋸片
MO-20/0.8,MOTYL  切片 20*0.8mm (1ps),MOTYL,lab-production,cutting-disc,consumable,approved_rule,legacy_category_rule,,unmatched,false,,耗材,耗材,切片 / 鋸片
MO-25/0.2+,MOTYL  切片 25*0.2+mm (10ps),MOTYL,lab-production,cutting-disc,consumable,approved_rule,legacy_category_rule,,unmatched,false,,耗材,耗材,切片 / 鋸片
MO-25/0.3,MOTYL  切片 25*0.3mm (10ps),MOTYL,lab-production,cutting-disc,consumable,approved_rule,legacy_category_rule,,unmatched,false,,耗材,耗材,切片 / 鋸片
MO-26/0.3,MOTYL 切片 26*0.3mm(20ps),MOTYL,lab-production,cutting-disc,consumable,approved_rule,legacy_category_rule,,unmatched,false,,耗材,耗材,切片 / 鋸片
MO-26/0.4,MOTYL 切片 26*0.4mm(20ps),MOTYL,lab-production,cutting-disc,consumable,approved_rule,legacy_category_rule,,unmatched,false,,耗材,耗材,切片 / 鋸片
MO-26/0.4 Ti,MOTYL 切片 26*0.4mm Ti (20ps),MOTYL,lab-production,cutting-disc,consumable,approved_rule,legacy_category_rule,,unmatched,false,,耗材,耗材,切片 / 鋸片
MO-26/0.5,MOTYL 切片 26*0.5mm(20ps),MOTYL,lab-production,cutting-disc,consumable,approved_rule,legacy_category_rule,,unmatched,false,,耗材,耗材,切片 / 鋸片
MO-26/0.6 Ti,MOTYL 切片 26*0.6mm Ti(20ps),MOTYL,lab-production,cutting-disc,consumable,approved_rule,legacy_category_rule,,unmatched,false,,耗材,耗材,切片 / 鋸片
MO-40/0.4,MOTYL 切片 40*0.4mm (20ps),MOTYL,lab-production,cutting-disc,consumable,approved_rule,legacy_category_rule,,unmatched,false,,耗材,耗材,切片 / 鋸片
MO-40/0.5,MOTYL 切片 40*0.5mm (20ps),MOTYL,lab-production,cutting-disc,consumable,approved_rule,legacy_category_rule,,unmatched,false,,耗材,耗材,切片 / 鋸片
MO-40/0.6 Ti,MOTYL 切片 40*0.6mm Ti(20ps),MOTYL,lab-production,cutting-disc,consumable,approved_rule,legacy_category_rule,,unmatched,false,,耗材,耗材,切片 / 鋸片
MPF-006,瓷筆#6,MPF,color-characterization,ceramic-brush,durable_tool,approved_rule,legacy_category_rule,,unmatched,false,,工具,輔助工具,瓷筆 / 刷具
MPF-104-4000,lnstrument Bench Stand筆架,MPF,lab-equipment,equipment-accessory,accessory,approved_rule,researched_sku_rule,,unmatched,false,,工具,設備,技工桌
MPF-700-0000,Hybrid Plus 4in 1 Brush Kit,MPF,color-characterization,ceramic-brush,durable_tool,approved_rule,researched_sku_rule,,unmatched,false,,工具,其他,套裝組
MPF-700-0002,Hybrid Plus Brush #2,MPF,color-characterization,ceramic-brush,durable_tool,approved_rule,legacy_category_rule,MPF-700,exact_unique,false,,工具,輔助工具,瓷筆 / 刷具
MPF-700-0004,Hybrid Plus Brush #4,MPF,color-characterization,ceramic-brush,durable_tool,approved_rule,legacy_category_rule,MPF-700,exact_unique,false,,工具,輔助工具,瓷筆 / 刷具
MPF-700-0006,Hybrid Plus Brush #6,MPF,color-characterization,ceramic-brush,durable_tool,approved_rule,legacy_category_rule,MPF-700,exact_unique,false,,工具,輔助工具,瓷筆 / 刷具
MPF-700-0008,Hybrid Plus Brush #8,MPF,color-characterization,ceramic-brush,durable_tool,approved_rule,legacy_category_rule,MPF-700,exact_unique,false,,工具,輔助工具,瓷筆 / 刷具
MPF-700-0009,Hybrid Plus Brush #Stain,MPF,color-characterization,ceramic-brush,durable_tool,approved_rule,legacy_category_rule,MPF-700,exact_unique,false,,工具,輔助工具,瓷筆 / 刷具
MT-020080,Mestra 煮模盒(圓型),MESTRA,lab-production,flasking-pressing-tool,durable_tool,approved_rule,researched_sku_rule,,unmatched,false,,工具,設備,煮模 / 壓模工具
MT-030350,Mastra 油壓機,MESTRA,lab-production,flasking-pressing-tool,equipment,approved_rule,researched_sku_rule,,unmatched,false,,工具,設備,煮模 / 壓模工具
MT-030370,Mastra 手動式壓模機 (3個),MESTRA,lab-production,flasking-pressing-tool,equipment,approved_rule,researched_sku_rule,,unmatched,false,,工具,設備,煮模 / 壓模工具
MT-030410,煮模盒固定架(3個),MESTRA,lab-production,flasking-pressing-tool,durable_tool,approved_rule,researched_sku_rule,,unmatched,false,,工具,設備,煮模 / 壓模工具
MT-030420,Mastra 壓力鍋,MESTRA,lab-production,flasking-pressing-tool,equipment,approved_rule,researched_sku_rule,,unmatched,false,,工具,設備,煮模 / 壓模工具
MT-030420-04,壓力鍋 注氣嘴,MESTRA,lab-equipment,equipment-accessory,spare_part,approved_rule,researched_sku_rule,,unmatched,false,,工具,設備,煮模 / 壓模工具
MT-030420-05,壓力鍋 ORING,MESTRA,lab-equipment,equipment-accessory,spare_part,approved_rule,researched_sku_rule,,unmatched,false,,工具,設備,煮模 / 壓模工具
MT-050050,瓦斯燈,MESTRA,clinical-tools,general-tool,durable_tool,approved_rule,researched_sku_rule,,unmatched,false,,工具,設備,煮模 / 壓模工具
MT-050221,O50221 噴砂機 風槍,MESTRA,lab-equipment,equipment-accessory,accessory,approved_rule,researched_sku_rule,,unmatched,false,,工具,設備,煮模 / 壓模工具
MT-050345,固定夾具,MESTRA,lab-equipment,equipment-accessory,accessory,approved_rule,researched_sku_rule,,unmatched,false,,工具,設備,煮模 / 壓模工具
MT-080068,去蠟機,MESTRA,lab-equipment,wax-equipment,equipment,approved_rule,researched_sku_rule,,unmatched,false,,工具,設備,煮模 / 壓模工具
MT-080080-03,石膏磨片(RH3),MESTRA,lab-production,investment-gypsum,material,approved_rule,legacy_category_rule,,unmatched,false,,材料,材料,包埋 / 石膏
MT-080082B,Model Trimmer RH3 石膏研磨機,MESTRA,lab-production,investment-gypsum,material,approved_rule,legacy_category_rule,,unmatched,false,,材料,材料,包埋 / 石膏
MT-080093B,Model Trimmer 石膏研磨機(方型),MESTRA,lab-production,investment-gypsum,material,approved_rule,legacy_category_rule,,unmatched,false,,材料,材料,包埋 / 石膏
MT-080160-03,Mastra 慢速打亮馬達軸心(右邊),MESTRA,lab-equipment,motor-handpiece,equipment,approved_rule,legacy_category_rule,,unmatched,false,,設備,設備,馬達 / 手機
MT-080162-06,080162-06 慢速馬達開關,MESTRA,lab-equipment,motor-handpiece,equipment,approved_rule,legacy_category_rule,,unmatched,false,,設備,設備,馬達 / 手機
MT-080162B,Mastra 慢速打亮馬達,MESTRA,lab-equipment,motor-handpiece,equipment,approved_rule,legacy_category_rule,,unmatched,false,,設備,設備,馬達 / 手機
MT-080164-06,慢速馬達旋鈕,MESTRA,lab-equipment,motor-handpiece,equipment,approved_rule,legacy_category_rule,,unmatched,false,,設備,設備,馬達 / 手機
MT-080175,Mastra 慢速打亮馬達軸心(左邊),MESTRA,lab-equipment,motor-handpiece,equipment,approved_rule,legacy_category_rule,,unmatched,false,,設備,設備,馬達 / 手機
MT-080240-12,080240-12 噴砂機 噴頭 1MM,MESTRA,lab-equipment,equipment-accessory,accessory,approved_rule,researched_sku_rule,,unmatched,false,,工具,設備,煮模 / 壓模工具
MT-080240-13,080240-13 噴砂機 噴頭 1.25MM,MESTRA,lab-equipment,equipment-accessory,accessory,approved_rule,researched_sku_rule,,unmatched,false,,工具,設備,煮模 / 壓模工具
MT-080259B,Mastra 兩用筆式噴砂機,MESTRA,lab-equipment,other-equipment,equipment,approved_rule,researched_sku_rule,,unmatched,false,,工具,設備,煮模 / 壓模工具
MT-080262-40,噴砂機噴筆(紅),MESTRA,lab-equipment,equipment-accessory,accessory,approved_rule,researched_sku_rule,,unmatched,false,,工具,設備,煮模 / 壓模工具
MT-080262-41,噴砂機噴筆(藍),MESTRA,lab-equipment,equipment-accessory,accessory,approved_rule,researched_sku_rule,,unmatched,false,,工具,設備,煮模 / 壓模工具
MT-080400,M-9 POLYMERIZER FOR FLASKS 聚合機,MESTRA,lab-production,flasking-pressing-tool,equipment,approved_rule,researched_sku_rule,,unmatched,false,,工具,設備,煮模 / 壓模工具
MT-080402,M-18 POLYMERIZER FOR FLASKS 聚合機,MESTRA,lab-production,flasking-pressing-tool,equipment,approved_rule,researched_sku_rule,,unmatched,false,,工具,設備,煮模 / 壓模工具
MT-080508B,Mastra 慢速馬達(防塵罩),MESTRA,lab-equipment,motor-handpiece,equipment,approved_rule,legacy_category_rule,,unmatched,false,,設備,設備,馬達 / 手機
MT-080515,Mestra 手動攪拌機,MESTRA,lab-equipment,other-equipment,equipment,approved_rule,researched_sku_rule,,unmatched,false,,工具,設備,煮模 / 壓模工具
MT-080519,真空包埋機腳架,MESTRA,lab-production,investment-gypsum,material,approved_rule,legacy_category_rule,,unmatched,false,,材料,材料,包埋 / 石膏
MT-080532,Mastra 強力吸塵器,MESTRA,lab-equipment,cleaning-dust-control,equipment,approved_rule,researched_sku_rule,,unmatched,false,,設備,耗材,清潔 / 吸塵
MT-080591B,Mestra 自動粉水計量機,MESTRA,lab-production,flasking-pressing-tool,durable_tool,needs_review,researched_unresolved,,unmatched,true,ambiguous_legacy_category|equipment_axis_conflict,工具,設備,煮模 / 壓模工具
MT-080602,Mastra 防塵箱,MESTRA,lab-equipment,cleaning-dust-control,equipment,approved_rule,researched_sku_rule,,unmatched,false,,工具,設備,煮模 / 壓模工具
OS-01,Mini Saw Blades 鋸片(.068x.010x18.5x96mm),Olson Saw,lab-production,cutting-disc,consumable,approved_rule,legacy_category_rule,,unmatched,false,,耗材,耗材,切片 / 鋸片
PC-01,Pcrcelain 研磨輪(粗),PACIFIC ABRASIVES,lab-production,grinding-tool,consumable,approved_rule,legacy_category_rule,,unmatched,false,,耗材,耗材,磨石 / 研磨工具
PC-02,Pcrcelain 研磨輪(細),PACIFIC ABRASIVES,lab-production,grinding-tool,consumable,approved_rule,legacy_category_rule,,unmatched,false,,耗材,耗材,磨石 / 研磨工具
PD-01,Prodont超薄切片 0.24mm (100pcs),PRODENT-HOLLIGER,lab-production,bur-drill,consumable,approved_rule,legacy_category_rule,,unmatched,false,,耗材,耗材,車針 / 鑽針
PD-02,Prodont超薄切片 0.26mm (100pcs),PRODENT-HOLLIGER,lab-production,bur-drill,consumable,approved_rule,legacy_category_rule,,unmatched,false,,耗材,耗材,車針 / 鑽針
PD-03,Prodont快速切片 (100pcs),PRODENT-HOLLIGER,lab-production,bur-drill,consumable,approved_rule,legacy_category_rule,,unmatched,false,,耗材,耗材,車針 / 鑽針
PM-01,Meditray 光照腊(50片),PROMEDLCA,lab-production,wax-pressing-material,material,approved_rule,legacy_category_rule,,unmatched,false,,材料,材料,蠟 / 壓鑄材
PM-02,Actilink Reborn 電漿機,PROMEDLCA,clinical-tools,implant-surface-treatment-equipment,equipment,approved_rule,verified_sku_rule,,unmatched,false,,設備,設備,光固化機
RD-10,R-One+ Milling Machine,Redon,digital-manufacturing,milling-machine,equipment,approved_rule,legacy_category_rule,,unmatched,false,,設備,設備,車機 / 研磨機
RD-10-1,Medetika Premill Holder,Redon,digital-manufacturing,milling-accessory,accessory,approved_rule,legacy_category_rule,,unmatched,false,,配件,耗材,車機配件
RD-111,Calib Block 校正塊,Redon,lab-equipment,equipment-accessory,accessory,needs_review,researched_unresolved,,unmatched,true,ambiguous_legacy_category,配件,耗材,設備配件
RD-Glass-T11,Milling Bur Glass T11,Redon,lab-production,bur-drill,consumable,approved_rule,legacy_category_rule,,unmatched,false,,耗材,耗材,車針 / 鑽針
RD-Glass-T13,Milling Bur Glass T13,Redon,lab-production,bur-drill,consumable,approved_rule,legacy_category_rule,,unmatched,false,,耗材,耗材,車針 / 鑽針
RD-Glass-T14,Milling Bur Glass T14,Redon,lab-production,bur-drill,consumable,approved_rule,legacy_category_rule,,unmatched,false,,耗材,耗材,車針 / 鑽針
RD-Glass-T16,Milling Bur Glass T16,Redon,lab-production,bur-drill,consumable,approved_rule,legacy_category_rule,,unmatched,false,,耗材,耗材,車針 / 鑽針
RD-Ti-T22,Milling Bur Ti T22,Redon,lab-production,bur-drill,consumable,approved_rule,legacy_category_rule,,unmatched,false,,耗材,耗材,車針 / 鑽針
RD-Ti-T24,Milling Bur Ti T24,Redon,lab-production,bur-drill,consumable,approved_rule,legacy_category_rule,,unmatched,false,,耗材,耗材,車針 / 鑽針
RD-Ti-T29,Milling Bur Ti T29,Redon,lab-production,bur-drill,consumable,approved_rule,legacy_category_rule,,unmatched,false,,耗材,耗材,車針 / 鑽針
RD-WAX-T4,Milling Bur WAX T4,Redon,lab-production,bur-drill,consumable,approved_rule,legacy_category_rule,,unmatched,false,,耗材,耗材,車針 / 鑽針
RD-WAX-T5,Milling Bur WAX T5,Redon,lab-production,bur-drill,consumable,approved_rule,legacy_category_rule,,unmatched,false,,耗材,耗材,車針 / 鑽針
RD-ZR-T1,Milling Bur ZR T1,Redon,lab-production,bur-drill,consumable,approved_rule,legacy_category_rule,,unmatched,false,,耗材,耗材,車針 / 鑽針
RD-ZR-T2,Milling Bur ZR T2,Redon,lab-production,bur-drill,consumable,approved_rule,legacy_category_rule,,unmatched,false,,耗材,耗材,車針 / 鑽針
RD-ZR-T3,Milling Bur ZR T3,Redon,lab-production,bur-drill,consumable,approved_rule,legacy_category_rule,,unmatched,false,,耗材,耗材,車針 / 鑽針
SA-001,MAT-300W 高速噴水馬達,SAEYANG,lab-equipment,motor-handpiece,equipment,approved_rule,legacy_category_rule,,unmatched,false,,設備,設備,馬達 / 手機
SA-002,K48PRO-BS35 攜帶型馬達,SAEYANG,lab-equipment,motor-handpiece,equipment,approved_rule,legacy_category_rule,,unmatched,false,,設備,設備,馬達 / 手機
SA-003,MAT-300A AIR 高速馬達,SAEYANG,lab-equipment,motor-handpiece,equipment,approved_rule,legacy_category_rule,,unmatched,false,,設備,設備,馬達 / 手機
SD-01,Maga Tray Blue 2mm(50片),Select Dental,removable-prosthetics,impression-material,material,approved_rule,legacy_category_rule,,unmatched,false,,材料,材料,印模材料
SD-02,光照蠟 2mm(50片),Select Dental,removable-prosthetics,impression-material,material,approved_rule,legacy_category_rule,,unmatched,false,,材料,材料,印模材料
SD-03,Maga Tray Pink 1.4mm(50片),Select Dental,removable-prosthetics,impression-material,material,approved_rule,legacy_category_rule,,unmatched,false,,材料,材料,印模材料
SS-C250AQ/104040,CARBIDE CUTTERS 鎢鋼,Sunshine / DR.HOPF,lab-production,bur-drill,consumable,approved_rule,legacy_category_rule,,unmatched,false,,耗材,耗材,車針 / 鑽針
SS-C250E/104040,CARBIDE CUTTERS 鎢鋼,Sunshine / DR.HOPF,lab-production,bur-drill,consumable,approved_rule,legacy_category_rule,,unmatched,false,,耗材,耗材,車針 / 鑽針
SS-C251/104060,CARBIDE CUTTERS 鎢鋼,Sunshine / DR.HOPF,lab-production,bur-drill,consumable,approved_rule,legacy_category_rule,,unmatched,false,,耗材,耗材,車針 / 鑽針
SS-C251AQ/104060,CARBIDE CUTTERS 鎢鋼,Sunshine / DR.HOPF,lab-production,bur-drill,consumable,approved_rule,legacy_category_rule,,unmatched,false,,耗材,耗材,車針 / 鑽針
SS-C251E/104060,CARBIDE CUTTERS 鎢鋼,Sunshine / DR.HOPF,lab-production,bur-drill,consumable,approved_rule,legacy_category_rule,,unmatched,false,,耗材,耗材,車針 / 鑽針
SS-C251EAL/104060,CARBIDE CUTTERS 鎢鋼,Sunshine / DR.HOPF,lab-production,bur-drill,consumable,approved_rule,legacy_category_rule,,unmatched,false,,耗材,耗材,車針 / 鑽針
SS-C251GE/104060,CARBIDE CUTTERS 鎢鋼,Sunshine / DR.HOPF,lab-production,bur-drill,consumable,approved_rule,legacy_category_rule,,unmatched,false,,耗材,耗材,車針 / 鑽針
SS-C251GSQ/104060,CARBIDE CUTTERS 鎢鋼,Sunshine / DR.HOPF,lab-production,bur-drill,consumable,approved_rule,legacy_category_rule,,unmatched,false,,耗材,耗材,車針 / 鑽針
SS-C251SGE/104060,CARBIDE CUTTERS 鎢鋼,Sunshine / DR.HOPF,lab-production,bur-drill,consumable,approved_rule,legacy_category_rule,,unmatched,false,,耗材,耗材,車針 / 鑽針
SS-C251SGEA/104060,CARBIDE CUTTERS 鎢鋼,Sunshine / DR.HOPF,lab-production,bur-drill,consumable,approved_rule,legacy_category_rule,,unmatched,false,,耗材,耗材,車針 / 鑽針
SS-C257E/104023,CARBIDE CUTTERS 鎢鋼,Sunshine / DR.HOPF,lab-production,bur-drill,consumable,approved_rule,legacy_category_rule,,unmatched,false,,耗材,耗材,車針 / 鑽針
SS-C257EF/104023,CARBIDE CUTTERS 鎢鋼,Sunshine / DR.HOPF,lab-production,bur-drill,consumable,approved_rule,legacy_category_rule,,unmatched,false,,耗材,耗材,車針 / 鑽針
SS-C257Q/104050,CARBIDE CUTTERS 鎢鋼,Sunshine / DR.HOPF,lab-production,bur-drill,consumable,approved_rule,legacy_category_rule,,unmatched,false,,耗材,耗材,車針 / 鑽針
SS-C257Q/104060,CARBIDE CUTTERS 鎢鋼,Sunshine / DR.HOPF,lab-production,bur-drill,consumable,approved_rule,legacy_category_rule,,unmatched,false,,耗材,耗材,車針 / 鑽針
SS-C257R/104023,CARBIDE CUTTERS 鎢鋼,Sunshine / DR.HOPF,lab-production,bur-drill,consumable,approved_rule,legacy_category_rule,,unmatched,false,,耗材,耗材,車針 / 鑽針
SS-C257RE/104023,CARBIDE CUTTERS 鎢鋼,Sunshine / DR.HOPF,lab-production,bur-drill,consumable,approved_rule,legacy_category_rule,,unmatched,false,,耗材,耗材,車針 / 鑽針
SS-C261E/104023,CARBIDE CUTTERS 鎢鋼,Sunshine / DR.HOPF,lab-production,bur-drill,consumable,approved_rule,legacy_category_rule,,unmatched,false,,耗材,耗材,車針 / 鑽針
SS-C295E/104023,CARBIDE CUTTERS 鎢鋼,Sunshine / DR.HOPF,lab-production,bur-drill,consumable,approved_rule,legacy_category_rule,,unmatched,false,,耗材,耗材,車針 / 鑽針
SS-C295EF/104023,CARBIDE CUTTERS 鎢鋼,Sunshine / DR.HOPF,lab-production,bur-drill,consumable,approved_rule,legacy_category_rule,,unmatched,false,,耗材,耗材,車針 / 鑽針
SS-C297RE/104023,CARBIDE CUTTERS 鎢鋼,Sunshine / DR.HOPF,lab-production,bur-drill,consumable,approved_rule,legacy_category_rule,,unmatched,false,,耗材,耗材,車針 / 鑽針
SS-C33/104009,Carbide Bur C33 104/009,Sunshine / DR.HOPF,lab-production,bur-drill,consumable,approved_rule,legacy_category_rule,,unmatched,false,,耗材,耗材,車針 / 鑽針
SS-C33/104016,Carbide Bur C33 104/016,Sunshine / DR.HOPF,lab-production,bur-drill,consumable,approved_rule,legacy_category_rule,,unmatched,false,,耗材,耗材,車針 / 鑽針
SS-C33L/104012,Carbide Bur C33L 104/012,Sunshine / DR.HOPF,lab-production,bur-drill,consumable,approved_rule,legacy_category_rule,,unmatched,false,,耗材,耗材,車針 / 鑽針
SS-C351E/104060,CARBIDE CUTTERS 鎢鋼,Sunshine / DR.HOPF,lab-production,bur-drill,consumable,approved_rule,legacy_category_rule,,unmatched,false,,耗材,耗材,車針 / 鑽針
SS-C364RE/104023,CARBIDE CUTTERS 鎢鋼,Sunshine / DR.HOPF,lab-production,bur-drill,consumable,approved_rule,legacy_category_rule,,unmatched,false,,耗材,耗材,車針 / 鑽針
SS-C364REF/104023,CARBIDE CUTTERS 鎢鋼,Sunshine / DR.HOPF,lab-production,bur-drill,consumable,approved_rule,legacy_category_rule,,unmatched,false,,耗材,耗材,車針 / 鑽針
SS-C71/104040,CARBIDE CUTTERS 鎢鋼,Sunshine / DR.HOPF,lab-production,bur-drill,consumable,approved_rule,legacy_category_rule,,unmatched,false,,耗材,耗材,車針 / 鑽針
SS-C71/104050,CARBIDE CUTTERS 鎢鋼(單鉤),Sunshine / DR.HOPF,lab-production,bur-drill,consumable,approved_rule,legacy_category_rule,,unmatched,false,,耗材,耗材,車針 / 鑽針
SS-C71E/104040,CARBIDE CUTTERS 鎢鋼,Sunshine / DR.HOPF,lab-production,bur-drill,consumable,approved_rule,legacy_category_rule,,unmatched,false,,耗材,耗材,車針 / 鑽針
SS-C71E/104050,CARBIDE CUTTERS 鎢鋼(雙鉤),Sunshine / DR.HOPF,lab-production,bur-drill,consumable,approved_rule,legacy_category_rule,,unmatched,false,,耗材,耗材,車針 / 鑽針
SS-C72E/104060,CARBIDE CUTTERS 鎢鋼,Sunshine / DR.HOPF,lab-production,bur-drill,consumable,approved_rule,legacy_category_rule,,unmatched,false,,耗材,耗材,車針 / 鑽針
SS-C72GE/104060,CARBIDE CUTTERS 鎢鋼,Sunshine / DR.HOPF,lab-production,bur-drill,consumable,approved_rule,legacy_category_rule,,unmatched,false,,耗材,耗材,車針 / 鑽針
SS-C77E/104040,CARBIDE CUTTERS 鎢鋼,Sunshine / DR.HOPF,lab-production,bur-drill,consumable,approved_rule,legacy_category_rule,,unmatched,false,,耗材,耗材,車針 / 鑽針
SS-C77E/104060,CARBIDE CUTTERS 鎢鋼,Sunshine / DR.HOPF,lab-production,bur-drill,consumable,approved_rule,legacy_category_rule,,unmatched,false,,耗材,耗材,車針 / 鑽針
SS-C78E/104060,CARBIDE CUTTERS 鎢鋼,Sunshine / DR.HOPF,lab-production,bur-drill,consumable,approved_rule,legacy_category_rule,,unmatched,false,,耗材,耗材,車針 / 鑽針
SS-C79/104045,CARBIDE CUTTERS 鎢鋼,Sunshine / DR.HOPF,lab-production,bur-drill,consumable,approved_rule,legacy_category_rule,,unmatched,false,,耗材,耗材,車針 / 鑽針
SS-C79AQ/104040,CARBIDE CUTTERS 鎢鋼,Sunshine / DR.HOPF,lab-production,bur-drill,consumable,approved_rule,legacy_category_rule,,unmatched,false,,耗材,耗材,車針 / 鑽針
SS-C79AQ/104070,CARBIDE CUTTERS 鎢鋼,Sunshine / DR.HOPF,lab-production,bur-drill,consumable,approved_rule,legacy_category_rule,,unmatched,false,,耗材,耗材,車針 / 鑽針
SS-C79E/104040,CARBIDE CUTTERS 鎢鋼,Sunshine / DR.HOPF,lab-production,bur-drill,consumable,approved_rule,legacy_category_rule,,unmatched,false,,耗材,耗材,車針 / 鑽針
SS-C79E/104045,CARBIDE CUTTERS 鎢鋼,Sunshine / DR.HOPF,lab-production,bur-drill,consumable,approved_rule,legacy_category_rule,,unmatched,false,,耗材,耗材,車針 / 鑽針
SS-C79E/104050,CARBIDE CUTTERS 鎢鋼,Sunshine / DR.HOPF,lab-production,bur-drill,consumable,approved_rule,legacy_category_rule,,unmatched,false,,耗材,耗材,車針 / 鑽針
SS-C79E/104060,CARBIDE CUTTERS 鎢鋼,Sunshine / DR.HOPF,lab-production,bur-drill,consumable,approved_rule,legacy_category_rule,,unmatched,false,,耗材,耗材,車針 / 鑽針
SS-C79EF/104060,CARBIDE CUTTERS 鎢鋼,Sunshine / DR.HOPF,lab-production,bur-drill,consumable,approved_rule,legacy_category_rule,,unmatched,false,,耗材,耗材,車針 / 鑽針
SS-C79EVF/104045,CARBIDE CUTTERS 鎢鋼,Sunshine / DR.HOPF,lab-production,bur-drill,consumable,approved_rule,legacy_category_rule,,unmatched,false,,耗材,耗材,車針 / 鑽針
SS-C79GE/104060,CARBIDE CUTTERS 鎢鋼,Sunshine / DR.HOPF,lab-production,bur-drill,consumable,approved_rule,legacy_category_rule,,unmatched,false,,耗材,耗材,車針 / 鑽針
SS-C79GE/104070,CARBIDE CUTTERS 鎢鋼,Sunshine / DR.HOPF,lab-production,bur-drill,consumable,approved_rule,legacy_category_rule,,unmatched,false,,耗材,耗材,車針 / 鑽針
SS-C79GSQ/104070,CARBIDE CUTTERS 鎢鋼,Sunshine / DR.HOPF,lab-production,bur-drill,consumable,approved_rule,legacy_category_rule,,unmatched,false,,耗材,耗材,車針 / 鑽針
SS-C79SGE/104070,CARBIDE CUTTERS 鎢鋼,Sunshine / DR.HOPF,lab-production,bur-drill,consumable,approved_rule,legacy_category_rule,,unmatched,false,,耗材,耗材,車針 / 鑽針
SS-C79SGEA/104070,CARBIDE CUTTERS 鎢鋼,Sunshine / DR.HOPF,lab-production,bur-drill,consumable,approved_rule,legacy_category_rule,,unmatched,false,,耗材,耗材,車針 / 鑽針
SS-S194/190040,CARBIDE CUTTERS 鎢鋼,Sunshine / DR.HOPF,lab-production,bur-drill,consumable,approved_rule,legacy_category_rule,,unmatched,false,,耗材,耗材,車針 / 鑽針
SS-S194/190045,CARBIDE CUTTERS 鎢鋼,Sunshine / DR.HOPF,lab-production,bur-drill,consumable,approved_rule,legacy_category_rule,,unmatched,false,,耗材,耗材,車針 / 鑽針
SS-S257/190060,CARBIDE CUTTERS Black 鎢鋼,Sunshine / DR.HOPF,lab-production,bur-drill,consumable,approved_rule,legacy_category_rule,,unmatched,false,,耗材,耗材,車針 / 鑽針
SS-S274/190060,CARBIDE CUTTERS 鎢鋼,Sunshine / DR.HOPF,lab-production,bur-drill,consumable,approved_rule,legacy_category_rule,,unmatched,false,,耗材,耗材,車針 / 鑽針
SS-S274/212060,CARBIDE CUTTERS 鎢鋼,Sunshine / DR.HOPF,lab-production,bur-drill,consumable,approved_rule,legacy_category_rule,,unmatched,false,,耗材,耗材,車針 / 鑽針
SS-S274/220060,CARBIDE CUTTERS 鎢鋼,Sunshine / DR.HOPF,lab-production,bur-drill,consumable,approved_rule,legacy_category_rule,,unmatched,false,,耗材,耗材,車針 / 鑽針
SS-SH396F190,全鑽切片,Sunshine / DR.HOPF,lab-production,bur-drill,consumable,approved_rule,legacy_category_rule,,unmatched,false,,耗材,耗材,車針 / 鑽針
SS-SHM/014060,SHM 014 060 全鑽,Sunshine / DR.HOPF,lab-production,grinding-tool,consumable,approved_rule,legacy_category_rule,,unmatched,false,,耗材,耗材,磨石 / 研磨工具
SS-SHM/041080,SHM 041 080 全鑽,Sunshine / DR.HOPF,lab-production,grinding-tool,consumable,approved_rule,legacy_category_rule,,unmatched,false,,耗材,耗材,磨石 / 研磨工具
SS-SHM/113050,SHM 113/050 全鑽,Sunshine / DR.HOPF,lab-production,grinding-tool,consumable,approved_rule,legacy_category_rule,,unmatched,false,,耗材,耗材,磨石 / 研磨工具
SS-SHM/113C050,SHM 113C/050 全鑽,Sunshine / DR.HOPF,lab-production,grinding-tool,consumable,approved_rule,legacy_category_rule,,unmatched,false,,耗材,耗材,磨石 / 研磨工具
SS-SHM/141031,SHM 141031 全鑽,Sunshine / DR.HOPF,lab-production,grinding-tool,consumable,approved_rule,legacy_category_rule,,unmatched,false,,耗材,耗材,磨石 / 研磨工具
SS-SHM/143050,SHM 143/050 全鑽,Sunshine / DR.HOPF,lab-production,grinding-tool,consumable,approved_rule,legacy_category_rule,,unmatched,false,,耗材,耗材,磨石 / 研磨工具
SS-SHM/143C050,SHM 143C/050 全鑽,Sunshine / DR.HOPF,lab-production,grinding-tool,consumable,approved_rule,legacy_category_rule,,unmatched,false,,耗材,耗材,磨石 / 研磨工具
SS-SHM/165C023,SHM 165C/023 全鑽,Sunshine / DR.HOPF,lab-production,grinding-tool,consumable,approved_rule,legacy_category_rule,,unmatched,false,,耗材,耗材,磨石 / 研磨工具
SS-SHM/167050,SHM 167/050 全鑽,Sunshine / DR.HOPF,lab-production,grinding-tool,consumable,approved_rule,legacy_category_rule,,unmatched,false,,耗材,耗材,磨石 / 研磨工具
SS-SHM/167C050,SHM 167C/050 全鑽,Sunshine / DR.HOPF,lab-production,grinding-tool,consumable,approved_rule,legacy_category_rule,,unmatched,false,,耗材,耗材,磨石 / 研磨工具
SS-SHM/199031,SHM 199/031 全鑽,Sunshine / DR.HOPF,lab-production,grinding-tool,consumable,approved_rule,legacy_category_rule,,unmatched,false,,耗材,耗材,磨石 / 研磨工具
SS-SHM/199SC031,SHM 199SC/031 全鑽,Sunshine / DR.HOPF,lab-production,grinding-tool,consumable,approved_rule,legacy_category_rule,,unmatched,false,,耗材,耗材,磨石 / 研磨工具
SS-SHM/251C050,SHM 251C/050 全鑽,Sunshine / DR.HOPF,lab-production,grinding-tool,consumable,approved_rule,legacy_category_rule,,unmatched,false,,耗材,耗材,磨石 / 研磨工具
SS-SHM251/050,SHM 251/050 全鑽,Sunshine / DR.HOPF,lab-production,grinding-tool,consumable,approved_rule,legacy_category_rule,,unmatched,false,,耗材,耗材,磨石 / 研磨工具
SS-SHM263/040,SHM 263/040 全鑽,Sunshine / DR.HOPF,lab-production,grinding-tool,consumable,approved_rule,legacy_category_rule,,unmatched,false,,耗材,耗材,磨石 / 研磨工具
SS-SHM263/050,SHM 263/050 全鑽,Sunshine / DR.HOPF,lab-production,grinding-tool,consumable,approved_rule,legacy_category_rule,,unmatched,false,,耗材,耗材,磨石 / 研磨工具
SS-SHM273/025,SHM 273/025 全鑽,Sunshine / DR.HOPF,lab-production,grinding-tool,consumable,approved_rule,legacy_category_rule,,unmatched,false,,耗材,耗材,磨石 / 研磨工具
SUN-PGS106104M,Panther Green T043 (綠),SUN Oberflächentechnik,lab-production,polishing-consumable,consumable,approved_rule,verified_sku_rule,,unmatched,false,,耗材,耗材,磨石 / 研磨工具
SUN-PGS146104M,Panther Green D150 (綠),SUN Oberflächentechnik,lab-production,polishing-consumable,consumable,approved_rule,verified_sku_rule,,unmatched,false,,耗材,耗材,磨石 / 研磨工具
SUN-PGS546104M,Panther Green S203 (綠),SUN Oberflächentechnik,lab-production,polishing-consumable,consumable,approved_rule,verified_sku_rule,,unmatched,false,,耗材,耗材,磨石 / 研磨工具
SUN-PGS600104M,Panther Green C010,SUN Oberflächentechnik,lab-production,polishing-consumable,consumable,approved_rule,verified_sku_rule,,unmatched,false,,耗材,耗材,磨石 / 研磨工具
SUN-PGSSET104/01,Panther Green Kit#13(4支裝),SUN Oberflächentechnik,lab-production,polishing-consumable,consumable,approved_rule,verified_sku_rule,,unmatched,false,,耗材,耗材,磨石 / 研磨工具
SUN-PSC132104F,Panther Stone Cy048 (灰),SUN Oberflächentechnik,lab-production,grinding-tool,consumable,approved_rule,verified_sku_rule,,unmatched,false,,其他,其他,其他
SUN-PSC138104F,Panther Stone Co040 (灰),SUN Oberflächentechnik,lab-production,grinding-tool,consumable,approved_rule,verified_sku_rule,,unmatched,false,,其他,其他,其他
SUN-PSC151104F,Panther Stone Wh120 (灰),SUN Oberflächentechnik,lab-production,grinding-tool,consumable,approved_rule,verified_sku_rule,,unmatched,false,,其他,其他,其他
SUN-PSC153104F,Panther Stone Wh060 (灰),SUN Oberflächentechnik,lab-production,grinding-tool,consumable,approved_rule,verified_sku_rule,,unmatched,false,,其他,其他,其他
SUN-PSC159104F,Panther Stone Wh150 (灰),SUN Oberflächentechnik,lab-production,grinding-tool,consumable,approved_rule,verified_sku_rule,,unmatched,false,,其他,其他,其他
SUN-PSC191104F,Panther Stone Ch123 (灰),SUN Oberflächentechnik,lab-production,grinding-tool,consumable,approved_rule,verified_sku_rule,,unmatched,false,,其他,其他,其他
SUN-PSC199104F,Panther Stone Ci050 (灰),SUN Oberflächentechnik,lab-production,grinding-tool,consumable,approved_rule,verified_sku_rule,,unmatched,false,,其他,其他,其他
SUN-PSC219104F,Panther Stone Wh220 (灰),SUN Oberflächentechnik,lab-production,grinding-tool,consumable,approved_rule,verified_sku_rule,,unmatched,false,,其他,其他,其他
SUN-PSC239104F,Panther Stone Le220 (灰),SUN Oberflächentechnik,lab-production,grinding-tool,consumable,approved_rule,verified_sku_rule,,unmatched,false,,其他,其他,其他
SUN-PSC508104F,Panther Stone To025(Zo025) (灰),SUN Oberflächentechnik,lab-production,grinding-tool,consumable,approved_rule,verified_sku_rule,,unmatched,false,,其他,其他,其他
SUN-PSC538104F,Panther Stone Co035(灰),SUN Oberflächentechnik,lab-production,grinding-tool,consumable,approved_rule,verified_sku_rule,,unmatched,false,,其他,其他,其他
SUN-PSC566104F,Panther Stone Cr035 (灰),SUN Oberflächentechnik,lab-production,grinding-tool,consumable,approved_rule,verified_sku_rule,,unmatched,false,,其他,其他,其他
SUN-PSC569104F,Panther Stone Ba040 (灰),SUN Oberflächentechnik,lab-production,grinding-tool,consumable,approved_rule,verified_sku_rule,,unmatched,false,,其他,其他,其他
SUN-PSCSET104/01,Panther Stone Kit#10(6支裝)),SUN Oberflächentechnik,lab-production,grinding-tool,consumable,approved_rule,verified_sku_rule,,unmatched,false,,工具,其他,套裝組
SUN-PSCSET104/05,Panther Stone Kit#12(11支裝),SUN Oberflächentechnik,lab-production,grinding-tool,consumable,needs_review,researched_sku_rule,,unmatched,true,official_sku_code_mismatch,工具,其他,套裝組
SUN-TCP100104MSW4Z,Panther Smooth F055 (紫),SUN Oberflächentechnik,lab-production,polishing-consumable,consumable,approved_rule,verified_sku_rule,,unmatched,false,,其他,其他,其他
SUN-TCP100104XFSW4Z,Panther Gloss F055 (白),SUN Oberflächentechnik,lab-production,polishing-consumable,consumable,approved_rule,verified_sku_rule,,unmatched,false,,其他,其他,其他
SUN-TCP140104C,Panther Shape L260(灰),SUN Oberflächentechnik,lab-production,polishing-consumable,consumable,approved_rule,verified_sku_rule,,unmatched,false,,其他,其他,其他
SUN-TCP140104M,Panther Smooth L260 (紫),SUN Oberflächentechnik,lab-production,polishing-consumable,consumable,approved_rule,verified_sku_rule,,unmatched,false,,其他,其他,其他
SUN-TCP140104XC,Panther Rough L260 (橘),SUN Oberflächentechnik,lab-production,polishing-consumable,consumable,approved_rule,verified_sku_rule,,unmatched,false,,其他,其他,其他
SUN-TCP140104XF,Panther Gloss L260 (白),SUN Oberflächentechnik,lab-production,polishing-consumable,consumable,approved_rule,verified_sku_rule,,unmatched,false,,其他,其他,其他
SUN-TCP158104MSW4Z,Panther Smooth W170 (紫),SUN Oberflächentechnik,lab-production,polishing-consumable,consumable,approved_rule,verified_sku_rule,,unmatched,false,,其他,其他,其他
SUN-TCP158104XFSW4Z,Panther Gloss W170 (白),SUN Oberflächentechnik,lab-production,polishing-consumable,consumable,approved_rule,verified_sku_rule,,unmatched,false,,其他,其他,其他
SUN-TCP417104GR16,Panther Bristle 170 小毛刷,SUN Oberflächentechnik,lab-production,polishing-consumable,consumable,approved_rule,verified_sku_rule,,unmatched,false,,其他,其他,其他
SUN-TCP419104GR16,Panther Bristle 190 毛刷,SUN Oberflächentechnik,lab-production,polishing-consumable,consumable,approved_rule,verified_sku_rule,,unmatched,false,,其他,其他,其他
SUN-TCP541104MSW4Z,Panther Smooth L150(W150) 紫,SUN Oberflächentechnik,lab-production,polishing-consumable,consumable,approved_rule,verified_sku_rule,,unmatched,false,,其他,其他,其他
SUN-TCP541104XCSW4Z,Panther Rough L150(W150)橘,SUN Oberflächentechnik,lab-production,polishing-consumable,consumable,approved_rule,verified_sku_rule,,unmatched,false,,其他,其他,其他
SUN-TCP541104XFSW4Z,Panther Gloss L150(W150) 白,SUN Oberflächentechnik,lab-production,polishing-consumable,consumable,approved_rule,verified_sku_rule,,unmatched,false,,其他,其他,其他
SUN-TCP545104MSW4Z,Panther Smooth L148(W148)紫,SUN Oberflächentechnik,lab-production,polishing-consumable,consumable,approved_rule,verified_sku_rule,,unmatched,false,,其他,其他,其他
SUN-TCP545104XFSW4Z,Panther Gloss L148(W148) (白),SUN Oberflächentechnik,lab-production,polishing-consumable,consumable,approved_rule,verified_sku_rule,,unmatched,false,,其他,其他,其他
SUN-TCP546104M,Panther Smooth S203 (紫),SUN Oberflächentechnik,lab-production,polishing-consumable,consumable,approved_rule,verified_sku_rule,,unmatched,false,,其他,其他,其他
SUN-TCP546104XF,Panther Gloss S203 (白),SUN Oberflächentechnik,lab-production,polishing-consumable,consumable,approved_rule,verified_sku_rule,,unmatched,false,,其他,其他,其他
SUN-TCPPASTE01/20,Panther Paste 打亮膏(20g),SUN Oberflächentechnik,lab-production,polishing-consumable,consumable,approved_rule,verified_sku_rule,,unmatched,false,,其他,其他,其他
SUN-TCPSET104/01,Edition Kit#01 (10支裝),SUN Oberflächentechnik,lab-production,polishing-consumable,consumable,approved_rule,verified_sku_rule,,unmatched,false,,工具,其他,套裝組
SUN-TCPSET104/02,Abutment Kit#02 (4支裝),SUN Oberflächentechnik,lab-production,polishing-consumable,consumable,approved_rule,verified_sku_rule,,unmatched,false,,工具,其他,套裝組
SUN-TCPSET104/10,Polishing Kit#14 (6支裝),SUN Oberflächentechnik,lab-production,polishing-consumable,consumable,approved_rule,verified_sku_rule,,unmatched,false,,耗材,耗材,磨石 / 研磨工具
SUN-TCPSET104/11,Edition Kit#11 (30支裝),SUN Oberflächentechnik,lab-production,polishing-consumable,consumable,approved_rule,verified_sku_rule,,unmatched,false,,工具,其他,套裝組
SUN-XPL111104M,Panther Smooth PT056,SUN Oberflächentechnik,lab-production,polishing-consumable,consumable,approved_rule,verified_sku_rule,,unmatched,false,,其他,其他,其他
SUN-XPL111104XF,Panther Gloss PT056,SUN Oberflächentechnik,lab-production,polishing-consumable,consumable,approved_rule,verified_sku_rule,,unmatched,false,,其他,其他,其他
SUN-XPL547104M,Panther Smooth PS160,SUN Oberflächentechnik,lab-production,polishing-consumable,consumable,approved_rule,verified_sku_rule,,unmatched,false,,其他,其他,其他
SUN-XPL548104C,Panther Groove PS210,SUN Oberflächentechnik,lab-production,polishing-consumable,consumable,approved_rule,verified_sku_rule,,unmatched,false,,其他,其他,其他
SUN-XPL548104M,Panther Smooth PS210,SUN Oberflächentechnik,lab-production,polishing-consumable,consumable,approved_rule,verified_sku_rule,,unmatched,false,,其他,其他,其他
SUN-XPL628,Panther Buff PB220,SUN Oberflächentechnik,lab-production,polishing-consumable,consumable,approved_rule,verified_sku_rule,,unmatched,false,,其他,其他,其他
SUN-XPL932,Panther Tune 01,SUN Oberflächentechnik,lab-production,polishing-consumable,consumable,approved_rule,verified_sku_rule,,unmatched,false,,其他,其他,其他
SUN-XPLPaste02/40,Panther Paste 02,SUN Oberflächentechnik,lab-production,polishing-consumable,consumable,approved_rule,verified_sku_rule,,unmatched,false,,其他,其他,其他
SUN-XPLSET104/01,Panther Polymer Kit#15,SUN Oberflächentechnik,lab-production,polishing-consumable,consumable,approved_rule,verified_sku_rule,,unmatched,false,,工具,其他,套裝組
TD-01,FIT CAST-V 含鈹金屬,Talmax,fixed-restorative,metal-material,material,approved_rule,legacy_category_rule,,unmatched,false,,材料,材料,金屬材料
TD-02,FIT CAST-SB Plus 不含鈹金屬,Talmax,fixed-restorative,metal-material,material,approved_rule,legacy_category_rule,,unmatched,false,,材料,材料,金屬材料
UG-EON0005,eON 250 NEO Pressing ceramic funace 壓鑄瓷爐,UGin Dental,lab-equipment,ceramic-furnace,equipment,approved_rule,legacy_category_rule,,unmatched,false,,設備,設備,瓷爐
UG-EON0006,eON 200 NEO Ceramic Funace 電腦瓷爐/220V,UGin Dental,lab-equipment,ceramic-furnace,equipment,approved_rule,legacy_category_rule,,unmatched,false,,設備,設備,瓷爐
UG-PPE0001,Vacuum Pump,UGin Dental,lab-equipment,furnace-accessory,accessory,approved_rule,researched_sku_rule,,unmatched,false,,設備,耗材,清潔 / 吸塵
UW-01,UP501 控制器,URAWA,lab-equipment,motor-handpiece,equipment,approved_rule,legacy_category_rule,,unmatched,false,,設備,設備,馬達 / 手機
UW-01-1,UC501C-21控制器,URAWA,lab-equipment,motor-handpiece,equipment,approved_rule,legacy_category_rule,,unmatched,false,,設備,設備,馬達 / 手機
UW-02,UG-33 手機,URAWA,lab-equipment,motor-accessory,accessory,approved_rule,legacy_category_rule,,unmatched,false,,配件,耗材,馬達配件
UW-03,FS18 腳踏板,URAWA,lab-equipment,motor-accessory,accessory,approved_rule,legacy_category_rule,,unmatched,false,,配件,耗材,馬達配件
UW-04,VC60 變速腳踏板,URAWA,lab-equipment,motor-accessory,accessory,approved_rule,legacy_category_rule,,unmatched,false,,配件,耗材,馬達配件
UW-05,UA14A-21手機(45000 RPM),URAWA,lab-equipment,motor-accessory,accessory,approved_rule,legacy_category_rule,,unmatched,false,,配件,耗材,馬達配件
UW-06,UA05A-21手機 (55000RPM),URAWA,lab-equipment,motor-accessory,accessory,approved_rule,legacy_category_rule,,unmatched,false,,配件,耗材,馬達配件
UW-07,UE23 MICRO MOTOR ONLY,URAWA,lab-equipment,motor-handpiece,equipment,approved_rule,legacy_category_rule,,unmatched,false,,設備,設備,馬達 / 手機
UW-08,HE31-201 碳刷座,URAWA,lab-equipment,motor-accessory,accessory,approved_rule,legacy_category_rule,,unmatched,false,,配件,耗材,馬達配件
UW-11,UP211-91 控制器,URAWA,lab-equipment,motor-handpiece,equipment,approved_rule,legacy_category_rule,,unmatched,false,,設備,設備,馬達 / 手機
UW-12,UP503C 控制器+手機+腳踏板 (220V),URAWA,lab-equipment,motor-accessory,accessory,approved_rule,legacy_category_rule,,unmatched,false,,配件,耗材,馬達配件
UW-13,UP503C 控制器 (220V),URAWA,lab-equipment,motor-handpiece,equipment,approved_rule,legacy_category_rule,,unmatched,false,,設備,設備,馬達 / 手機
UW-14,G7 控制器+手機+腳踏板 (120V),URAWA,lab-equipment,motor-accessory,accessory,approved_rule,legacy_category_rule,,unmatched,false,,配件,耗材,馬達配件
UW-14-1,G7 手機,URAWA,lab-equipment,motor-accessory,accessory,approved_rule,legacy_category_rule,,unmatched,false,,配件,耗材,馬達配件
UW-15,UG-12 手機,URAWA,lab-equipment,motor-accessory,accessory,approved_rule,legacy_category_rule,,unmatched,false,,配件,耗材,馬達配件
UW-16,VC90 變速腳踏板(G7用),URAWA,lab-equipment,motor-accessory,accessory,approved_rule,legacy_category_rule,,unmatched,false,,配件,耗材,馬達配件
WF-01,清潔粉,WINFRIED MULLER,lab-production,process-liquid,consumable,approved_rule,legacy_category_rule,,unmatched,false,,藥液,輔助工具,專用液 / 藥劑
WM-100-2,Cera Fina 包埋砂(144/90g),WHIP MIX,lab-production,investment-gypsum,material,approved_rule,legacy_category_rule,,unmatched,false,,材料,材料,包埋 / 石膏
WM-100-3,Special Liquid 包埋材專用液(1000ml),WHIP MIX,lab-production,investment-gypsum,material,approved_rule,legacy_category_rule,,unmatched,false,,材料,材料,包埋 / 石膏
WM-100-4,Cera Fina 包埋砂/90g,WHIP MIX,lab-production,investment-gypsum,material,approved_rule,legacy_category_rule,,unmatched,false,,材料,材料,包埋 / 石膏
WM-100-5,Special Liquid 包埋材專用液(SK),WHIP MIX,lab-production,investment-gypsum,material,approved_rule,legacy_category_rule,,unmatched,false,,材料,材料,包埋 / 石膏
WM-101-2,Ceramigold 包埋砂 144/90g,WHIP MIX,lab-production,investment-gypsum,material,approved_rule,legacy_category_rule,,unmatched,false,,材料,材料,包埋 / 石膏
WM-102,Hi-Temp 包埋砂 (144/90g),WHIP MIX,lab-production,investment-gypsum,material,approved_rule,legacy_category_rule,,unmatched,false,,材料,材料,包埋 / 石膏
WM-104-2,Formula 1 萬能包埋砂(100/100g),WHIP MIX,lab-production,investment-gypsum,material,approved_rule,legacy_category_rule,,unmatched,false,,材料,材料,包埋 / 石膏
WM-104-4,Formula 1 專用液,WHIP MIX,lab-production,investment-gypsum,material,approved_rule,legacy_category_rule,,unmatched,false,,材料,材料,包埋 / 石膏
WM-109,Pumice CL85 Midium(細),WHIP MIX,lab-production,abrasive-media,consumable,approved_rule,legacy_category_rule,,unmatched,false,,耗材,耗材,研磨砂 / 拋光砂
WM-109-1,Pumice CL85 Midium(細)/9Kg,WHIP MIX,lab-production,abrasive-media,consumable,approved_rule,legacy_category_rule,,unmatched,false,,耗材,耗材,研磨砂 / 拋光砂
WM-110,Pumice CL60 (粗),WHIP MIX,lab-production,abrasive-media,consumable,approved_rule,legacy_category_rule,,unmatched,false,,耗材,耗材,研磨砂 / 拋光砂
WM-110-1,Pumice CL60 Coarse (粗)/9Kg,WHIP MIX,lab-production,abrasive-media,consumable,approved_rule,legacy_category_rule,,unmatched,false,,耗材,耗材,研磨砂 / 拋光砂
WM-112,Dazzle PS 樹脂床打亮砂,WHIP MIX,lab-production,abrasive-media,consumable,approved_rule,legacy_category_rule,,unmatched,false,,耗材,耗材,研磨砂 / 拋光砂
WM-112-1,Dazzle PS 樹脂床打亮砂/4.5Kg,WHIP MIX,lab-production,abrasive-media,consumable,approved_rule,legacy_category_rule,,unmatched,false,,耗材,耗材,研磨砂 / 拋光砂
WM-113,Hi-Heat 焊接包埋材,WHIP MIX,lab-production,investment-gypsum,material,approved_rule,legacy_category_rule,,unmatched,false,,材料,材料,包埋 / 石膏
WM-204-1,"石膏砂輪片 12""",WHIP MIX,lab-production,investment-gypsum,material,approved_rule,legacy_category_rule,,unmatched,false,,材料,材料,包埋 / 石膏
WM-204-2,"石膏砂輪片 10""",WHIP MIX,lab-production,investment-gypsum,material,approved_rule,legacy_category_rule,,unmatched,false,,材料,材料,包埋 / 石膏
WM-204-3,"鑽石磨片 12""#30432",WHIP MIX,lab-production,investment-gypsum,material,approved_rule,legacy_category_rule,,unmatched,false,,材料,材料,包埋 / 石膏
WM-204-4,"鑽石磨片 10""",WHIP MIX,lab-production,investment-gypsum,material,approved_rule,legacy_category_rule,,unmatched,false,,材料,材料,包埋 / 石膏
WM-300,Gypsum Hardener 石膏硬化劑(3750ml),WHIP MIX,lab-production,investment-gypsum,material,approved_rule,legacy_category_rule,,unmatched,false,,材料,材料,包埋 / 石膏
WM-305-2,Smoothex 除泡劑 (3750ml),WHIP MIX,lab-production,process-liquid,consumable,approved_rule,legacy_category_rule,,unmatched,false,,藥液,輔助工具,專用液 / 藥劑
YM-ACC-01-20,ZEO Accent Opal 1 (20g),YAMAKIN,fixed-restorative,ceramic-material,material,approved_rule,legacy_category_rule,,unmatched,false,,材料,材料,瓷粉 / 陶瓷
YM-ACC-02-20,ZEO Accent Opal-2 (20g),YAMAKIN,fixed-restorative,ceramic-material,material,approved_rule,legacy_category_rule,,unmatched,false,,材料,材料,瓷粉 / 陶瓷
YM-ACC-03-20,ZEO Accent White (20g),YAMAKIN,fixed-restorative,ceramic-material,material,approved_rule,legacy_category_rule,,unmatched,false,,材料,材料,瓷粉 / 陶瓷
YM-ACC-04-20,ZEO Accent Snow White (20g),YAMAKIN,fixed-restorative,ceramic-material,material,approved_rule,legacy_category_rule,,unmatched,false,,材料,材料,瓷粉 / 陶瓷
YM-ACC-05-20,ZEO Accent Milky (20g),YAMAKIN,fixed-restorative,ceramic-material,material,approved_rule,legacy_category_rule,,unmatched,false,,材料,材料,瓷粉 / 陶瓷
YM-ACC-09-20,ZEO Accent Vanilla (20g),YAMAKIN,fixed-restorative,ceramic-material,material,approved_rule,legacy_category_rule,,unmatched,false,,材料,材料,瓷粉 / 陶瓷
YM-ACC-10-20,ZEO Accent Yellow-Ocher (20g),YAMAKIN,fixed-restorative,ceramic-material,material,approved_rule,legacy_category_rule,,unmatched,false,,材料,材料,瓷粉 / 陶瓷
YM-ACC-11-20,ZEO Accent Mamelon-Vanilla (20g),YAMAKIN,fixed-restorative,ceramic-material,material,approved_rule,legacy_category_rule,,unmatched,false,,材料,材料,瓷粉 / 陶瓷
YM-ACC-12-20,ZEO Accent Mamelon-Orange (20g),YAMAKIN,fixed-restorative,ceramic-material,material,approved_rule,legacy_category_rule,,unmatched,false,,材料,材料,瓷粉 / 陶瓷
YM-ACC-13-20,ZEO Accent Mamelon-Yellow (20g),YAMAKIN,fixed-restorative,ceramic-material,material,approved_rule,legacy_category_rule,,unmatched,false,,材料,材料,瓷粉 / 陶瓷
YM-ACC-14-20,ZEO Accent Occlusal-Brown (20g),YAMAKIN,fixed-restorative,ceramic-material,material,approved_rule,legacy_category_rule,,unmatched,false,,材料,材料,瓷粉 / 陶瓷
YM-ACC-15-20,ZEO Accent Occlusal-Enamel (20g),YAMAKIN,fixed-restorative,ceramic-material,material,approved_rule,legacy_category_rule,,unmatched,false,,材料,材料,瓷粉 / 陶瓷
YM-ACC-16-20,ZEO Accent Occlusal-Orange (20g),YAMAKIN,fixed-restorative,ceramic-material,material,approved_rule,legacy_category_rule,,unmatched,false,,材料,材料,瓷粉 / 陶瓷
YM-ACC-21-20,ZEO Accent T-Salmon  (20g),YAMAKIN,fixed-restorative,ceramic-material,material,approved_rule,legacy_category_rule,,unmatched,false,,材料,材料,瓷粉 / 陶瓷
YM-ACC-22-20,ZEO Accent T-Amber  (20g),YAMAKIN,fixed-restorative,ceramic-material,material,approved_rule,legacy_category_rule,,unmatched,false,,材料,材料,瓷粉 / 陶瓷
YM-ACC-23-20,ZEO Accent T-Buff  (20g),YAMAKIN,fixed-restorative,ceramic-material,material,approved_rule,legacy_category_rule,,unmatched,false,,材料,材料,瓷粉 / 陶瓷
YM-ACC-24-20,ZEO Accent T-Glass  (20g),YAMAKIN,fixed-restorative,ceramic-material,material,approved_rule,legacy_category_rule,,unmatched,false,,材料,材料,瓷粉 / 陶瓷
YM-ACC-24-50,ZEO Accent T-Glass  (50g),YAMAKIN,fixed-restorative,ceramic-material,material,approved_rule,legacy_category_rule,,unmatched,false,,材料,材料,瓷粉 / 陶瓷
YM-ACC-25-20,ZEO Accent T-Gray (20g),YAMAKIN,fixed-restorative,ceramic-material,material,approved_rule,legacy_category_rule,,unmatched,false,,材料,材料,瓷粉 / 陶瓷
YM-ACC-26-20,ZEO Accent T-Blue (20g),YAMAKIN,fixed-restorative,ceramic-material,material,approved_rule,legacy_category_rule,,unmatched,false,,材料,材料,瓷粉 / 陶瓷
YM-ACC-27-20,ZEO Accent T-Violet (20g),YAMAKIN,fixed-restorative,ceramic-material,material,approved_rule,legacy_category_rule,,unmatched,false,,材料,材料,瓷粉 / 陶瓷
YM-ACC-28-20,ZEO Accent T-Pink (20g),YAMAKIN,fixed-restorative,ceramic-material,material,approved_rule,legacy_category_rule,,unmatched,false,,材料,材料,瓷粉 / 陶瓷
YM-ACC-29-20,ZEO Accent T-Baby Pink (20g),YAMAKIN,fixed-restorative,ceramic-material,material,approved_rule,legacy_category_rule,,unmatched,false,,材料,材料,瓷粉 / 陶瓷
YM-ACC-30-20,ZEO Accent T-Opacity (20g),YAMAKIN,fixed-restorative,ceramic-material,material,approved_rule,legacy_category_rule,,unmatched,false,,材料,材料,瓷粉 / 陶瓷
YM-ACC-31-20,ZEO Accent Opal-Amber  (20g),YAMAKIN,fixed-restorative,ceramic-material,material,approved_rule,legacy_category_rule,,unmatched,false,,材料,材料,瓷粉 / 陶瓷
YM-ACC-TC01-20,ZEO Accent T-Clear (20g),YAMAKIN,fixed-restorative,ceramic-material,material,approved_rule,legacy_category_rule,,unmatched,false,,材料,材料,瓷粉 / 陶瓷
YM-ACC-TC01-200,ZEO Accent T-Clear (200g),YAMAKIN,fixed-restorative,ceramic-material,material,approved_rule,legacy_category_rule,,unmatched,false,,材料,材料,瓷粉 / 陶瓷
YM-ACC-TC01-50,ZEO Accent T-Clear (50g),YAMAKIN,fixed-restorative,ceramic-material,material,approved_rule,legacy_category_rule,,unmatched,false,,材料,材料,瓷粉 / 陶瓷
YM-ACC-TC02-20,ZEO T-Natural (20g),YAMAKIN,fixed-restorative,ceramic-material,material,approved_rule,legacy_category_rule,,unmatched,false,,材料,材料,瓷粉 / 陶瓷
YM-ACC-TC02-200,ZEO T-Natural (200g),YAMAKIN,fixed-restorative,ceramic-material,material,approved_rule,legacy_category_rule,,unmatched,false,,材料,材料,瓷粉 / 陶瓷
YM-ACC-TC02-50,ZEO T-Natural (50g),YAMAKIN,fixed-restorative,ceramic-material,material,approved_rule,legacy_category_rule,,unmatched,false,,材料,材料,瓷粉 / 陶瓷
YM-CM-1,ZEO Color Margin CM-Natural  (5g),YAMAKIN,fixed-restorative,ceramic-material,material,approved_rule,legacy_category_rule,,unmatched,false,,材料,材料,瓷粉 / 陶瓷
YM-CM-2,ZEO Color Margin CM-Salmon  (5g),YAMAKIN,fixed-restorative,ceramic-material,material,approved_rule,legacy_category_rule,,unmatched,false,,材料,材料,瓷粉 / 陶瓷
YM-CM-3,ZEO Color Margin CM-Orange  (5g),YAMAKIN,fixed-restorative,ceramic-material,material,approved_rule,legacy_category_rule,,unmatched,false,,材料,材料,瓷粉 / 陶瓷
YM-CM-4,ZEO Color Margin CM-Brown  (5g),YAMAKIN,fixed-restorative,ceramic-material,material,approved_rule,legacy_category_rule,,unmatched,false,,材料,材料,瓷粉 / 陶瓷
YM-CO-01,Color Opq CO-Brown (3.5g),YAMAKIN,fixed-restorative,ceramic-material,material,approved_rule,legacy_category_rule,,unmatched,false,,材料,材料,瓷粉 / 陶瓷
YM-CO-02,Color Opq CO-Orange (3.5g),YAMAKIN,fixed-restorative,ceramic-material,material,approved_rule,legacy_category_rule,,unmatched,false,,材料,材料,瓷粉 / 陶瓷
YM-CO-03,Color Opq CO-Pink (3.5g),YAMAKIN,fixed-restorative,ceramic-material,material,approved_rule,legacy_category_rule,,unmatched,false,,材料,材料,瓷粉 / 陶瓷
YM-CO-04,Color Opq CO-Violet (3.5g),YAMAKIN,fixed-restorative,ceramic-material,material,approved_rule,legacy_category_rule,,unmatched,false,,材料,材料,瓷粉 / 陶瓷
YM-CO-05,Color Opq CO-Yellow (3.5g),YAMAKIN,fixed-restorative,ceramic-material,material,approved_rule,legacy_category_rule,,unmatched,false,,材料,材料,瓷粉 / 陶瓷
YM-CO-06,Color Opq CO-Gray (3.5g),YAMAKIN,fixed-restorative,ceramic-material,material,approved_rule,legacy_category_rule,,unmatched,false,,材料,材料,瓷粉 / 陶瓷
YM-DA0-20,ZEO Dentine A0 (20g),YAMAKIN,fixed-restorative,ceramic-material,material,approved_rule,legacy_category_rule,,unmatched,false,,材料,材料,瓷粉 / 陶瓷
YM-DA0-50,ZEO Dentine A0 (50g),YAMAKIN,fixed-restorative,ceramic-material,material,approved_rule,legacy_category_rule,,unmatched,false,,材料,材料,瓷粉 / 陶瓷
YM-DA1-20,ZEO Dentine A1 (20g),YAMAKIN,fixed-restorative,ceramic-material,material,approved_rule,legacy_category_rule,,unmatched,false,,材料,材料,瓷粉 / 陶瓷
YM-DA1-200,ZEO Dentine A1 (200g),YAMAKIN,fixed-restorative,ceramic-material,material,approved_rule,legacy_category_rule,,unmatched,false,,材料,材料,瓷粉 / 陶瓷
YM-DA1-50,ZEO Dentine A1 (50g),YAMAKIN,fixed-restorative,ceramic-material,material,approved_rule,legacy_category_rule,,unmatched,false,,材料,材料,瓷粉 / 陶瓷
YM-DA2-20,ZEO Dentine A2 (20g),YAMAKIN,fixed-restorative,ceramic-material,material,approved_rule,legacy_category_rule,,unmatched,false,,材料,材料,瓷粉 / 陶瓷
YM-DA2-200,ZEO Dentine A2 (200g),YAMAKIN,fixed-restorative,ceramic-material,material,approved_rule,legacy_category_rule,,unmatched,false,,材料,材料,瓷粉 / 陶瓷
YM-DA2-50,ZEO Dentine A2 (50g),YAMAKIN,fixed-restorative,ceramic-material,material,approved_rule,legacy_category_rule,,unmatched,false,,材料,材料,瓷粉 / 陶瓷
YM-DA3-20,ZEO Dentine A3 (20g),YAMAKIN,fixed-restorative,ceramic-material,material,approved_rule,legacy_category_rule,,unmatched,false,,材料,材料,瓷粉 / 陶瓷
YM-DA3-200,ZEO Dentine A3 (200g),YAMAKIN,fixed-restorative,ceramic-material,material,approved_rule,legacy_category_rule,,unmatched,false,,材料,材料,瓷粉 / 陶瓷
YM-DA3-50,ZEO Dentine A3 (50g),YAMAKIN,fixed-restorative,ceramic-material,material,approved_rule,legacy_category_rule,,unmatched,false,,材料,材料,瓷粉 / 陶瓷
YM-DA3.5-20,ZEO Dentine A3.5 (20g),YAMAKIN,fixed-restorative,ceramic-material,material,approved_rule,legacy_category_rule,,unmatched,false,,材料,材料,瓷粉 / 陶瓷
YM-DA3.5-200,ZEO Dentine A3.5 (200g),YAMAKIN,fixed-restorative,ceramic-material,material,approved_rule,legacy_category_rule,,unmatched,false,,材料,材料,瓷粉 / 陶瓷
YM-DA3.5-50,ZEO Dentine A3.5 (50g),YAMAKIN,fixed-restorative,ceramic-material,material,approved_rule,legacy_category_rule,,unmatched,false,,材料,材料,瓷粉 / 陶瓷
YM-DA4-20,ZEO Dentine A4 (20g),YAMAKIN,fixed-restorative,ceramic-material,material,approved_rule,legacy_category_rule,,unmatched,false,,材料,材料,瓷粉 / 陶瓷
YM-DA4-200,ZEO Dentine A4 (200g),YAMAKIN,fixed-restorative,ceramic-material,material,approved_rule,legacy_category_rule,,unmatched,false,,材料,材料,瓷粉 / 陶瓷
YM-DA4-50,ZEO Dentine A4 (50g),YAMAKIN,fixed-restorative,ceramic-material,material,approved_rule,legacy_category_rule,,unmatched,false,,材料,材料,瓷粉 / 陶瓷
YM-DB0-20,ZEO Dentine B0 (20g),YAMAKIN,fixed-restorative,ceramic-material,material,approved_rule,legacy_category_rule,,unmatched,false,,材料,材料,瓷粉 / 陶瓷
YM-DB1-20,ZEO Dentine B1 (20g),YAMAKIN,fixed-restorative,ceramic-material,material,approved_rule,legacy_category_rule,,unmatched,false,,材料,材料,瓷粉 / 陶瓷
YM-DB1-50,ZEO Dentine B1 (50g),YAMAKIN,fixed-restorative,ceramic-material,material,approved_rule,legacy_category_rule,,unmatched,false,,材料,材料,瓷粉 / 陶瓷
YM-DB2-20,ZEO Dentine B2 (20g),YAMAKIN,fixed-restorative,ceramic-material,material,approved_rule,legacy_category_rule,,unmatched,false,,材料,材料,瓷粉 / 陶瓷
YM-DB2-200,ZEO Dentine B2 (200g),YAMAKIN,fixed-restorative,ceramic-material,material,approved_rule,legacy_category_rule,,unmatched,false,,材料,材料,瓷粉 / 陶瓷
YM-DB2-50,ZEO Dentine B2 (50g),YAMAKIN,fixed-restorative,ceramic-material,material,approved_rule,legacy_category_rule,,unmatched,false,,材料,材料,瓷粉 / 陶瓷
YM-DB3-20,ZEO Dentine B3 (20g),YAMAKIN,fixed-restorative,ceramic-material,material,approved_rule,legacy_category_rule,,unmatched,false,,材料,材料,瓷粉 / 陶瓷
YM-DB3-200,ZEO Dentine B3 (200g),YAMAKIN,fixed-restorative,ceramic-material,material,approved_rule,legacy_category_rule,,unmatched,false,,材料,材料,瓷粉 / 陶瓷
YM-DB3-50,ZEO Dentine B3 (50g),YAMAKIN,fixed-restorative,ceramic-material,material,approved_rule,legacy_category_rule,,unmatched,false,,材料,材料,瓷粉 / 陶瓷
YM-DB4-20,ZEO Dentine B4 (20g),YAMAKIN,fixed-restorative,ceramic-material,material,approved_rule,legacy_category_rule,,unmatched,false,,材料,材料,瓷粉 / 陶瓷
YM-DB4-50,ZEO Dentine B4 (50g),YAMAKIN,fixed-restorative,ceramic-material,material,approved_rule,legacy_category_rule,,unmatched,false,,材料,材料,瓷粉 / 陶瓷
YM-DC1-20,ZEO Dentine C1 (20g),YAMAKIN,fixed-restorative,ceramic-material,material,approved_rule,legacy_category_rule,,unmatched,false,,材料,材料,瓷粉 / 陶瓷
YM-DC1-50,ZEO Dentine C1 (50g),YAMAKIN,fixed-restorative,ceramic-material,material,approved_rule,legacy_category_rule,,unmatched,false,,材料,材料,瓷粉 / 陶瓷
YM-DC2-20,ZEO Dentine C2 (20g),YAMAKIN,fixed-restorative,ceramic-material,material,approved_rule,legacy_category_rule,,unmatched,false,,材料,材料,瓷粉 / 陶瓷
YM-DC2-50,ZEO Dentine C2 (50g),YAMAKIN,fixed-restorative,ceramic-material,material,approved_rule,legacy_category_rule,,unmatched,false,,材料,材料,瓷粉 / 陶瓷
YM-DC3-20,ZEO Dentine C3 (20g),YAMAKIN,fixed-restorative,ceramic-material,material,approved_rule,legacy_category_rule,,unmatched,false,,材料,材料,瓷粉 / 陶瓷
YM-DC3-50,ZEO Dentine C3 (50g),YAMAKIN,fixed-restorative,ceramic-material,material,approved_rule,legacy_category_rule,,unmatched,false,,材料,材料,瓷粉 / 陶瓷
YM-DC4-20,ZEO Dentine C4 (20g),YAMAKIN,fixed-restorative,ceramic-material,material,approved_rule,legacy_category_rule,,unmatched,false,,材料,材料,瓷粉 / 陶瓷
YM-DC4-50,ZEO Dentine C4 (50g),YAMAKIN,fixed-restorative,ceramic-material,material,approved_rule,legacy_category_rule,,unmatched,false,,材料,材料,瓷粉 / 陶瓷
YM-DD2-20,ZEO Dentine D2 (20g),YAMAKIN,fixed-restorative,ceramic-material,material,approved_rule,legacy_category_rule,,unmatched,false,,材料,材料,瓷粉 / 陶瓷
YM-DD2-50,ZEO Dentine D2 (50g),YAMAKIN,fixed-restorative,ceramic-material,material,approved_rule,legacy_category_rule,,unmatched,false,,材料,材料,瓷粉 / 陶瓷
YM-DD3-20,ZEO Dentine D3 (20g),YAMAKIN,fixed-restorative,ceramic-material,material,approved_rule,legacy_category_rule,,unmatched,false,,材料,材料,瓷粉 / 陶瓷
YM-DD3-200,ZEO Dentine D3 (200g),YAMAKIN,fixed-restorative,ceramic-material,material,approved_rule,legacy_category_rule,,unmatched,false,,材料,材料,瓷粉 / 陶瓷
YM-DD3-50,ZEO Dentine D3  (50g),YAMAKIN,fixed-restorative,ceramic-material,material,approved_rule,legacy_category_rule,,unmatched,false,,材料,材料,瓷粉 / 陶瓷
YM-DD4-20,ZEO Dentine D4 (20g),YAMAKIN,fixed-restorative,ceramic-material,material,approved_rule,legacy_category_rule,,unmatched,false,,材料,材料,瓷粉 / 陶瓷
YM-DD4-50,ZEO Dentine D4  (50g),YAMAKIN,fixed-restorative,ceramic-material,material,approved_rule,legacy_category_rule,,unmatched,false,,材料,材料,瓷粉 / 陶瓷
YM-E1-20,ZEO Enamel E1 (20g),YAMAKIN,fixed-restorative,ceramic-material,material,approved_rule,legacy_category_rule,,unmatched,false,,材料,材料,瓷粉 / 陶瓷
YM-E1-50,ZEO Enamel E1 (50g),YAMAKIN,fixed-restorative,ceramic-material,material,approved_rule,legacy_category_rule,,unmatched,false,,材料,材料,瓷粉 / 陶瓷
YM-E2-20,ZEO Enamel E2 (20g),YAMAKIN,fixed-restorative,ceramic-material,material,approved_rule,legacy_category_rule,,unmatched,false,,材料,材料,瓷粉 / 陶瓷
YM-E2-200,ZEO Enamel E2 (200g),YAMAKIN,fixed-restorative,ceramic-material,material,approved_rule,legacy_category_rule,,unmatched,false,,材料,材料,瓷粉 / 陶瓷
YM-E2-50,ZEO Enamel E2 (50g),YAMAKIN,fixed-restorative,ceramic-material,material,approved_rule,legacy_category_rule,,unmatched,false,,材料,材料,瓷粉 / 陶瓷
YM-E3-20,ZEO Enamel E3 (20g),YAMAKIN,fixed-restorative,ceramic-material,material,approved_rule,legacy_category_rule,,unmatched,false,,材料,材料,瓷粉 / 陶瓷
YM-E3-200,ZEO Enamel E3 (200g),YAMAKIN,fixed-restorative,ceramic-material,material,approved_rule,legacy_category_rule,,unmatched,false,,材料,材料,瓷粉 / 陶瓷
YM-E3-50,ZEO Enamel E3 (50g),YAMAKIN,fixed-restorative,ceramic-material,material,approved_rule,legacy_category_rule,,unmatched,false,,材料,材料,瓷粉 / 陶瓷
YM-E4-20,ZEO Enamel E4 (20g),YAMAKIN,fixed-restorative,ceramic-material,material,approved_rule,legacy_category_rule,,unmatched,false,,材料,材料,瓷粉 / 陶瓷
YM-E4-50,ZEO Enamel E4 (50g),YAMAKIN,fixed-restorative,ceramic-material,material,approved_rule,legacy_category_rule,,unmatched,false,,材料,材料,瓷粉 / 陶瓷
YM-GUM-1,ZEO GUM-1  (20g),YAMAKIN,fixed-restorative,ceramic-material,material,approved_rule,legacy_category_rule,,unmatched,false,,材料,材料,瓷粉 / 陶瓷
YM-GUM-2,ZEO GUM-2 (20g),YAMAKIN,fixed-restorative,ceramic-material,material,approved_rule,legacy_category_rule,,unmatched,false,,材料,材料,瓷粉 / 陶瓷
YM-GUM-3,ZEO GUM-3 (20g),YAMAKIN,fixed-restorative,ceramic-material,material,approved_rule,legacy_category_rule,,unmatched,false,,材料,材料,瓷粉 / 陶瓷
YM-M1,ZEO Margin M1  (5g),YAMAKIN,fixed-restorative,ceramic-material,material,approved_rule,legacy_category_rule,,unmatched,false,,材料,材料,瓷粉 / 陶瓷
YM-M2,ZEO Margin M2 (5g),YAMAKIN,fixed-restorative,ceramic-material,material,approved_rule,legacy_category_rule,,unmatched,false,,材料,材料,瓷粉 / 陶瓷
YM-M3,ZEO Margin M3 (5g),YAMAKIN,fixed-restorative,ceramic-material,material,approved_rule,legacy_category_rule,,unmatched,false,,材料,材料,瓷粉 / 陶瓷
YM-M4,ZEO Margin M4 (5g),YAMAKIN,fixed-restorative,ceramic-material,material,approved_rule,legacy_category_rule,,unmatched,false,,材料,材料,瓷粉 / 陶瓷
YM-M5,ZEO Margin M5 (5g),YAMAKIN,fixed-restorative,ceramic-material,material,approved_rule,legacy_category_rule,,unmatched,false,,材料,材料,瓷粉 / 陶瓷
YM-OA0-20,ZEO Opaque Dentine OA0 (20g),YAMAKIN,fixed-restorative,ceramic-material,material,approved_rule,legacy_category_rule,,unmatched,false,,材料,材料,瓷粉 / 陶瓷
YM-OA1-20,ZEO Opaque Dentine OA1 (20g),YAMAKIN,fixed-restorative,ceramic-material,material,approved_rule,legacy_category_rule,,unmatched,false,,材料,材料,瓷粉 / 陶瓷
YM-OA1-50,ZEO Opaque Dentine OA1 (50g),YAMAKIN,fixed-restorative,ceramic-material,material,approved_rule,legacy_category_rule,,unmatched,false,,材料,材料,瓷粉 / 陶瓷
YM-OA2-20,ZEO Opaque Dentine OA2 (20g),YAMAKIN,fixed-restorative,ceramic-material,material,approved_rule,legacy_category_rule,,unmatched,false,,材料,材料,瓷粉 / 陶瓷
YM-OA2-200,ZEO Opaque Dentine OA2 (200g),YAMAKIN,fixed-restorative,ceramic-material,material,approved_rule,legacy_category_rule,,unmatched,false,,材料,材料,瓷粉 / 陶瓷
YM-OA2-50,ZEO Opaque Dentine OA2 (50g),YAMAKIN,fixed-restorative,ceramic-material,material,approved_rule,legacy_category_rule,,unmatched,false,,材料,材料,瓷粉 / 陶瓷
YM-OA3-20,ZEO Opaque Dentine OA3 (20g),YAMAKIN,fixed-restorative,ceramic-material,material,approved_rule,legacy_category_rule,,unmatched,false,,材料,材料,瓷粉 / 陶瓷
YM-OA3-200,ZEO Opaque Dentine OA3 (200g),YAMAKIN,fixed-restorative,ceramic-material,material,approved_rule,legacy_category_rule,,unmatched,false,,材料,材料,瓷粉 / 陶瓷
YM-OA3-50,ZEO Opaque Dentine OA3 (50g),YAMAKIN,fixed-restorative,ceramic-material,material,approved_rule,legacy_category_rule,,unmatched,false,,材料,材料,瓷粉 / 陶瓷
YM-OA3.5-20,ZEO Opaque Dentine OA3.5 (20g),YAMAKIN,fixed-restorative,ceramic-material,material,approved_rule,legacy_category_rule,,unmatched,false,,材料,材料,瓷粉 / 陶瓷
YM-OA3.5-200,ZEO Opaque Dentine OA3.5 (200g),YAMAKIN,fixed-restorative,ceramic-material,material,approved_rule,legacy_category_rule,,unmatched,false,,材料,材料,瓷粉 / 陶瓷
YM-OA3.5-50,ZEO Opaque Dentine OA3.5 (50g),YAMAKIN,fixed-restorative,ceramic-material,material,approved_rule,legacy_category_rule,,unmatched,false,,材料,材料,瓷粉 / 陶瓷
YM-OA4-20,ZEO Opaque Dentine OA4 (20g),YAMAKIN,fixed-restorative,ceramic-material,material,approved_rule,legacy_category_rule,,unmatched,false,,材料,材料,瓷粉 / 陶瓷
YM-OA4-50,ZEO Opaque Dentine OA4 (50g),YAMAKIN,fixed-restorative,ceramic-material,material,approved_rule,legacy_category_rule,,unmatched,false,,材料,材料,瓷粉 / 陶瓷
YM-OB0-20,ZEO Opaque Dentine OB0 (20g),YAMAKIN,fixed-restorative,ceramic-material,material,approved_rule,legacy_category_rule,,unmatched,false,,材料,材料,瓷粉 / 陶瓷
YM-OB1-20,ZEO Opaque Dentine OB1 (20g),YAMAKIN,fixed-restorative,ceramic-material,material,approved_rule,legacy_category_rule,,unmatched,false,,材料,材料,瓷粉 / 陶瓷
YM-OB1-50,ZEO Opaque Dentine OB1 (50g),YAMAKIN,fixed-restorative,ceramic-material,material,approved_rule,legacy_category_rule,,unmatched,false,,材料,材料,瓷粉 / 陶瓷
YM-OB2-20,ZEO Opaque Dentine OB2 (20g),YAMAKIN,fixed-restorative,ceramic-material,material,approved_rule,legacy_category_rule,,unmatched,false,,材料,材料,瓷粉 / 陶瓷
YM-OB2-50,ZEO Opaque Dentine OB2 (50g),YAMAKIN,fixed-restorative,ceramic-material,material,approved_rule,legacy_category_rule,,unmatched,false,,材料,材料,瓷粉 / 陶瓷
YM-OB3-20,ZEO Opaque Dentine OB3 (20g),YAMAKIN,fixed-restorative,ceramic-material,material,approved_rule,legacy_category_rule,,unmatched,false,,材料,材料,瓷粉 / 陶瓷
YM-OB3-50,ZEO Opaque Dentine OB3 (50g),YAMAKIN,fixed-restorative,ceramic-material,material,approved_rule,legacy_category_rule,,unmatched,false,,材料,材料,瓷粉 / 陶瓷
YM-OB4-20,ZEO Opaque Dentine OB4 (20g),YAMAKIN,fixed-restorative,ceramic-material,material,approved_rule,legacy_category_rule,,unmatched,false,,材料,材料,瓷粉 / 陶瓷
YM-OB4-50,ZEO Opaque Dentine OB4 (50g),YAMAKIN,fixed-restorative,ceramic-material,material,approved_rule,legacy_category_rule,,unmatched,false,,材料,材料,瓷粉 / 陶瓷
YM-OC1-20,ZEO Opaque Dentine OC1 (20g),YAMAKIN,fixed-restorative,ceramic-material,material,approved_rule,legacy_category_rule,,unmatched,false,,材料,材料,瓷粉 / 陶瓷
YM-OC1-50,ZEO Opaque Dentine OC1 (50g),YAMAKIN,fixed-restorative,ceramic-material,material,approved_rule,legacy_category_rule,,unmatched,false,,材料,材料,瓷粉 / 陶瓷
YM-OC2-20,ZEO Opaque Dentine OC2 (20g),YAMAKIN,fixed-restorative,ceramic-material,material,approved_rule,legacy_category_rule,,unmatched,false,,材料,材料,瓷粉 / 陶瓷
YM-OC2-50,ZEO Opaque Dentine OC2 (50g),YAMAKIN,fixed-restorative,ceramic-material,material,approved_rule,legacy_category_rule,,unmatched,false,,材料,材料,瓷粉 / 陶瓷
YM-OC3-20,ZEO Opaque Dentine OC3 (20g),YAMAKIN,fixed-restorative,ceramic-material,material,approved_rule,legacy_category_rule,,unmatched,false,,材料,材料,瓷粉 / 陶瓷
YM-OC3-50,ZEO Opaque Dentine OC3 (50g),YAMAKIN,fixed-restorative,ceramic-material,material,approved_rule,legacy_category_rule,,unmatched,false,,材料,材料,瓷粉 / 陶瓷
YM-OC4-20,ZEO Opaque Dentine OC4 (20g),YAMAKIN,fixed-restorative,ceramic-material,material,approved_rule,legacy_category_rule,,unmatched,false,,材料,材料,瓷粉 / 陶瓷
YM-OC4-50,ZEO Opaque Dentine OC4 (50g),YAMAKIN,fixed-restorative,ceramic-material,material,approved_rule,legacy_category_rule,,unmatched,false,,材料,材料,瓷粉 / 陶瓷
YM-OD2-20,ZEO Opaque Dentine OD2 (20g),YAMAKIN,fixed-restorative,ceramic-material,material,approved_rule,legacy_category_rule,,unmatched,false,,材料,材料,瓷粉 / 陶瓷
YM-OD2-50,ZEO Opaque Dentine OD2 (50g),YAMAKIN,fixed-restorative,ceramic-material,material,approved_rule,legacy_category_rule,,unmatched,false,,材料,材料,瓷粉 / 陶瓷
YM-OD3-20,ZEO Opaque Dentine OD3 (20g),YAMAKIN,fixed-restorative,ceramic-material,material,approved_rule,legacy_category_rule,,unmatched,false,,材料,材料,瓷粉 / 陶瓷
YM-OD3-50,ZEO Opaque Dentine OD3 (50g),YAMAKIN,fixed-restorative,ceramic-material,material,approved_rule,legacy_category_rule,,unmatched,false,,材料,材料,瓷粉 / 陶瓷
YM-OD4-20,ZEO Opaque Dentine OD4 (20g),YAMAKIN,fixed-restorative,ceramic-material,material,approved_rule,legacy_category_rule,,unmatched,false,,材料,材料,瓷粉 / 陶瓷
YM-OD4-50,ZEO Opaque Dentine OD4 (50g),YAMAKIN,fixed-restorative,ceramic-material,material,approved_rule,legacy_category_rule,,unmatched,false,,材料,材料,瓷粉 / 陶瓷
YM-OE1-20,ZEO Enamel Opal E1 (20g),YAMAKIN,fixed-restorative,ceramic-material,material,approved_rule,legacy_category_rule,,unmatched,false,,材料,材料,瓷粉 / 陶瓷
YM-OE1-50,ZEO Enamel Opal E1 (50g),YAMAKIN,fixed-restorative,ceramic-material,material,approved_rule,legacy_category_rule,,unmatched,false,,材料,材料,瓷粉 / 陶瓷
YM-OE2-20,ZEO Enamel Opal E2 (20g),YAMAKIN,fixed-restorative,ceramic-material,material,approved_rule,legacy_category_rule,,unmatched,false,,材料,材料,瓷粉 / 陶瓷
YM-OE2-200,ZEO Enamel Opal E2 (200g),YAMAKIN,fixed-restorative,ceramic-material,material,approved_rule,legacy_category_rule,,unmatched,false,,材料,材料,瓷粉 / 陶瓷
YM-OE2-50,ZEO Enamel Opal E2 (50g),YAMAKIN,fixed-restorative,ceramic-material,material,approved_rule,legacy_category_rule,,unmatched,false,,材料,材料,瓷粉 / 陶瓷
YM-OE3-20,ZEO Enamel Opal E3 (20g),YAMAKIN,fixed-restorative,ceramic-material,material,approved_rule,legacy_category_rule,,unmatched,false,,材料,材料,瓷粉 / 陶瓷
YM-OE3-200,ZEO Enamel Opal E3 (200g),YAMAKIN,fixed-restorative,ceramic-material,material,approved_rule,legacy_category_rule,,unmatched,false,,材料,材料,瓷粉 / 陶瓷
YM-OE3-50,ZEO Enamel Opal E3 (50g),YAMAKIN,fixed-restorative,ceramic-material,material,approved_rule,legacy_category_rule,,unmatched,false,,材料,材料,瓷粉 / 陶瓷
YM-OE4-20,ZEO Enamel Opal E4 (20g),YAMAKIN,fixed-restorative,ceramic-material,material,approved_rule,legacy_category_rule,,unmatched,false,,材料,材料,瓷粉 / 陶瓷
YM-OE4-50,ZEO Enamel Opal E4 (50g),YAMAKIN,fixed-restorative,ceramic-material,material,approved_rule,legacy_category_rule,,unmatched,false,,材料,材料,瓷粉 / 陶瓷
YM-OPQ-01,ZEO Super Opaque (3.5g),YAMAKIN,fixed-restorative,ceramic-material,material,approved_rule,legacy_category_rule,,unmatched,false,,材料,材料,瓷粉 / 陶瓷
YM-OPQ-A0,ZEO Opaque膏 A0 (3.5g),YAMAKIN,fixed-restorative,ceramic-material,material,approved_rule,legacy_category_rule,,unmatched,false,,材料,材料,瓷粉 / 陶瓷
YM-OPQ-A1,ZEO Opaque膏 A1 (3.5g),YAMAKIN,fixed-restorative,ceramic-material,material,approved_rule,legacy_category_rule,,unmatched,false,,材料,材料,瓷粉 / 陶瓷
YM-OPQ-A2,ZEO Opaque膏 A2 (3.5g),YAMAKIN,fixed-restorative,ceramic-material,material,approved_rule,legacy_category_rule,,unmatched,false,,材料,材料,瓷粉 / 陶瓷
YM-OPQ-A3,ZEO Opaque膏 A3 (3.5g),YAMAKIN,fixed-restorative,ceramic-material,material,approved_rule,legacy_category_rule,,unmatched,false,,材料,材料,瓷粉 / 陶瓷
YM-OPQ-A3.5,ZEO Opaque膏 A3.5 (3.5g),YAMAKIN,fixed-restorative,ceramic-material,material,approved_rule,legacy_category_rule,,unmatched,false,,材料,材料,瓷粉 / 陶瓷
YM-OPQ-A4,ZEO Opaque膏 A4 (3.5g),YAMAKIN,fixed-restorative,ceramic-material,material,approved_rule,legacy_category_rule,,unmatched,false,,材料,材料,瓷粉 / 陶瓷
YM-OPQ-B0,ZEO Opaque膏 B0 (3.5g),YAMAKIN,fixed-restorative,ceramic-material,material,approved_rule,legacy_category_rule,,unmatched,false,,材料,材料,瓷粉 / 陶瓷
YM-OPQ-B1,ZEO Opaque膏 B1 (3.5g),YAMAKIN,fixed-restorative,ceramic-material,material,approved_rule,legacy_category_rule,,unmatched,false,,材料,材料,瓷粉 / 陶瓷
YM-OPQ-B2,ZEO Opaque膏 B2 (3.5g),YAMAKIN,fixed-restorative,ceramic-material,material,approved_rule,legacy_category_rule,,unmatched,false,,材料,材料,瓷粉 / 陶瓷
YM-OPQ-B3,ZEO Opaque膏 B3 (3.5g),YAMAKIN,fixed-restorative,ceramic-material,material,approved_rule,legacy_category_rule,,unmatched,false,,材料,材料,瓷粉 / 陶瓷
YM-OPQ-B4,ZEO Opaque膏 B4 (3.5g),YAMAKIN,fixed-restorative,ceramic-material,material,approved_rule,legacy_category_rule,,unmatched,false,,材料,材料,瓷粉 / 陶瓷
YM-OPQ-C1,ZEO Opaque膏 C1 (3.5g),YAMAKIN,fixed-restorative,ceramic-material,material,approved_rule,legacy_category_rule,,unmatched,false,,材料,材料,瓷粉 / 陶瓷
YM-OPQ-C2,ZEO Opaque膏 C2 (3.5g),YAMAKIN,fixed-restorative,ceramic-material,material,approved_rule,legacy_category_rule,,unmatched,false,,材料,材料,瓷粉 / 陶瓷
YM-OPQ-C3,ZEO Opaque膏 C3 (3.5g),YAMAKIN,fixed-restorative,ceramic-material,material,approved_rule,legacy_category_rule,,unmatched,false,,材料,材料,瓷粉 / 陶瓷
YM-OPQ-C4,ZEO Opaque膏 C4 (3.5g),YAMAKIN,fixed-restorative,ceramic-material,material,approved_rule,legacy_category_rule,,unmatched,false,,材料,材料,瓷粉 / 陶瓷
YM-OPQ-D2,ZEO Opaque膏 D2 (3.5g),YAMAKIN,fixed-restorative,ceramic-material,material,approved_rule,legacy_category_rule,,unmatched,false,,材料,材料,瓷粉 / 陶瓷
YM-OPQ-D3,ZEO Opaque膏 D3 (3.5g),YAMAKIN,fixed-restorative,ceramic-material,material,approved_rule,legacy_category_rule,,unmatched,false,,材料,材料,瓷粉 / 陶瓷
YM-OPQ-D4,ZEO Opaque膏 D4 (3.5g),YAMAKIN,fixed-restorative,ceramic-material,material,approved_rule,legacy_category_rule,,unmatched,false,,材料,材料,瓷粉 / 陶瓷
YM-OPQ-VOA1-50,ZEO Opaque VO-A1 (50g),YAMAKIN,fixed-restorative,ceramic-material,material,approved_rule,legacy_category_rule,,unmatched,false,,材料,材料,瓷粉 / 陶瓷
YM-OPQ-VOA2-50,ZEO Opaque VO-A2 (50g),YAMAKIN,fixed-restorative,ceramic-material,material,approved_rule,legacy_category_rule,,unmatched,false,,材料,材料,瓷粉 / 陶瓷
YM-OPQ-VOA3-50,ZEO Opaque VO-A3 (50g),YAMAKIN,fixed-restorative,ceramic-material,material,approved_rule,legacy_category_rule,,unmatched,false,,材料,材料,瓷粉 / 陶瓷
YM-OPQ-VOA3.5-50,ZEO Opaque VO-A3.5 (50g),YAMAKIN,fixed-restorative,ceramic-material,material,approved_rule,legacy_category_rule,,unmatched,false,,材料,材料,瓷粉 / 陶瓷
YM-OPQ-VOA4-50,ZEO Opaque VO-A4 (50g),YAMAKIN,fixed-restorative,ceramic-material,material,approved_rule,legacy_category_rule,,unmatched,false,,材料,材料,瓷粉 / 陶瓷
YM-OPQ-VOB1-50,ZEO Opaque VO-B1 (50g),YAMAKIN,fixed-restorative,ceramic-material,material,approved_rule,legacy_category_rule,,unmatched,false,,材料,材料,瓷粉 / 陶瓷
YM-OPQ-VOB2-50,ZEO Opaque VO-B2 (50g),YAMAKIN,fixed-restorative,ceramic-material,material,approved_rule,legacy_category_rule,,unmatched,false,,材料,材料,瓷粉 / 陶瓷
YM-OPQ-VOB3-50,ZEO Opaque VO-B3 (50g),YAMAKIN,fixed-restorative,ceramic-material,material,approved_rule,legacy_category_rule,,unmatched,false,,材料,材料,瓷粉 / 陶瓷
YM-OPQ-VOB4-50,ZEO Opaque VO-B4 (50g),YAMAKIN,fixed-restorative,ceramic-material,material,approved_rule,legacy_category_rule,,unmatched,false,,材料,材料,瓷粉 / 陶瓷
YM-OPQ-VOC1-50,ZEO Opaque VO-C1 (50g),YAMAKIN,fixed-restorative,ceramic-material,material,approved_rule,legacy_category_rule,,unmatched,false,,材料,材料,瓷粉 / 陶瓷
YM-OPQ-VOC2-50,ZEO Opaque VO-C2 (50g),YAMAKIN,fixed-restorative,ceramic-material,material,approved_rule,legacy_category_rule,,unmatched,false,,材料,材料,瓷粉 / 陶瓷
YM-OPQ-VOC3-50,ZEO Opaque VO-C3 (50g),YAMAKIN,fixed-restorative,ceramic-material,material,approved_rule,legacy_category_rule,,unmatched,false,,材料,材料,瓷粉 / 陶瓷
YM-OPQ-VOC4-50,ZEO Opaque VO-C4 (50g),YAMAKIN,fixed-restorative,ceramic-material,material,approved_rule,legacy_category_rule,,unmatched,false,,材料,材料,瓷粉 / 陶瓷
YM-OPQ-VOD2-50,ZEO Opaque VO-D2 (50g),YAMAKIN,fixed-restorative,ceramic-material,material,approved_rule,legacy_category_rule,,unmatched,false,,材料,材料,瓷粉 / 陶瓷
YM-OPQ-VOD3-50,ZEO Opaque VO-D3 (50g),YAMAKIN,fixed-restorative,ceramic-material,material,approved_rule,legacy_category_rule,,unmatched,false,,材料,材料,瓷粉 / 陶瓷
YM-OPQ-VOD4-50,ZEO Opaque VO-D4 (50g),YAMAKIN,fixed-restorative,ceramic-material,material,approved_rule,legacy_category_rule,,unmatched,false,,材料,材料,瓷粉 / 陶瓷
YM-STAIN-01,ZEO Stain Glaze (3.5g),YAMAKIN,fixed-restorative,ceramic-material,material,approved_rule,legacy_category_rule,,unmatched,false,,材料,材料,瓷粉 / 陶瓷
YM-STAIN-02,ZEO Stain Light Orange 膏 (3.5g),YAMAKIN,fixed-restorative,ceramic-material,material,approved_rule,legacy_category_rule,,unmatched,false,,材料,材料,瓷粉 / 陶瓷
YM-STAIN-03,ZEO Stain Orange 膏 (3.5g),YAMAKIN,fixed-restorative,ceramic-material,material,approved_rule,legacy_category_rule,,unmatched,false,,材料,材料,瓷粉 / 陶瓷
YM-STAIN-04,ZEO Stain Gray 膏 (3.5g),YAMAKIN,fixed-restorative,ceramic-material,material,approved_rule,legacy_category_rule,,unmatched,false,,材料,材料,瓷粉 / 陶瓷
YM-STAIN-05,ZEO Stain Pink 膏 (3.5g),YAMAKIN,fixed-restorative,ceramic-material,material,approved_rule,legacy_category_rule,,unmatched,false,,材料,材料,瓷粉 / 陶瓷
YM-STAIN-06,ZEO Stain White (3.5g),YAMAKIN,fixed-restorative,ceramic-material,material,approved_rule,legacy_category_rule,,unmatched,false,,材料,材料,瓷粉 / 陶瓷
YM-STAIN-07,ZEO Stain Milky (3.5g),YAMAKIN,fixed-restorative,ceramic-material,material,approved_rule,legacy_category_rule,,unmatched,false,,材料,材料,瓷粉 / 陶瓷
YM-STAIN-08,ZEO Stain Brown (3.5g),YAMAKIN,fixed-restorative,ceramic-material,material,approved_rule,legacy_category_rule,,unmatched,false,,材料,材料,瓷粉 / 陶瓷
YM-STAIN-09,ZEO Stain Dark Brown (3.5g),YAMAKIN,fixed-restorative,ceramic-material,material,approved_rule,legacy_category_rule,,unmatched,false,,材料,材料,瓷粉 / 陶瓷
YM-STAIN-10,ZEO Stain Violet (3.5g),YAMAKIN,fixed-restorative,ceramic-material,material,approved_rule,legacy_category_rule,,unmatched,false,,材料,材料,瓷粉 / 陶瓷
YM-STAIN-11,ZEO Stain Blue (3.5g),YAMAKIN,fixed-restorative,ceramic-material,material,approved_rule,legacy_category_rule,,unmatched,false,,材料,材料,瓷粉 / 陶瓷
YM-STAIN-12,ZEO Stain Yellow (3.5g),YAMAKIN,fixed-restorative,ceramic-material,material,approved_rule,legacy_category_rule,,unmatched,false,,材料,材料,瓷粉 / 陶瓷
YM-STAIN-13,ZEO Stain Black (3.5g),YAMAKIN,fixed-restorative,ceramic-material,material,approved_rule,legacy_category_rule,,unmatched,false,,材料,材料,瓷粉 / 陶瓷
YM-STAIN-14,ZEO Stain Indigo (3.5g),YAMAKIN,fixed-restorative,ceramic-material,material,approved_rule,legacy_category_rule,,unmatched,false,,材料,材料,瓷粉 / 陶瓷
YM-STAIN-15,ZEO Stain Dark Pink (3.5g),YAMAKIN,fixed-restorative,ceramic-material,material,approved_rule,legacy_category_rule,,unmatched,false,,材料,材料,瓷粉 / 陶瓷
YM-STAIN-16,ZEO Stain Buff (3.5g),YAMAKIN,fixed-restorative,ceramic-material,material,approved_rule,legacy_category_rule,,unmatched,false,,材料,材料,瓷粉 / 陶瓷
YM-STAIN-17,ZEO Stain Amber (3.5g),YAMAKIN,fixed-restorative,ceramic-material,material,approved_rule,legacy_category_rule,,unmatched,false,,材料,材料,瓷粉 / 陶瓷
YM-STAIN-18,ZEO Stain Khaki (3.5g),YAMAKIN,fixed-restorative,ceramic-material,material,approved_rule,legacy_category_rule,,unmatched,false,,材料,材料,瓷粉 / 陶瓷
YM-SUP-D,ZEO Supplement SUP-D (5g),YAMAKIN,fixed-restorative,ceramic-material,material,approved_rule,legacy_category_rule,,unmatched,false,,材料,材料,瓷粉 / 陶瓷
YM-SUP-E,ZEO Supplement SUP-E (5g),YAMAKIN,fixed-restorative,ceramic-material,material,approved_rule,legacy_category_rule,,unmatched,false,,材料,材料,瓷粉 / 陶瓷
YM-SUP-T,ZEO Supplement SUP-T (5g),YAMAKIN,fixed-restorative,ceramic-material,material,approved_rule,legacy_category_rule,,unmatched,false,,材料,材料,瓷粉 / 陶瓷
YM-VDA1-20,ZEO Dentine VD-A1 (20g),YAMAKIN,fixed-restorative,ceramic-material,material,approved_rule,legacy_category_rule,,unmatched,false,,材料,材料,瓷粉 / 陶瓷
YM-VDA1-50,ZEO Dentine VD-A1 (50g),YAMAKIN,fixed-restorative,ceramic-material,material,approved_rule,legacy_category_rule,,unmatched,false,,材料,材料,瓷粉 / 陶瓷
YM-VDA2-20,ZEO Dentine VD-A2 (20g),YAMAKIN,fixed-restorative,ceramic-material,material,approved_rule,legacy_category_rule,,unmatched,false,,材料,材料,瓷粉 / 陶瓷
YM-VDA2-200,ZEO Dentine VD-A2 (200g),YAMAKIN,fixed-restorative,ceramic-material,material,approved_rule,legacy_category_rule,,unmatched,false,,材料,材料,瓷粉 / 陶瓷
YM-VDA2-50,ZEO Dentine VD-A2 (50g),YAMAKIN,fixed-restorative,ceramic-material,material,approved_rule,legacy_category_rule,,unmatched,false,,材料,材料,瓷粉 / 陶瓷
YM-VDA3-20,ZEO Dentine VD-A3 (20g),YAMAKIN,fixed-restorative,ceramic-material,material,approved_rule,legacy_category_rule,,unmatched,false,,材料,材料,瓷粉 / 陶瓷
YM-VDA3-200,ZEO Dentine VD-A3 (200g),YAMAKIN,fixed-restorative,ceramic-material,material,approved_rule,legacy_category_rule,,unmatched,false,,材料,材料,瓷粉 / 陶瓷
YM-VDA3-50,ZEO Dentine VD-A3 (50g),YAMAKIN,fixed-restorative,ceramic-material,material,approved_rule,legacy_category_rule,,unmatched,false,,材料,材料,瓷粉 / 陶瓷
YM-VDA3.5-20,ZEO Dentine VD-A3.5 (20g),YAMAKIN,fixed-restorative,ceramic-material,material,approved_rule,legacy_category_rule,,unmatched,false,,材料,材料,瓷粉 / 陶瓷
YM-VDA3.5-200,ZEO Dentine VD-A3.5 (200g),YAMAKIN,fixed-restorative,ceramic-material,material,approved_rule,legacy_category_rule,,unmatched,false,,材料,材料,瓷粉 / 陶瓷
YM-VDA3.5-50,ZEO Dentine VD-A3.5 (50g),YAMAKIN,fixed-restorative,ceramic-material,material,approved_rule,legacy_category_rule,,unmatched,false,,材料,材料,瓷粉 / 陶瓷
YM-VDA4-20,ZEO Dentine VD-A4 (20g),YAMAKIN,fixed-restorative,ceramic-material,material,approved_rule,legacy_category_rule,,unmatched,false,,材料,材料,瓷粉 / 陶瓷
YM-VDA4-50,ZEO Dentine VD-A4 (50g),YAMAKIN,fixed-restorative,ceramic-material,material,approved_rule,legacy_category_rule,,unmatched,false,,材料,材料,瓷粉 / 陶瓷
YM-VSP,ZEO Dentine VSP  (20g),YAMAKIN,fixed-restorative,ceramic-material,material,approved_rule,legacy_category_rule,,unmatched,false,,材料,材料,瓷粉 / 陶瓷
YM-VSP-50,ZEO Dentine VSP  (50g),YAMAKIN,fixed-restorative,ceramic-material,material,approved_rule,legacy_category_rule,,unmatched,false,,材料,材料,瓷粉 / 陶瓷
YMH-01,Basis 慢性粉 (LF Pink)/1Kg,YAMAHACHI,removable-prosthetics,resin-material,material,approved_rule,legacy_category_rule,,unmatched,false,,材料,材料,樹脂材料
YMH-01-1,Basis 慢性粉 (LF Pink)/3kg,YAMAHACHI,removable-prosthetics,resin-material,material,approved_rule,legacy_category_rule,,unmatched,false,,材料,材料,樹脂材料
YMH-02,Basis 慢性水 /1000ml,YAMAHACHI,fixed-restorative,ceramic-material,material,approved_rule,legacy_category_rule,,unmatched,false,,材料,材料,瓷粉 / 陶瓷
YMH-03,Basis Quick 慢性粉(15分鐘快煮式)/1Kg,YAMAHACHI,fixed-restorative,ceramic-material,material,approved_rule,legacy_category_rule,,unmatched,false,,材料,材料,瓷粉 / 陶瓷
YMH-04,Basis Quick 慢性水/500ml,YAMAHACHI,fixed-restorative,ceramic-material,material,approved_rule,legacy_category_rule,,unmatched,false,,材料,材料,瓷粉 / 陶瓷
YMH-05-1,Re-Fine Bright (A3)速性粉組,YAMAHACHI,removable-prosthetics,resin-material,material,approved_rule,legacy_category_rule,,unmatched,false,,材料,材料,樹脂材料
YMH-05-2,Re-Fine Bright (LF Pink)速性粉組,YAMAHACHI,removable-prosthetics,resin-material,material,approved_rule,legacy_category_rule,,unmatched,false,,材料,材料,樹脂材料
YMH-05-3,Re-Fine Bright (A2)速性粉組,YAMAHACHI,removable-prosthetics,resin-material,material,approved_rule,legacy_category_rule,,unmatched,false,,材料,材料,樹脂材料
YMH-05-4,Re-Fine Bright 速性粉A3 (250g),YAMAHACHI,removable-prosthetics,resin-material,material,approved_rule,legacy_category_rule,,unmatched,false,,材料,材料,樹脂材料
YMH-05-5,Re-Fine Bright 速性粉LF Pink (250g),YAMAHACHI,removable-prosthetics,resin-material,material,approved_rule,legacy_category_rule,,unmatched,false,,材料,材料,樹脂材料
YMH-05-6,Re-Fine Bright 速性粉A2 (250g),YAMAHACHI,removable-prosthetics,resin-material,material,approved_rule,legacy_category_rule,,unmatched,false,,材料,材料,樹脂材料
YMH-06,Re-Fine Bright 速性水/260ml,YAMAHACHI,removable-prosthetics,resin-material,material,approved_rule,legacy_category_rule,,unmatched,false,,材料,材料,樹脂材料
YMH-07-1,Basing Resin 牙托粉 (Pink),YAMAHACHI,removable-prosthetics,resin-material,material,approved_rule,legacy_category_rule,,unmatched,false,,材料,材料,樹脂材料
YMH-07-2,Basing Resin 牙托粉 (Blue),YAMAHACHI,removable-prosthetics,resin-material,material,approved_rule,legacy_category_rule,,unmatched,false,,材料,材料,樹脂材料
YMH-07-3,Basing Resin 牙托粉(PINK),YAMAHACHI,removable-prosthetics,resin-material,material,approved_rule,legacy_category_rule,,unmatched,false,,材料,材料,樹脂材料
YMH-07-4,Basing Resin 專用液(500ml),YAMAHACHI,removable-prosthetics,resin-material,material,approved_rule,legacy_category_rule,,unmatched,false,,藥液,材料,樹脂材料
YMH-07-5,Basing Resin 牙托粉(BLUE),YAMAHACHI,removable-prosthetics,resin-material,material,approved_rule,legacy_category_rule,,unmatched,false,,材料,材料,樹脂材料
YMH-08,Apollon Sep 樹脂分離劑/500ml,YAMAHACHI,lab-production,process-liquid,consumable,approved_rule,legacy_category_rule,,unmatched,false,,藥液,輔助工具,專用液 / 藥劑
YMH-09,Apollon Vanish 腊分離劑/100ml,YAMAHACHI,lab-production,process-liquid,consumable,approved_rule,legacy_category_rule,,unmatched,false,,藥液,輔助工具,專用液 / 藥劑
YMH-10-1,Paraffin Wax (硬) /1Kg,YAMAHACHI,fixed-restorative,ceramic-material,material,approved_rule,legacy_category_rule,,unmatched,false,,材料,材料,瓷粉 / 陶瓷
YMH-10-2,Paraffin Wax (中) /Kg,YAMAHACHI,fixed-restorative,ceramic-material,material,approved_rule,legacy_category_rule,,unmatched,false,,材料,材料,瓷粉 / 陶瓷
YMH-10-3,Paraffin Wax (軟) /Kg,YAMAHACHI,fixed-restorative,ceramic-material,material,approved_rule,legacy_category_rule,,unmatched,false,,材料,材料,瓷粉 / 陶瓷
YMH-11-1,Cast Wax 腊冠 (Green/Hard)/50g,YAMAHACHI,fixed-restorative,ceramic-material,material,approved_rule,legacy_category_rule,,unmatched,false,,材料,材料,瓷粉 / 陶瓷
YMH-11-2,Cast Wax 腊冠 (Green/Medium)/50g,YAMAHACHI,fixed-restorative,ceramic-material,material,approved_rule,legacy_category_rule,,unmatched,false,,材料,材料,瓷粉 / 陶瓷
YMH-11-3,Cast Wax 腊冠 (Red/Hard)/50g,YAMAHACHI,fixed-restorative,ceramic-material,material,approved_rule,legacy_category_rule,,unmatched,false,,材料,材料,瓷粉 / 陶瓷
YMH-12,Ortho Bright Color 矯正用樹脂粉,YAMAHACHI,removable-prosthetics,resin-material,material,approved_rule,legacy_category_rule,,unmatched,false,,材料,材料,樹脂材料
YMH-13-1,Ortho Bright Powder 矯正樹脂粉/500g,YAMAHACHI,removable-prosthetics,resin-material,material,approved_rule,legacy_category_rule,,unmatched,false,,材料,材料,樹脂材料
YMH-13-2,Ortho Bright Liquid (Clear) 矯正樹脂水/250ml,YAMAHACHI,removable-prosthetics,resin-material,material,approved_rule,legacy_category_rule,,unmatched,false,,材料,材料,樹脂材料
YMH-13-3,Ortho Bright Powder 矯正樹脂粉/50g,YAMAHACHI,removable-prosthetics,resin-material,material,approved_rule,legacy_category_rule,,unmatched,false,,材料,材料,樹脂材料
YMH-13-4,Ortho Bright (Pink) 矯正樹脂水/250ml,YAMAHACHI,removable-prosthetics,resin-material,material,approved_rule,legacy_category_rule,,unmatched,false,,材料,材料,樹脂材料
YMH-14-1,Rolling Wax 5mm (270g),YAMAHACHI,fixed-restorative,ceramic-material,material,approved_rule,legacy_category_rule,,unmatched,false,,材料,材料,瓷粉 / 陶瓷
YMH-14-2,Rolling Wax 6mm (270g),YAMAHACHI,fixed-restorative,ceramic-material,material,approved_rule,legacy_category_rule,,unmatched,false,,材料,材料,瓷粉 / 陶瓷
YMH-14-3,Rolling Wax 7mm (270g),YAMAHACHI,fixed-restorative,ceramic-material,material,approved_rule,legacy_category_rule,,unmatched,false,,材料,材料,瓷粉 / 陶瓷
YMH-15,DIA POLISHER 毛刷(3pc/組),YAMAHACHI,fixed-restorative,ceramic-material,material,approved_rule,legacy_category_rule,,unmatched,false,,材料,材料,瓷粉 / 陶瓷
YMH-16,BASEPLATE(基底板),YAMAHACHI,fixed-restorative,ceramic-material,material,approved_rule,legacy_category_rule,,unmatched,false,,材料,材料,瓷粉 / 陶瓷
YMH-17-1,Curving Wax Green (50g/盒),YAMAHACHI,lab-production,wax-pressing-material,material,approved_rule,legacy_category_rule,,unmatched,false,,材料,材料,蠟 / 壓鑄材
YMH-17-2,Curving Wax Ivory (50g/盒),YAMAHACHI,lab-production,wax-pressing-material,material,approved_rule,legacy_category_rule,,unmatched,false,,材料,材料,蠟 / 壓鑄材
YMH-17-3,Carving Wax Grey (50g/盒),YAMAHACHI,fixed-restorative,ceramic-material,material,approved_rule,legacy_category_rule,,unmatched,false,,材料,材料,瓷粉 / 陶瓷
YMH-17-4,Curving Wax Blue (50g/盒),YAMAHACHI,lab-production,wax-pressing-material,material,approved_rule,legacy_category_rule,,unmatched,false,,材料,材料,蠟 / 壓鑄材
YMH-17-5,Curving Wax Red(50g/盒),YAMAHACHI,lab-production,wax-pressing-material,material,approved_rule,legacy_category_rule,,unmatched,false,,材料,材料,蠟 / 壓鑄材
YMH-18,Neorium 鉬合金金屬,YAMAHACHI,fixed-restorative,metal-material,material,approved_rule,legacy_category_rule,,unmatched,false,,材料,材料,金屬材料
YMH-19,Neo White (5Kg/箱),YAMAHACHI,fixed-restorative,ceramic-material,material,approved_rule,legacy_category_rule,,unmatched,false,,材料,材料,瓷粉 / 陶瓷
YMH-20,Neo White Liquide (500ml),YAMAHACHI,fixed-restorative,ceramic-material,material,approved_rule,legacy_category_rule,,unmatched,false,,材料,材料,瓷粉 / 陶瓷
YMH-21-1,Curving Wax 條腊 象牙白 (140g/合),YAMAHACHI,lab-production,wax-pressing-material,material,approved_rule,legacy_category_rule,,unmatched,false,,材料,材料,蠟 / 壓鑄材
YMH-21-2,Curving Wax 條腊 綠 (140g/合),YAMAHACHI,lab-production,wax-pressing-material,material,approved_rule,legacy_category_rule,,unmatched,false,,材料,材料,蠟 / 壓鑄材
YMH-21-3,Curving Wax 條腊 紅 (140g/合),YAMAHACHI,lab-production,wax-pressing-material,material,approved_rule,legacy_category_rule,,unmatched,false,,材料,材料,蠟 / 壓鑄材
YMH-21-4,Curving Wax 條腊 灰 (140g/合),YAMAHACHI,lab-production,wax-pressing-material,material,approved_rule,legacy_category_rule,,unmatched,false,,材料,材料,蠟 / 壓鑄材
YMH-21-5,Curving Wax 條腊 藍 (140g/合),YAMAHACHI,lab-production,wax-pressing-material,material,approved_rule,legacy_category_rule,,unmatched,false,,材料,材料,蠟 / 壓鑄材
YMH-22-1,New Cera Sheet 小坩堝纖維片(12pc),YAMAHACHI,lab-equipment,equipment-accessory,accessory,needs_review,researched_unresolved,,unmatched,true,ambiguous_legacy_category,配件,耗材,設備配件
YMH-22-2,New Cera Sheet 大坩堝纖維片(10pc),YAMAHACHI,lab-equipment,equipment-accessory,accessory,needs_review,researched_unresolved,,unmatched,true,ambiguous_legacy_category,配件,耗材,設備配件
YMH-23,Pattern Bright 重合樹脂粉 (粉100g/液100ml),YAMAHACHI,fixed-restorative,ceramic-material,material,approved_rule,legacy_category_rule,,unmatched,false,,材料,材料,瓷粉 / 陶瓷
YMH-24-1,RE-Fine EX 速性修補粉 LF-Pink/100g,YAMAHACHI,fixed-restorative,ceramic-material,material,approved_rule,legacy_category_rule,,unmatched,false,,材料,材料,瓷粉 / 陶瓷
YMH-24-2,RE-Fine EX 速性修補粉 (Ivory)/100g,YAMAHACHI,fixed-restorative,ceramic-material,material,approved_rule,legacy_category_rule,,unmatched,false,,材料,材料,瓷粉 / 陶瓷
YMH-25,RE-Fine EX 速性修補水 (100ml),YAMAHACHI,fixed-restorative,ceramic-material,material,approved_rule,legacy_category_rule,,unmatched,false,,材料,材料,瓷粉 / 陶瓷
YMH-26,Palatal Bur Wire 矯正線(3pcs),YAMAHACHI,lab-production,bur-drill,consumable,approved_rule,legacy_category_rule,,unmatched,false,,耗材,耗材,車針 / 鑽針
YMH-27,Break 石膏溶解液/1000ml,YAMAHACHI,lab-production,investment-gypsum,material,approved_rule,legacy_category_rule,,unmatched,false,,材料,材料,包埋 / 石膏
YMH-28,Basis Hi 慢性粉 (LF Pink)/1Kg,YAMAHACHI,fixed-restorative,ceramic-material,material,approved_rule,legacy_category_rule,,unmatched,false,,材料,材料,瓷粉 / 陶瓷
YMH-29,Cera Sep 瓷粉分離劑(20ml),YAMAHACHI,fixed-restorative,ceramic-material,material,approved_rule,legacy_category_rule,,unmatched,false,,材料,材料,瓷粉 / 陶瓷
YMH-30,Dipping Wax 腊(200g),YAMAHACHI,fixed-restorative,ceramic-material,material,approved_rule,legacy_category_rule,,unmatched,false,,材料,材料,瓷粉 / 陶瓷
YMH-30-1,Wax Disk 蠟塊,YAMAHACHI,lab-production,wax-pressing-material,material,approved_rule,legacy_category_rule,,unmatched,false,,材料,材料,蠟 / 壓鑄材
YMH-31,Wax Disk 蠟塊 (98.5*20mm),YAMAHACHI,digital-manufacturing,wax-blank,material,approved_rule,legacy_category_rule,YMH-WAX,exact_unique,false,,材料,材料,蠟塊
YMH-31-10,Wax Disk 蠟塊 (98.5*10mm),YAMAHACHI,digital-manufacturing,wax-blank,material,approved_rule,legacy_category_rule,YMH-WAX,exact_unique,false,,材料,材料,蠟塊
YMH-31-12,Wax Disk 腊塊 (98.5*12mm),YAMAHACHI,digital-manufacturing,wax-blank,material,approved_rule,legacy_category_rule,YMH-WAX,exact_unique,false,,材料,材料,蠟塊
YMH-31-14,Wax Disk 腊塊 (98.5*14mm),YAMAHACHI,digital-manufacturing,wax-blank,material,approved_rule,legacy_category_rule,YMH-WAX,exact_unique,false,,材料,材料,蠟塊
YMH-31-16,Wax Disk 腊塊 (98.5*16mm),YAMAHACHI,digital-manufacturing,wax-blank,material,approved_rule,legacy_category_rule,YMH-WAX,exact_unique,false,,材料,材料,蠟塊
YMH-31-18,Wax Disk 腊塊 (98.5*18mm),YAMAHACHI,digital-manufacturing,wax-blank,material,approved_rule,legacy_category_rule,YMH-WAX,exact_unique,false,,材料,材料,蠟塊
YMH-31-22,Wax Disk 腊塊 (98.5*22mm),YAMAHACHI,digital-manufacturing,wax-blank,material,approved_rule,legacy_category_rule,YMH-WAX,exact_unique,false,,材料,材料,蠟塊
YMH-31-25,Wax Disk 腊塊 (98.5*25mm),YAMAHACHI,digital-manufacturing,wax-blank,material,approved_rule,legacy_category_rule,YMH-WAX,exact_unique,false,,材料,材料,蠟塊
YMH-32,Wax Disk 綠腊塊 (95*16mm),YAMAHACHI,digital-manufacturing,wax-blank,material,approved_rule,legacy_category_rule,YMH-WAX,exact_unique,false,,材料,材料,蠟塊
YMH-32-10,Wax Disk 綠腊塊 (95*10mm),YAMAHACHI,digital-manufacturing,wax-blank,material,approved_rule,legacy_category_rule,YMH-WAX,exact_unique,false,,材料,材料,蠟塊
YMH-32-14,Wax Disk 綠腊塊 (95*14mm),YAMAHACHI,digital-manufacturing,wax-blank,material,approved_rule,legacy_category_rule,YMH-WAX,exact_unique,false,,材料,材料,蠟塊
YMH-32-18,Wax Disk 綠腊塊 (95*18mm),YAMAHACHI,digital-manufacturing,wax-blank,material,approved_rule,legacy_category_rule,YMH-WAX,exact_unique,false,,材料,材料,蠟塊
YMH-32-20,Wax Disk 綠腊塊 (95*20mm),YAMAHACHI,digital-manufacturing,wax-blank,material,approved_rule,legacy_category_rule,YMH-WAX,exact_unique,false,,材料,材料,蠟塊
YMH-33,Temp 樹脂腊,YAMAHACHI,fixed-restorative,ceramic-material,material,approved_rule,legacy_category_rule,,unmatched,false,,材料,材料,瓷粉 / 陶瓷
YMH-34-25,PMMA PINK (95*25mm),YAMAHACHI,digital-manufacturing,pmma-blank,material,approved_rule,legacy_category_rule,YMH-PMMA,exact_unique,false,,材料,材料,PMMA 塊
YMH-34-A1,PMMA A1 (95*20mm),YAMAHACHI,digital-manufacturing,pmma-blank,material,approved_rule,legacy_category_rule,YMH-PMMA,exact_unique,false,,材料,材料,PMMA 塊
YMH-34-A1-25,PMMA A1 (95*25mm),YAMAHACHI,digital-manufacturing,pmma-blank,material,approved_rule,legacy_category_rule,YMH-PMMA,exact_unique,false,,材料,材料,PMMA 塊
YMH-34-A2,PMMA A2 (95*20mm),YAMAHACHI,digital-manufacturing,pmma-blank,material,approved_rule,legacy_category_rule,YMH-PMMA,exact_unique,false,,材料,材料,PMMA 塊
YMH-34-A2-16,PMMA A2 (95*16mm),YAMAHACHI,digital-manufacturing,pmma-blank,material,approved_rule,legacy_category_rule,YMH-PMMA,exact_unique,false,,材料,材料,PMMA 塊
YMH-34-A2-25,PMMA A2 (95*25mm),YAMAHACHI,digital-manufacturing,pmma-blank,material,approved_rule,legacy_category_rule,YMH-PMMA,exact_unique,false,,材料,材料,PMMA 塊
YMH-34-A3,PMMA A3 (95*20mm),YAMAHACHI,digital-manufacturing,pmma-blank,material,approved_rule,legacy_category_rule,YMH-PMMA,exact_unique,false,,材料,材料,PMMA 塊
YMH-34-A3-16,PMMA A3 (95*16mm),YAMAHACHI,digital-manufacturing,pmma-blank,material,approved_rule,legacy_category_rule,YMH-PMMA,exact_unique,false,,材料,材料,PMMA 塊
YMH-34-A3-25,PMMA A3 (95*25mm),YAMAHACHI,digital-manufacturing,pmma-blank,material,approved_rule,legacy_category_rule,YMH-PMMA,exact_unique,false,,材料,材料,PMMA 塊
YMH-35-1-A1,PMMA Dual Color A1 (98.5*35mm),YAMAHACHI,digital-manufacturing,pmma-blank,material,approved_rule,legacy_category_rule,YMH-PMMA,exact_unique,false,,材料,材料,PMMA 塊
YMH-35-1-A2,PMMA Dual Color A2 (98.5*35mm),YAMAHACHI,digital-manufacturing,pmma-blank,material,approved_rule,legacy_category_rule,YMH-PMMA,exact_unique,false,,材料,材料,PMMA 塊
YMH-35-1-A3,PMMA Dual Color A3 (98.5*35mm),YAMAHACHI,digital-manufacturing,pmma-blank,material,approved_rule,legacy_category_rule,YMH-PMMA,exact_unique,false,,材料,材料,PMMA 塊
YMH-35-A1,PMMA A1 (98.5*20mm),YAMAHACHI,digital-manufacturing,pmma-blank,material,approved_rule,legacy_category_rule,YMH-PMMA,exact_unique,false,,材料,材料,PMMA 塊
YMH-35-A1-15,PMMA A1 (98.5*15mm),YAMAHACHI,digital-manufacturing,pmma-blank,material,approved_rule,legacy_category_rule,YMH-PMMA,exact_unique,false,,材料,材料,PMMA 塊
YMH-35-A1-25,PMMA A1 (98.5*25mm),YAMAHACHI,digital-manufacturing,pmma-blank,material,approved_rule,legacy_category_rule,YMH-PMMA,exact_unique,false,,材料,材料,PMMA 塊
YMH-35-A2,PMMA A2 (98.5*20mm),YAMAHACHI,digital-manufacturing,pmma-blank,material,approved_rule,legacy_category_rule,YMH-PMMA,exact_unique,false,,材料,材料,PMMA 塊
YMH-35-A2-16,PMMA A2 (98.5*16mm),YAMAHACHI,digital-manufacturing,pmma-blank,material,approved_rule,legacy_category_rule,YMH-PMMA,exact_unique,false,,材料,材料,PMMA 塊
YMH-35-A2-25,PMMA A2 (98.5*25mm),YAMAHACHI,digital-manufacturing,pmma-blank,material,approved_rule,legacy_category_rule,YMH-PMMA,exact_unique,false,,材料,材料,PMMA 塊
YMH-35-A3,PMMA A3 (98.5*20mm),YAMAHACHI,digital-manufacturing,pmma-blank,material,approved_rule,legacy_category_rule,YMH-PMMA,exact_unique,false,,材料,材料,PMMA 塊
YMH-35-A3-16,PMMA A3 (98.5*16mm),YAMAHACHI,digital-manufacturing,pmma-blank,material,approved_rule,legacy_category_rule,YMH-PMMA,exact_unique,false,,材料,材料,PMMA 塊
YMH-35-A3-25,PMMA A3 (98.5*25mm),YAMAHACHI,digital-manufacturing,pmma-blank,material,approved_rule,legacy_category_rule,YMH-PMMA,exact_unique,false,,材料,材料,PMMA 塊
YMH-35-A3.5,PMMA A3.5 (98.5*20mm),YAMAHACHI,digital-manufacturing,pmma-blank,material,approved_rule,legacy_category_rule,YMH-PMMA,exact_unique,false,,材料,材料,PMMA 塊
YMH-35-W-18,PMMA W0.5 (98.5*18mm),YAMAHACHI,digital-manufacturing,pmma-blank,material,approved_rule,legacy_category_rule,YMH-PMMA,exact_unique,false,,材料,材料,PMMA 塊
YMH-36-20,PMMA Pink (98.5*20mm),YAMAHACHI,digital-manufacturing,pmma-blank,material,approved_rule,legacy_category_rule,YMH-PMMA,exact_unique,false,,材料,材料,PMMA 塊
YMH-36-25,PMMA Pink (98.5*25mm),YAMAHACHI,digital-manufacturing,pmma-blank,material,approved_rule,legacy_category_rule,YMH-PMMA,exact_unique,false,,材料,材料,PMMA 塊
YMH-36-30,PMMA Pink (98.5*30mm),YAMAHACHI,digital-manufacturing,pmma-blank,material,approved_rule,legacy_category_rule,YMH-PMMA,exact_unique,false,,材料,材料,PMMA 塊
YMH-36-35,PMMA Pink (98.5*35mm),YAMAHACHI,digital-manufacturing,pmma-blank,material,approved_rule,legacy_category_rule,YMH-PMMA,exact_unique,false,,材料,材料,PMMA 塊
YMH-36-A2,PMMA多層透 A2+ (98.5*20mm),YAMAHACHI,digital-manufacturing,pmma-blank,material,approved_rule,legacy_category_rule,YMH-PMMA,exact_unique,false,,材料,材料,PMMA 塊
YMH-36-A3,PMMA多層透 A3+ (98.5*20mm),YAMAHACHI,digital-manufacturing,pmma-blank,material,approved_rule,legacy_category_rule,YMH-PMMA,exact_unique,false,,材料,材料,PMMA 塊
YMH-37-14,Wax Disk 腊塊 (98.5*14mm)象牙白,YAMAHACHI,digital-manufacturing,wax-blank,material,approved_rule,legacy_category_rule,YMH-WAX,exact_unique,false,,材料,材料,蠟塊
YMH-37-16,Wax Disk 腊塊 (98.5*16mm)象牙白,YAMAHACHI,digital-manufacturing,wax-blank,material,approved_rule,legacy_category_rule,YMH-WAX,exact_unique,false,,材料,材料,蠟塊
YMH-37-20,Wax Disk 腊塊 (98.5*20mm)象牙白,YAMAHACHI,digital-manufacturing,wax-blank,material,approved_rule,legacy_category_rule,YMH-WAX,exact_unique,false,,材料,材料,蠟塊
YMH-38-16,Wax Disk 腊塊 (95*16mm)象牙白,YAMAHACHI,digital-manufacturing,wax-blank,material,approved_rule,legacy_category_rule,YMH-WAX,exact_unique,false,,材料,材料,蠟塊
YMH-38-20,Wax Disk 腊塊 (95*20mm)象牙白,YAMAHACHI,digital-manufacturing,wax-blank,material,approved_rule,legacy_category_rule,YMH-WAX,exact_unique,false,,材料,材料,蠟塊
YMH-39,PMMA Clear (98.5*20mm),YAMAHACHI,digital-manufacturing,pmma-blank,material,approved_rule,legacy_category_rule,YMH-PMMA,exact_unique,false,,材料,材料,PMMA 塊
YMH-39-1-16,PMMA Clear (98.5*16mm),YAMAHACHI,digital-manufacturing,pmma-blank,material,approved_rule,legacy_category_rule,YMH-PMMA,exact_unique,false,,材料,材料,PMMA 塊
YMH-39-20,PMMA Clear (95*20mm),YAMAHACHI,digital-manufacturing,pmma-blank,material,approved_rule,legacy_category_rule,YMH-PMMA,exact_unique,false,,材料,材料,PMMA 塊
YMH-39-20-16,PMMA Clear (95*16mm),YAMAHACHI,digital-manufacturing,pmma-blank,material,approved_rule,legacy_category_rule,YMH-PMMA,exact_unique,false,,材料,材料,PMMA 塊
YMH-39-25,PMMA Clear (95*25mm),YAMAHACHI,digital-manufacturing,pmma-blank,material,approved_rule,legacy_category_rule,YMH-PMMA,exact_unique,false,,材料,材料,PMMA 塊
YMH-40,Blue Shine 打亮膏 (50g),YAMAHACHI,fixed-restorative,ceramic-material,material,approved_rule,legacy_category_rule,,unmatched,false,,材料,材料,瓷粉 / 陶瓷
YMH-40-1,Blue Shine 打亮膏 (300g),YAMAHACHI,fixed-restorative,ceramic-material,material,approved_rule,legacy_category_rule,,unmatched,false,,材料,材料,瓷粉 / 陶瓷
YMH-40-20,PMMA Clear (98.5*20mm)XXXXX,YAMAHACHI,digital-manufacturing,pmma-blank,material,approved_rule,legacy_category_rule,,unmatched,false,,材料,材料,PMMA 塊
YMH-40-25,PMMA Clear (98.5*25mm),YAMAHACHI,digital-manufacturing,pmma-blank,material,approved_rule,legacy_category_rule,YMH-PMMA,exact_unique,false,,材料,材料,PMMA 塊
YMH-40-30,PMMA Clear (98.5*30mm),YAMAHACHI,digital-manufacturing,pmma-blank,material,approved_rule,legacy_category_rule,YMH-PMMA,exact_unique,false,,材料,材料,PMMA 塊
YMH-41-1,Provfine Powder A3 (50g),YAMAHACHI,fixed-restorative,ceramic-material,material,approved_rule,legacy_category_rule,,unmatched,false,,材料,材料,瓷粉 / 陶瓷
YMH-41-2,Provfine Powder LF-Pink (50g),YAMAHACHI,fixed-restorative,ceramic-material,material,approved_rule,legacy_category_rule,,unmatched,false,,材料,材料,瓷粉 / 陶瓷
YMH-42-1,Acryshot Live Light Pink,YAMAHACHI,fixed-restorative,ceramic-material,material,approved_rule,legacy_category_rule,,unmatched,false,,材料,材料,瓷粉 / 陶瓷
YMH-43-1,Basis Elast (Marble Alpha),YAMAHACHI,fixed-restorative,ceramic-material,material,approved_rule,legacy_category_rule,,unmatched,false,,材料,材料,瓷粉 / 陶瓷
YMH-44,Tiger Multi Mine 打亮膏,YAMAHACHI,fixed-restorative,ceramic-material,material,approved_rule,legacy_category_rule,,unmatched,false,,材料,材料,瓷粉 / 陶瓷
YMH-52,Urethane Disk (20pcs)#100,YAMAHACHI,fixed-restorative,ceramic-material,material,approved_rule,legacy_category_rule,,unmatched,false,,材料,材料,瓷粉 / 陶瓷
YMH-53,Urethane Disk (20pcs)#320,YAMAHACHI,fixed-restorative,ceramic-material,material,approved_rule,legacy_category_rule,,unmatched,false,,材料,材料,瓷粉 / 陶瓷
YMH-54,人工牙收納櫃,YAMAHACHI,fixed-restorative,ceramic-material,material,approved_rule,legacy_category_rule,,unmatched,false,,材料,材料,瓷粉 / 陶瓷
YMH-55,Primner for Acrylic,YAMAHACHI,fixed-restorative,ceramic-material,material,approved_rule,legacy_category_rule,,unmatched,false,,材料,材料,瓷粉 / 陶瓷
YMH-56,Metal Lock,YAMAHACHI,fixed-restorative,ceramic-material,material,approved_rule,legacy_category_rule,,unmatched,false,,材料,材料,瓷粉 / 陶瓷
YMH-57,Glossy Coat 光照釉,YAMAHACHI,fixed-restorative,ceramic-material,material,approved_rule,legacy_category_rule,,unmatched,false,,材料,材料,瓷粉 / 陶瓷
YMH-T01-A2-C4,EFC-A 塑鋼前齒-A2 C4,YAMAHACHI,removable-prosthetics,acrylic-teeth,material,approved_rule,legacy_category_rule,YMH-EFCA,exact_unique,false,,材料,材料,塑鋼牙
YMH-T01-A2-C5,EFC-A 塑鋼前齒-A2 C5,YAMAHACHI,removable-prosthetics,acrylic-teeth,material,approved_rule,legacy_category_rule,YMH-EFCA,exact_unique,false,,材料,材料,塑鋼牙
YMH-T01-A2-C6,EFC-A 塑鋼前齒-A2 C6,YAMAHACHI,removable-prosthetics,acrylic-teeth,material,approved_rule,legacy_category_rule,YMH-EFCA,exact_unique,false,,材料,材料,塑鋼牙
YMH-T01-A2-C7,EFC-A 塑鋼前齒-A2 C7,YAMAHACHI,removable-prosthetics,acrylic-teeth,material,approved_rule,legacy_category_rule,YMH-EFCA,exact_unique,false,,材料,材料,塑鋼牙
YMH-T01-A2-LA4,EFC-A 塑鋼前齒-A2 LA4,YAMAHACHI,removable-prosthetics,acrylic-teeth,material,approved_rule,legacy_category_rule,YMH-EFCA,exact_unique,false,,材料,材料,塑鋼牙
YMH-T01-A2-LA5,EFC-A 塑鋼前齒-A2 LA5,YAMAHACHI,removable-prosthetics,acrylic-teeth,material,approved_rule,legacy_category_rule,YMH-EFCA,exact_unique,false,,材料,材料,塑鋼牙
YMH-T01-A2-LA6,EFC-A 塑鋼前齒-A2 LA6,YAMAHACHI,removable-prosthetics,acrylic-teeth,material,approved_rule,legacy_category_rule,YMH-EFCA,exact_unique,false,,材料,材料,塑鋼牙
YMH-T01-A2-LA7,EFC-A 塑鋼前齒-A2 LA7,YAMAHACHI,removable-prosthetics,acrylic-teeth,material,approved_rule,legacy_category_rule,YMH-EFCA,exact_unique,false,,材料,材料,塑鋼牙
YMH-T01-A2-LB4,EFC-A 塑鋼前齒-A2 LB4,YAMAHACHI,removable-prosthetics,acrylic-teeth,material,approved_rule,legacy_category_rule,YMH-EFCA,exact_unique,false,,材料,材料,塑鋼牙
YMH-T01-A2-LB5,EFC-A 塑鋼前齒-A2 LB5,YAMAHACHI,removable-prosthetics,acrylic-teeth,material,approved_rule,legacy_category_rule,YMH-EFCA,exact_unique,false,,材料,材料,塑鋼牙
YMH-T01-A2-LB6,EFC-A 塑鋼前齒-A2 LB6,YAMAHACHI,removable-prosthetics,acrylic-teeth,material,approved_rule,legacy_category_rule,YMH-EFCA,exact_unique,false,,材料,材料,塑鋼牙
YMH-T01-A2-LB7,EFC-A 塑鋼前齒-A2 LB7,YAMAHACHI,removable-prosthetics,acrylic-teeth,material,approved_rule,legacy_category_rule,YMH-EFCA,exact_unique,false,,材料,材料,塑鋼牙
YMH-T01-A2-S4,EFC-A 塑鋼前齒-A2 S4,YAMAHACHI,removable-prosthetics,acrylic-teeth,material,approved_rule,legacy_category_rule,YMH-EFCA,exact_unique,false,,材料,材料,塑鋼牙
YMH-T01-A2-S5,EFC-A 塑鋼前齒-A2 S5,YAMAHACHI,removable-prosthetics,acrylic-teeth,material,approved_rule,legacy_category_rule,YMH-EFCA,exact_unique,false,,材料,材料,塑鋼牙
YMH-T01-A2-S6,EFC-A 塑鋼前齒-A2 S6,YAMAHACHI,removable-prosthetics,acrylic-teeth,material,approved_rule,legacy_category_rule,YMH-EFCA,exact_unique,false,,材料,材料,塑鋼牙
YMH-T01-A2-S7,EFC-A 塑鋼前齒-A2 S7,YAMAHACHI,removable-prosthetics,acrylic-teeth,material,approved_rule,legacy_category_rule,YMH-EFCA,exact_unique,false,,材料,材料,塑鋼牙
YMH-T01-A2-SS4,EFC-A 塑鋼前齒-A2 SS4,YAMAHACHI,removable-prosthetics,acrylic-teeth,material,approved_rule,legacy_category_rule,YMH-EFCA,exact_unique,false,,材料,材料,塑鋼牙
YMH-T01-A2-SS5,EFC-A 塑鋼前齒-A2 SS5,YAMAHACHI,removable-prosthetics,acrylic-teeth,material,approved_rule,legacy_category_rule,YMH-EFCA,exact_unique,false,,材料,材料,塑鋼牙
YMH-T01-A2-SS6,EFC-A 塑鋼前齒-A2 SS6,YAMAHACHI,removable-prosthetics,acrylic-teeth,material,approved_rule,legacy_category_rule,YMH-EFCA,exact_unique,false,,材料,材料,塑鋼牙
YMH-T01-A2-SS7,EFC-A 塑鋼前齒-A2 SS7,YAMAHACHI,removable-prosthetics,acrylic-teeth,material,approved_rule,legacy_category_rule,YMH-EFCA,exact_unique,false,,材料,材料,塑鋼牙
YMH-T01-A2-T4,EFC-A 塑鋼前齒-A2 T4,YAMAHACHI,removable-prosthetics,acrylic-teeth,material,approved_rule,legacy_category_rule,YMH-EFCA,exact_unique,false,,材料,材料,塑鋼牙
YMH-T01-A2-T5,EFC-A 塑鋼前齒-A2 T5,YAMAHACHI,removable-prosthetics,acrylic-teeth,material,approved_rule,legacy_category_rule,YMH-EFCA,exact_unique,false,,材料,材料,塑鋼牙
YMH-T01-A2-T6,EFC-A 塑鋼前齒-A2 T6,YAMAHACHI,removable-prosthetics,acrylic-teeth,material,approved_rule,legacy_category_rule,YMH-EFCA,exact_unique,false,,材料,材料,塑鋼牙
YMH-T01-A2-T7,EFC-A 塑鋼前齒-A2 T7,YAMAHACHI,removable-prosthetics,acrylic-teeth,material,approved_rule,legacy_category_rule,YMH-EFCA,exact_unique,false,,材料,材料,塑鋼牙
YMH-T01-A3,EFC-A 塑鋼前齒-A3,YAMAHACHI,removable-prosthetics,acrylic-teeth,material,approved_rule,legacy_category_rule,,unmatched,false,,材料,材料,塑鋼牙
YMH-T01-A3-C4,EFC-A 塑鋼前齒-A3 C4,YAMAHACHI,removable-prosthetics,acrylic-teeth,material,approved_rule,legacy_category_rule,YMH-EFCA,exact_unique,false,,材料,材料,塑鋼牙
YMH-T01-A3-C5,EFC-A 塑鋼前齒-A3 C5,YAMAHACHI,removable-prosthetics,acrylic-teeth,material,approved_rule,legacy_category_rule,YMH-EFCA,exact_unique,false,,材料,材料,塑鋼牙
YMH-T01-A3-C6,EFC-A 塑鋼前齒-A3 C6,YAMAHACHI,removable-prosthetics,acrylic-teeth,material,approved_rule,legacy_category_rule,YMH-EFCA,exact_unique,false,,材料,材料,塑鋼牙
YMH-T01-A3-C7,EFC-A 塑鋼前齒-A3 C7,YAMAHACHI,removable-prosthetics,acrylic-teeth,material,approved_rule,legacy_category_rule,YMH-EFCA,exact_unique,false,,材料,材料,塑鋼牙
YMH-T01-A3-LA4,EFC-A 塑鋼前齒-A3 LA4,YAMAHACHI,removable-prosthetics,acrylic-teeth,material,approved_rule,legacy_category_rule,YMH-EFCA,exact_unique,false,,材料,材料,塑鋼牙
YMH-T01-A3-LA5,EFC-A 塑鋼前齒-A3 LA5,YAMAHACHI,removable-prosthetics,acrylic-teeth,material,approved_rule,legacy_category_rule,YMH-EFCA,exact_unique,false,,材料,材料,塑鋼牙
YMH-T01-A3-LA6,EFC-A 塑鋼前齒-A3 LA6,YAMAHACHI,removable-prosthetics,acrylic-teeth,material,approved_rule,legacy_category_rule,YMH-EFCA,exact_unique,false,,材料,材料,塑鋼牙
YMH-T01-A3-LA7,EFC-A 塑鋼前齒-A3 LA7,YAMAHACHI,removable-prosthetics,acrylic-teeth,material,approved_rule,legacy_category_rule,YMH-EFCA,exact_unique,false,,材料,材料,塑鋼牙
YMH-T01-A3-LB4,EFC-A 塑鋼前齒-A3 LB4,YAMAHACHI,removable-prosthetics,acrylic-teeth,material,approved_rule,legacy_category_rule,YMH-EFCA,exact_unique,false,,材料,材料,塑鋼牙
YMH-T01-A3-LB5,EFC-A 塑鋼前齒-A3 LB5,YAMAHACHI,removable-prosthetics,acrylic-teeth,material,approved_rule,legacy_category_rule,YMH-EFCA,exact_unique,false,,材料,材料,塑鋼牙
YMH-T01-A3-LB6,EFC-A 塑鋼前齒-A3 LB6,YAMAHACHI,removable-prosthetics,acrylic-teeth,material,approved_rule,legacy_category_rule,YMH-EFCA,exact_unique,false,,材料,材料,塑鋼牙
YMH-T01-A3-LB7,EFC-A 塑鋼前齒-A3 LB7,YAMAHACHI,removable-prosthetics,acrylic-teeth,material,approved_rule,legacy_category_rule,YMH-EFCA,exact_unique,false,,材料,材料,塑鋼牙
YMH-T01-A3-S4,EFC-A 塑鋼前齒-A3 S4,YAMAHACHI,removable-prosthetics,acrylic-teeth,material,approved_rule,legacy_category_rule,YMH-EFCA,exact_unique,false,,材料,材料,塑鋼牙
YMH-T01-A3-S5,EFC-A 塑鋼前齒-A3 S5,YAMAHACHI,removable-prosthetics,acrylic-teeth,material,approved_rule,legacy_category_rule,YMH-EFCA,exact_unique,false,,材料,材料,塑鋼牙
YMH-T01-A3-S6,EFC-A 塑鋼前齒-A3 S6,YAMAHACHI,removable-prosthetics,acrylic-teeth,material,approved_rule,legacy_category_rule,YMH-EFCA,exact_unique,false,,材料,材料,塑鋼牙
YMH-T01-A3-S7,EFC-A 塑鋼前齒-A3 S7,YAMAHACHI,removable-prosthetics,acrylic-teeth,material,approved_rule,legacy_category_rule,YMH-EFCA,exact_unique,false,,材料,材料,塑鋼牙
YMH-T01-A3-SS4,EFC-A 塑鋼前齒-A3 SS4,YAMAHACHI,removable-prosthetics,acrylic-teeth,material,approved_rule,legacy_category_rule,YMH-EFCA,exact_unique,false,,材料,材料,塑鋼牙
YMH-T01-A3-SS5,EFC-A 塑鋼前齒-A3 SS5,YAMAHACHI,removable-prosthetics,acrylic-teeth,material,approved_rule,legacy_category_rule,YMH-EFCA,exact_unique,false,,材料,材料,塑鋼牙
YMH-T01-A3-SS6,EFC-A 塑鋼前齒-A3 SS6,YAMAHACHI,removable-prosthetics,acrylic-teeth,material,approved_rule,legacy_category_rule,YMH-EFCA,exact_unique,false,,材料,材料,塑鋼牙
YMH-T01-A3-SS7,EFC-A 塑鋼前齒-A3 SS7,YAMAHACHI,removable-prosthetics,acrylic-teeth,material,approved_rule,legacy_category_rule,YMH-EFCA,exact_unique,false,,材料,材料,塑鋼牙
YMH-T01-A3-T4,EFC-A 塑鋼前齒-A3 T4,YAMAHACHI,removable-prosthetics,acrylic-teeth,material,approved_rule,legacy_category_rule,YMH-EFCA,exact_unique,false,,材料,材料,塑鋼牙
YMH-T01-A3-T5,EFC-A 塑鋼前齒-A3 T5,YAMAHACHI,removable-prosthetics,acrylic-teeth,material,approved_rule,legacy_category_rule,YMH-EFCA,exact_unique,false,,材料,材料,塑鋼牙
YMH-T01-A3-T6,EFC-A 塑鋼前齒-A3 T6,YAMAHACHI,removable-prosthetics,acrylic-teeth,material,approved_rule,legacy_category_rule,YMH-EFCA,exact_unique,false,,材料,材料,塑鋼牙
YMH-T01-A3-T7,EFC-A 塑鋼前齒-A3 T7,YAMAHACHI,removable-prosthetics,acrylic-teeth,material,approved_rule,legacy_category_rule,YMH-EFCA,exact_unique,false,,材料,材料,塑鋼牙
YMH-T01-A3.5,EFC-A 塑鋼前齒-A3.5,YAMAHACHI,removable-prosthetics,acrylic-teeth,material,approved_rule,legacy_category_rule,,unmatched,false,,材料,材料,塑鋼牙
YMH-T01-A3.5-C4,EFC-A 塑鋼前齒-A3.5 C4,YAMAHACHI,removable-prosthetics,acrylic-teeth,material,approved_rule,legacy_category_rule,YMH-EFCA,exact_unique,false,,材料,材料,塑鋼牙
YMH-T01-A3.5-C5,EFC-A 塑鋼前齒-A3.5 C5,YAMAHACHI,removable-prosthetics,acrylic-teeth,material,approved_rule,legacy_category_rule,YMH-EFCA,exact_unique,false,,材料,材料,塑鋼牙
YMH-T01-A3.5-C6,EFC-A 塑鋼前齒-A3.5 C6,YAMAHACHI,removable-prosthetics,acrylic-teeth,material,approved_rule,legacy_category_rule,YMH-EFCA,exact_unique,false,,材料,材料,塑鋼牙
YMH-T01-A3.5-C7,EFC-A 塑鋼前齒-A3.5 C7,YAMAHACHI,removable-prosthetics,acrylic-teeth,material,approved_rule,legacy_category_rule,YMH-EFCA,exact_unique,false,,材料,材料,塑鋼牙
YMH-T01-A3.5-LA4,EFC-A 塑鋼前齒-A3.5 LA4,YAMAHACHI,removable-prosthetics,acrylic-teeth,material,approved_rule,legacy_category_rule,YMH-EFCA,exact_unique,false,,材料,材料,塑鋼牙
YMH-T01-A3.5-LA5,EFC-A 塑鋼前齒-A3.5 LA5,YAMAHACHI,removable-prosthetics,acrylic-teeth,material,approved_rule,legacy_category_rule,YMH-EFCA,exact_unique,false,,材料,材料,塑鋼牙
YMH-T01-A3.5-LA6,EFC-A 塑鋼前齒-A3.5 LA6,YAMAHACHI,removable-prosthetics,acrylic-teeth,material,approved_rule,legacy_category_rule,YMH-EFCA,exact_unique,false,,材料,材料,塑鋼牙
YMH-T01-A3.5-LA7,EFC-A 塑鋼前齒-A3.5 LA7,YAMAHACHI,removable-prosthetics,acrylic-teeth,material,approved_rule,legacy_category_rule,YMH-EFCA,exact_unique,false,,材料,材料,塑鋼牙
YMH-T01-A3.5-LB4,EFC-A 塑鋼前齒-A3.5 LB4,YAMAHACHI,removable-prosthetics,acrylic-teeth,material,approved_rule,legacy_category_rule,YMH-EFCA,exact_unique,false,,材料,材料,塑鋼牙
YMH-T01-A3.5-LB5,EFC-A 塑鋼前齒-A3.5 LB5,YAMAHACHI,removable-prosthetics,acrylic-teeth,material,approved_rule,legacy_category_rule,YMH-EFCA,exact_unique,false,,材料,材料,塑鋼牙
YMH-T01-A3.5-LB6,EFC-A 塑鋼前齒-A3.5 LB6,YAMAHACHI,removable-prosthetics,acrylic-teeth,material,approved_rule,legacy_category_rule,YMH-EFCA,exact_unique,false,,材料,材料,塑鋼牙
YMH-T01-A3.5-LB7,EFC-A 塑鋼前齒-A3.5 LB7,YAMAHACHI,removable-prosthetics,acrylic-teeth,material,approved_rule,legacy_category_rule,YMH-EFCA,exact_unique,false,,材料,材料,塑鋼牙
YMH-T01-A3.5-S4,EFC-A 塑鋼前齒-A3.5 S4,YAMAHACHI,removable-prosthetics,acrylic-teeth,material,approved_rule,legacy_category_rule,YMH-EFCA,exact_unique,false,,材料,材料,塑鋼牙
YMH-T01-A3.5-S5,EFC-A 塑鋼前齒-A3.5 S5,YAMAHACHI,removable-prosthetics,acrylic-teeth,material,approved_rule,legacy_category_rule,YMH-EFCA,exact_unique,false,,材料,材料,塑鋼牙
YMH-T01-A3.5-S6,EFC-A 塑鋼前齒-A3.5 S6,YAMAHACHI,removable-prosthetics,acrylic-teeth,material,approved_rule,legacy_category_rule,YMH-EFCA,exact_unique,false,,材料,材料,塑鋼牙
YMH-T01-A3.5-S7,EFC-A 塑鋼前齒-A3.5 S7,YAMAHACHI,removable-prosthetics,acrylic-teeth,material,approved_rule,legacy_category_rule,YMH-EFCA,exact_unique,false,,材料,材料,塑鋼牙
YMH-T01-A3.5-SS4,EFC-A 塑鋼前齒-A3.5 SS4,YAMAHACHI,removable-prosthetics,acrylic-teeth,material,approved_rule,legacy_category_rule,YMH-EFCA,exact_unique,false,,材料,材料,塑鋼牙
YMH-T01-A3.5-SS5,EFC-A 塑鋼前齒-A3.5 SS5,YAMAHACHI,removable-prosthetics,acrylic-teeth,material,approved_rule,legacy_category_rule,YMH-EFCA,exact_unique,false,,材料,材料,塑鋼牙
YMH-T01-A3.5-SS6,EFC-A 塑鋼前齒-A3.5 SS6,YAMAHACHI,removable-prosthetics,acrylic-teeth,material,approved_rule,legacy_category_rule,YMH-EFCA,exact_unique,false,,材料,材料,塑鋼牙
YMH-T01-A3.5-SS7,EFC-A 塑鋼前齒-A3.5 SS7,YAMAHACHI,removable-prosthetics,acrylic-teeth,material,approved_rule,legacy_category_rule,YMH-EFCA,exact_unique,false,,材料,材料,塑鋼牙
YMH-T01-A3.5-T4,EFC-A 塑鋼前齒-A3.5 T4,YAMAHACHI,removable-prosthetics,acrylic-teeth,material,approved_rule,legacy_category_rule,YMH-EFCA,exact_unique,false,,材料,材料,塑鋼牙
YMH-T01-A3.5-T5,EFC-A 塑鋼前齒-A3.5 T5,YAMAHACHI,removable-prosthetics,acrylic-teeth,material,approved_rule,legacy_category_rule,YMH-EFCA,exact_unique,false,,材料,材料,塑鋼牙
YMH-T01-A3.5-T6,EFC-A 塑鋼前齒-A3.5 T6,YAMAHACHI,removable-prosthetics,acrylic-teeth,material,approved_rule,legacy_category_rule,YMH-EFCA,exact_unique,false,,材料,材料,塑鋼牙
YMH-T01-A3.5-T7,EFC-A 塑鋼前齒-A3.5 T7,YAMAHACHI,removable-prosthetics,acrylic-teeth,material,approved_rule,legacy_category_rule,YMH-EFCA,exact_unique,false,,材料,材料,塑鋼牙
YMH-T01-A4,EFC-A 塑鋼前齒-A4,YAMAHACHI,removable-prosthetics,acrylic-teeth,material,approved_rule,legacy_category_rule,,unmatched,false,,材料,材料,塑鋼牙
YMH-T01-A4-C4,EFC-A 塑鋼前齒-A4 C4,YAMAHACHI,removable-prosthetics,acrylic-teeth,material,approved_rule,legacy_category_rule,YMH-EFCA,exact_unique,false,,材料,材料,塑鋼牙
YMH-T01-A4-C5,EFC-A 塑鋼前齒-A4 C5,YAMAHACHI,removable-prosthetics,acrylic-teeth,material,approved_rule,legacy_category_rule,YMH-EFCA,exact_unique,false,,材料,材料,塑鋼牙
YMH-T01-A4-C6,EFC-A 塑鋼前齒-A4 C6,YAMAHACHI,removable-prosthetics,acrylic-teeth,material,approved_rule,legacy_category_rule,YMH-EFCA,exact_unique,false,,材料,材料,塑鋼牙
YMH-T01-A4-C7,EFC-A 塑鋼前齒-A4 C7,YAMAHACHI,removable-prosthetics,acrylic-teeth,material,approved_rule,legacy_category_rule,YMH-EFCA,exact_unique,false,,材料,材料,塑鋼牙
YMH-T01-A4-LA4,EFC-A 塑鋼前齒-A4 LA4,YAMAHACHI,removable-prosthetics,acrylic-teeth,material,approved_rule,legacy_category_rule,YMH-EFCA,exact_unique,false,,材料,材料,塑鋼牙
YMH-T01-A4-LA5,EFC-A 塑鋼前齒-A4 LA5,YAMAHACHI,removable-prosthetics,acrylic-teeth,material,approved_rule,legacy_category_rule,YMH-EFCA,exact_unique,false,,材料,材料,塑鋼牙
YMH-T01-A4-LA6,EFC-A 塑鋼前齒-A4 LA6,YAMAHACHI,removable-prosthetics,acrylic-teeth,material,approved_rule,legacy_category_rule,YMH-EFCA,exact_unique,false,,材料,材料,塑鋼牙
YMH-T01-A4-LA7,EFC-A 塑鋼前齒-A4 LA7,YAMAHACHI,removable-prosthetics,acrylic-teeth,material,approved_rule,legacy_category_rule,YMH-EFCA,exact_unique,false,,材料,材料,塑鋼牙
YMH-T01-A4-LB4,EFC-A 塑鋼前齒-A4 LB4,YAMAHACHI,removable-prosthetics,acrylic-teeth,material,approved_rule,legacy_category_rule,YMH-EFCA,exact_unique,false,,材料,材料,塑鋼牙
YMH-T01-A4-LB5,EFC-A 塑鋼前齒-A4 LB5,YAMAHACHI,removable-prosthetics,acrylic-teeth,material,approved_rule,legacy_category_rule,YMH-EFCA,exact_unique,false,,材料,材料,塑鋼牙
YMH-T01-A4-LB6,EFC-A 塑鋼前齒-A4 LB6,YAMAHACHI,removable-prosthetics,acrylic-teeth,material,approved_rule,legacy_category_rule,YMH-EFCA,exact_unique,false,,材料,材料,塑鋼牙
YMH-T01-A4-LB7,EFC-A 塑鋼前齒-A4 LB7,YAMAHACHI,removable-prosthetics,acrylic-teeth,material,approved_rule,legacy_category_rule,YMH-EFCA,exact_unique,false,,材料,材料,塑鋼牙
YMH-T01-A4-S4,EFC-A 塑鋼前齒-A4 S4,YAMAHACHI,removable-prosthetics,acrylic-teeth,material,approved_rule,legacy_category_rule,YMH-EFCA,exact_unique,false,,材料,材料,塑鋼牙
YMH-T01-A4-S5,EFC-A 塑鋼前齒-A4 S5,YAMAHACHI,removable-prosthetics,acrylic-teeth,material,approved_rule,legacy_category_rule,YMH-EFCA,exact_unique,false,,材料,材料,塑鋼牙
YMH-T01-A4-S6,EFC-A 塑鋼前齒-A4 S6,YAMAHACHI,removable-prosthetics,acrylic-teeth,material,approved_rule,legacy_category_rule,YMH-EFCA,exact_unique,false,,材料,材料,塑鋼牙
YMH-T01-A4-S7,EFC-A 塑鋼前齒-A4 S7,YAMAHACHI,removable-prosthetics,acrylic-teeth,material,approved_rule,legacy_category_rule,YMH-EFCA,exact_unique,false,,材料,材料,塑鋼牙
YMH-T01-A4-SS4,EFC-A 塑鋼前齒-A4 SS4,YAMAHACHI,removable-prosthetics,acrylic-teeth,material,approved_rule,legacy_category_rule,YMH-EFCA,exact_unique,false,,材料,材料,塑鋼牙
YMH-T01-A4-SS5,EFC-A 塑鋼前齒-A4 SS5,YAMAHACHI,removable-prosthetics,acrylic-teeth,material,approved_rule,legacy_category_rule,YMH-EFCA,exact_unique,false,,材料,材料,塑鋼牙
YMH-T01-A4-SS6,EFC-A 塑鋼前齒-A4 SS6,YAMAHACHI,removable-prosthetics,acrylic-teeth,material,approved_rule,legacy_category_rule,YMH-EFCA,exact_unique,false,,材料,材料,塑鋼牙
YMH-T01-A4-SS7,EFC-A 塑鋼前齒-A4 SS7,YAMAHACHI,removable-prosthetics,acrylic-teeth,material,approved_rule,legacy_category_rule,YMH-EFCA,exact_unique,false,,材料,材料,塑鋼牙
YMH-T01-A4-T4,EFC-A 塑鋼前齒-A4 T4,YAMAHACHI,removable-prosthetics,acrylic-teeth,material,approved_rule,legacy_category_rule,YMH-EFCA,exact_unique,false,,材料,材料,塑鋼牙
YMH-T01-A4-T5,EFC-A 塑鋼前齒-A4 T5,YAMAHACHI,removable-prosthetics,acrylic-teeth,material,approved_rule,legacy_category_rule,YMH-EFCA,exact_unique,false,,材料,材料,塑鋼牙
YMH-T01-A4-T6,EFC-A 塑鋼前齒-A4 T6,YAMAHACHI,removable-prosthetics,acrylic-teeth,material,approved_rule,legacy_category_rule,YMH-EFCA,exact_unique,false,,材料,材料,塑鋼牙
YMH-T01-A4-T7,EFC-A 塑鋼前齒-A4 T7,YAMAHACHI,removable-prosthetics,acrylic-teeth,material,approved_rule,legacy_category_rule,YMH-EFCA,exact_unique,false,,材料,材料,塑鋼牙
YMH-T02-A2,EFC-A 塑鋼前齒綜合-A2 (24排),YAMAHACHI,removable-prosthetics,acrylic-teeth,material,approved_rule,legacy_category_rule,YMH-T02,exact_unique,false,,材料,材料,塑鋼牙
YMH-T02-A3,EFC-A 塑鋼前齒綜合-A3 (24排),YAMAHACHI,removable-prosthetics,acrylic-teeth,material,approved_rule,legacy_category_rule,YMH-T02,exact_unique,false,,材料,材料,塑鋼牙
YMH-T02-A3.5,EFC-A 塑鋼前齒綜合-A3.5 (24排),YAMAHACHI,removable-prosthetics,acrylic-teeth,material,approved_rule,legacy_category_rule,YMH-T02,exact_unique,false,,材料,材料,塑鋼牙
YMH-T02-A4,EFC-A 塑鋼前齒綜合-A4 (24排),YAMAHACHI,removable-prosthetics,acrylic-teeth,material,approved_rule,legacy_category_rule,YMH-T02,exact_unique,false,,材料,材料,塑鋼牙
YMH-T03-2,EFC-P 塑鋼臼齒 A1-30,YAMAHACHI,removable-prosthetics,acrylic-teeth,material,approved_rule,legacy_category_rule,,unmatched,false,,材料,材料,塑鋼牙
YMH-T03-3,EFC-P 塑鋼臼齒 A1-32,YAMAHACHI,removable-prosthetics,acrylic-teeth,material,approved_rule,legacy_category_rule,,unmatched,false,,材料,材料,塑鋼牙
YMH-T03-A2-C4,EFC-A 塑鋼前齒單顆 A2-C4 (12顆),YAMAHACHI,removable-prosthetics,acrylic-teeth,material,approved_rule,legacy_category_rule,YMH-EFCA,exact_unique,false,,材料,材料,塑鋼牙
YMH-T03-A2-C4-L1,EFC-A 塑鋼前齒單顆 A2-C4 左1 (12顆),YAMAHACHI,removable-prosthetics,acrylic-teeth,material,approved_rule,legacy_category_rule,YMH-EFCA,exact_unique,false,,材料,材料,塑鋼牙
YMH-T03-A2-C4-L2,EFC-A 塑鋼前齒單顆 A2-C4 左2 (12顆),YAMAHACHI,removable-prosthetics,acrylic-teeth,material,approved_rule,legacy_category_rule,YMH-EFCA,exact_unique,false,,材料,材料,塑鋼牙
YMH-T03-A2-C4-L3,EFC-A 塑鋼前齒單顆 A2-C4 左3 (12顆),YAMAHACHI,removable-prosthetics,acrylic-teeth,material,approved_rule,legacy_category_rule,YMH-EFCA,exact_unique,false,,材料,材料,塑鋼牙
YMH-T03-A2-C4-R1,EFC-A 塑鋼前齒單顆 A2-C4 右1 (12顆),YAMAHACHI,removable-prosthetics,acrylic-teeth,material,approved_rule,legacy_category_rule,YMH-EFCA,exact_unique,false,,材料,材料,塑鋼牙
YMH-T03-A2-C4-R2,EFC-A 塑鋼前齒單顆 A2-C4 右2 (12顆),YAMAHACHI,removable-prosthetics,acrylic-teeth,material,approved_rule,legacy_category_rule,YMH-EFCA,exact_unique,false,,材料,材料,塑鋼牙
YMH-T03-A2-C4-R3,EFC-A 塑鋼前齒單顆 A2-C4 右3 (12顆),YAMAHACHI,removable-prosthetics,acrylic-teeth,material,approved_rule,legacy_category_rule,YMH-EFCA,exact_unique,false,,材料,材料,塑鋼牙
YMH-T03-A2-C5,EFC-A 塑鋼前齒單顆 A2-C5 (12顆),YAMAHACHI,removable-prosthetics,acrylic-teeth,material,approved_rule,legacy_category_rule,YMH-EFCA,exact_unique,false,,材料,材料,塑鋼牙
YMH-T03-A2-C5-L1,EFC-A 塑鋼前齒單顆 A2-C5 左1 (12顆),YAMAHACHI,removable-prosthetics,acrylic-teeth,material,approved_rule,legacy_category_rule,YMH-EFCA,exact_unique,false,,材料,材料,塑鋼牙
YMH-T03-A2-C5-L2,EFC-A 塑鋼前齒單顆 A2-C5 左2 (12顆),YAMAHACHI,removable-prosthetics,acrylic-teeth,material,approved_rule,legacy_category_rule,YMH-EFCA,exact_unique,false,,材料,材料,塑鋼牙
YMH-T03-A2-C5-L3,EFC-A 塑鋼前齒單顆 A2-C5 左3 (12顆),YAMAHACHI,removable-prosthetics,acrylic-teeth,material,approved_rule,legacy_category_rule,YMH-EFCA,exact_unique,false,,材料,材料,塑鋼牙
YMH-T03-A2-C5-R1,EFC-A 塑鋼前齒單顆 A2-C5 右1 (12顆),YAMAHACHI,removable-prosthetics,acrylic-teeth,material,approved_rule,legacy_category_rule,YMH-EFCA,exact_unique,false,,材料,材料,塑鋼牙
YMH-T03-A2-C5-R2,EFC-A 塑鋼前齒單顆 A2-C5 右2 (12顆),YAMAHACHI,removable-prosthetics,acrylic-teeth,material,approved_rule,legacy_category_rule,YMH-EFCA,exact_unique,false,,材料,材料,塑鋼牙
YMH-T03-A2-C5-R3,EFC-A 塑鋼前齒單顆 A2-C5 右3 (12顆),YAMAHACHI,removable-prosthetics,acrylic-teeth,material,approved_rule,legacy_category_rule,YMH-EFCA,exact_unique,false,,材料,材料,塑鋼牙
YMH-T03-A2-C6,EFC-A 塑鋼前齒單顆 A2-C6 (12顆),YAMAHACHI,removable-prosthetics,acrylic-teeth,material,approved_rule,legacy_category_rule,YMH-EFCA,exact_unique,false,,材料,材料,塑鋼牙
YMH-T03-A2-C6-L1,EFC-A 塑鋼前齒單顆 A2-C6 左1 (12顆),YAMAHACHI,removable-prosthetics,acrylic-teeth,material,approved_rule,legacy_category_rule,YMH-EFCA,exact_unique,false,,材料,材料,塑鋼牙
YMH-T03-A2-C6-L2,EFC-A 塑鋼前齒單顆 A2-C6 左2 (12顆),YAMAHACHI,removable-prosthetics,acrylic-teeth,material,approved_rule,legacy_category_rule,YMH-EFCA,exact_unique,false,,材料,材料,塑鋼牙
YMH-T03-A2-C6-L3,EFC-A 塑鋼前齒單顆 A2-C6 左3 (12顆),YAMAHACHI,removable-prosthetics,acrylic-teeth,material,approved_rule,legacy_category_rule,YMH-EFCA,exact_unique,false,,材料,材料,塑鋼牙
YMH-T03-A2-C6-R1,EFC-A 塑鋼前齒單顆 A2-C6 右1 (12顆),YAMAHACHI,removable-prosthetics,acrylic-teeth,material,approved_rule,legacy_category_rule,YMH-EFCA,exact_unique,false,,材料,材料,塑鋼牙
YMH-T03-A2-C6-R2,EFC-A 塑鋼前齒單顆 A2-C6 右2 (12顆),YAMAHACHI,removable-prosthetics,acrylic-teeth,material,approved_rule,legacy_category_rule,YMH-EFCA,exact_unique,false,,材料,材料,塑鋼牙
YMH-T03-A2-C6-R3,EFC-A 塑鋼前齒單顆 A2-C6 右3 (12顆),YAMAHACHI,removable-prosthetics,acrylic-teeth,material,approved_rule,legacy_category_rule,YMH-EFCA,exact_unique,false,,材料,材料,塑鋼牙
YMH-T03-A2-C7,EFC-A 塑鋼前齒單顆 A2-C7 (12顆),YAMAHACHI,removable-prosthetics,acrylic-teeth,material,approved_rule,legacy_category_rule,YMH-EFCA,exact_unique,false,,材料,材料,塑鋼牙
YMH-T03-A2-C7-L1,EFC-A 塑鋼前齒單顆 A2-C7 左1 (12顆),YAMAHACHI,removable-prosthetics,acrylic-teeth,material,approved_rule,legacy_category_rule,YMH-EFCA,exact_unique,false,,材料,材料,塑鋼牙
YMH-T03-A2-C7-L2,EFC-A 塑鋼前齒單顆 A2-C7 左2 (12顆),YAMAHACHI,removable-prosthetics,acrylic-teeth,material,approved_rule,legacy_category_rule,YMH-EFCA,exact_unique,false,,材料,材料,塑鋼牙
YMH-T03-A2-C7-L3,EFC-A 塑鋼前齒單顆 A2-C7 左3 (12顆),YAMAHACHI,removable-prosthetics,acrylic-teeth,material,approved_rule,legacy_category_rule,YMH-EFCA,exact_unique,false,,材料,材料,塑鋼牙
YMH-T03-A2-C7-R1,EFC-A 塑鋼前齒單顆 A2-C7 右1 (12顆),YAMAHACHI,removable-prosthetics,acrylic-teeth,material,approved_rule,legacy_category_rule,YMH-EFCA,exact_unique,false,,材料,材料,塑鋼牙
YMH-T03-A2-C7-R2,EFC-A 塑鋼前齒單顆 A2-C7 右2 (12顆),YAMAHACHI,removable-prosthetics,acrylic-teeth,material,approved_rule,legacy_category_rule,YMH-EFCA,exact_unique,false,,材料,材料,塑鋼牙
YMH-T03-A2-C7-R3,EFC-A 塑鋼前齒單顆 A2-C7 右3 (12顆),YAMAHACHI,removable-prosthetics,acrylic-teeth,material,approved_rule,legacy_category_rule,YMH-EFCA,exact_unique,false,,材料,材料,塑鋼牙
YMH-T03-A2-LB4,EFC-A 塑鋼前齒單顆 A2-LB4 (12顆),YAMAHACHI,removable-prosthetics,acrylic-teeth,material,approved_rule,legacy_category_rule,YMH-EFCA,exact_unique,false,,材料,材料,塑鋼牙
YMH-T03-A2-LB4-L1,EFC-A 塑鋼前齒單顆 A2-LB4 左1 (12顆),YAMAHACHI,removable-prosthetics,acrylic-teeth,material,approved_rule,legacy_category_rule,YMH-EFCA,exact_unique,false,,材料,材料,塑鋼牙
YMH-T03-A2-LB4-L2,EFC-A 塑鋼前齒單顆 A2-LB4 左2 (12顆),YAMAHACHI,removable-prosthetics,acrylic-teeth,material,approved_rule,legacy_category_rule,YMH-EFCA,exact_unique,false,,材料,材料,塑鋼牙
YMH-T03-A2-LB4-L3,EFC-A 塑鋼前齒單顆 A2-LB4 左3 (12顆),YAMAHACHI,removable-prosthetics,acrylic-teeth,material,approved_rule,legacy_category_rule,YMH-EFCA,exact_unique,false,,材料,材料,塑鋼牙
YMH-T03-A2-LB4-R1,EFC-A 塑鋼前齒單顆 A2-LB4 右1 (12顆),YAMAHACHI,removable-prosthetics,acrylic-teeth,material,approved_rule,legacy_category_rule,YMH-EFCA,exact_unique,false,,材料,材料,塑鋼牙
YMH-T03-A2-LB4-R2,EFC-A 塑鋼前齒單顆 A2-LB4 右2 (12顆),YAMAHACHI,removable-prosthetics,acrylic-teeth,material,approved_rule,legacy_category_rule,YMH-EFCA,exact_unique,false,,材料,材料,塑鋼牙
YMH-T03-A2-LB4-R3,EFC-A 塑鋼前齒單顆 A2-LB4 右3 (12顆),YAMAHACHI,removable-prosthetics,acrylic-teeth,material,approved_rule,legacy_category_rule,YMH-EFCA,exact_unique,false,,材料,材料,塑鋼牙
YMH-T03-A2-LB5,EFC-A 塑鋼前齒單顆 A2-LB5 (12顆),YAMAHACHI,removable-prosthetics,acrylic-teeth,material,approved_rule,legacy_category_rule,YMH-EFCA,exact_unique,false,,材料,材料,塑鋼牙
YMH-T03-A2-LB5-L1,EFC-A 塑鋼前齒單顆 A2-LB5 左1 (12顆),YAMAHACHI,removable-prosthetics,acrylic-teeth,material,approved_rule,legacy_category_rule,YMH-EFCA,exact_unique,false,,材料,材料,塑鋼牙
YMH-T03-A2-LB5-L2,EFC-A 塑鋼前齒單顆 A2-LB5 左2 (12顆),YAMAHACHI,removable-prosthetics,acrylic-teeth,material,approved_rule,legacy_category_rule,YMH-EFCA,exact_unique,false,,材料,材料,塑鋼牙
YMH-T03-A2-LB5-L3,EFC-A 塑鋼前齒單顆 A2-LB5 左3 (12顆),YAMAHACHI,removable-prosthetics,acrylic-teeth,material,approved_rule,legacy_category_rule,YMH-EFCA,exact_unique,false,,材料,材料,塑鋼牙
YMH-T03-A2-LB5-R1,EFC-A 塑鋼前齒單顆 A2-LB5 右1 (12顆),YAMAHACHI,removable-prosthetics,acrylic-teeth,material,approved_rule,legacy_category_rule,YMH-EFCA,exact_unique,false,,材料,材料,塑鋼牙
YMH-T03-A2-LB5-R2,EFC-A 塑鋼前齒單顆 A2-LB5 右2 (12顆),YAMAHACHI,removable-prosthetics,acrylic-teeth,material,approved_rule,legacy_category_rule,YMH-EFCA,exact_unique,false,,材料,材料,塑鋼牙
YMH-T03-A2-LB5-R3,EFC-A 塑鋼前齒單顆 A2-LB5 右3 (12顆),YAMAHACHI,removable-prosthetics,acrylic-teeth,material,approved_rule,legacy_category_rule,YMH-EFCA,exact_unique,false,,材料,材料,塑鋼牙
YMH-T03-A2-LB6,EFC-A 塑鋼前齒單顆 A2-LB6 (12顆),YAMAHACHI,removable-prosthetics,acrylic-teeth,material,approved_rule,legacy_category_rule,YMH-EFCA,exact_unique,false,,材料,材料,塑鋼牙
YMH-T03-A2-LB6-L1,EFC-A 塑鋼前齒單顆 A2-LB6 左1 (12顆),YAMAHACHI,removable-prosthetics,acrylic-teeth,material,approved_rule,legacy_category_rule,YMH-EFCA,exact_unique,false,,材料,材料,塑鋼牙
YMH-T03-A2-LB6-L2,EFC-A 塑鋼前齒單顆 A2-LB6 左2 (12顆),YAMAHACHI,removable-prosthetics,acrylic-teeth,material,approved_rule,legacy_category_rule,YMH-EFCA,exact_unique,false,,材料,材料,塑鋼牙
YMH-T03-A2-LB6-L3,EFC-A 塑鋼前齒單顆 A2-LB6 左3 (12顆),YAMAHACHI,removable-prosthetics,acrylic-teeth,material,approved_rule,legacy_category_rule,YMH-EFCA,exact_unique,false,,材料,材料,塑鋼牙
YMH-T03-A2-LB6-R1,EFC-A 塑鋼前齒單顆 A2-LB6 右1 (12顆),YAMAHACHI,removable-prosthetics,acrylic-teeth,material,approved_rule,legacy_category_rule,YMH-EFCA,exact_unique,false,,材料,材料,塑鋼牙
YMH-T03-A2-LB6-R2,EFC-A 塑鋼前齒單顆 A2-LB6 右2 (12顆),YAMAHACHI,removable-prosthetics,acrylic-teeth,material,approved_rule,legacy_category_rule,YMH-EFCA,exact_unique,false,,材料,材料,塑鋼牙
YMH-T03-A2-LB6-R3,EFC-A 塑鋼前齒單顆 A2-LB6 右3 (12顆),YAMAHACHI,removable-prosthetics,acrylic-teeth,material,approved_rule,legacy_category_rule,YMH-EFCA,exact_unique,false,,材料,材料,塑鋼牙
YMH-T03-A2-LB7,EFC-A 塑鋼前齒單顆 A2-LB7 (12顆),YAMAHACHI,removable-prosthetics,acrylic-teeth,material,approved_rule,legacy_category_rule,YMH-EFCA,exact_unique,false,,材料,材料,塑鋼牙
YMH-T03-A2-LB7-L1,EFC-A 塑鋼前齒單顆 A2-LB7 左1 (12顆),YAMAHACHI,removable-prosthetics,acrylic-teeth,material,approved_rule,legacy_category_rule,YMH-EFCA,exact_unique,false,,材料,材料,塑鋼牙
YMH-T03-A2-LB7-L2,EFC-A 塑鋼前齒單顆 A2-LB7 左2 (12顆),YAMAHACHI,removable-prosthetics,acrylic-teeth,material,approved_rule,legacy_category_rule,YMH-EFCA,exact_unique,false,,材料,材料,塑鋼牙
YMH-T03-A2-LB7-L3,EFC-A 塑鋼前齒單顆 A2-LB7 左3 (12顆),YAMAHACHI,removable-prosthetics,acrylic-teeth,material,approved_rule,legacy_category_rule,YMH-EFCA,exact_unique,false,,材料,材料,塑鋼牙
YMH-T03-A2-LB7-R1,EFC-A 塑鋼前齒單顆 A2-LB7 右1 (12顆),YAMAHACHI,removable-prosthetics,acrylic-teeth,material,approved_rule,legacy_category_rule,YMH-EFCA,exact_unique,false,,材料,材料,塑鋼牙
YMH-T03-A2-LB7-R2,EFC-A 塑鋼前齒單顆 A2-LB7 右2 (12顆),YAMAHACHI,removable-prosthetics,acrylic-teeth,material,approved_rule,legacy_category_rule,YMH-EFCA,exact_unique,false,,材料,材料,塑鋼牙
YMH-T03-A2-LB7-R3,EFC-A 塑鋼前齒單顆 A2-LB7 右3 (12顆),YAMAHACHI,removable-prosthetics,acrylic-teeth,material,approved_rule,legacy_category_rule,YMH-EFCA,exact_unique,false,,材料,材料,塑鋼牙
YMH-T03-A2-S4,EFC-A 塑鋼前齒單顆 A2-S4 (12顆),YAMAHACHI,removable-prosthetics,acrylic-teeth,material,approved_rule,legacy_category_rule,YMH-EFCA,exact_unique,false,,材料,材料,塑鋼牙
YMH-T03-A2-S4-L1,EFC-A 塑鋼前齒單顆 A2-S4 左1 (12顆),YAMAHACHI,removable-prosthetics,acrylic-teeth,material,approved_rule,legacy_category_rule,YMH-EFCA,exact_unique,false,,材料,材料,塑鋼牙
YMH-T03-A2-S4-L2,EFC-A 塑鋼前齒單顆 A2-S4 左2 (12顆),YAMAHACHI,removable-prosthetics,acrylic-teeth,material,approved_rule,legacy_category_rule,YMH-EFCA,exact_unique,false,,材料,材料,塑鋼牙
YMH-T03-A2-S4-L3,EFC-A 塑鋼前齒單顆 A2-S4 左3 (12顆),YAMAHACHI,removable-prosthetics,acrylic-teeth,material,approved_rule,legacy_category_rule,YMH-EFCA,exact_unique,false,,材料,材料,塑鋼牙
YMH-T03-A2-S4-R1,EFC-A 塑鋼前齒單顆 A2-S4 右1 (12顆),YAMAHACHI,removable-prosthetics,acrylic-teeth,material,approved_rule,legacy_category_rule,YMH-EFCA,exact_unique,false,,材料,材料,塑鋼牙
YMH-T03-A2-S4-R2,EFC-A 塑鋼前齒單顆 A2-S4 右2 (12顆),YAMAHACHI,removable-prosthetics,acrylic-teeth,material,approved_rule,legacy_category_rule,YMH-EFCA,exact_unique,false,,材料,材料,塑鋼牙
YMH-T03-A2-S4-R3,EFC-A 塑鋼前齒單顆 A2-S4 右3 (12顆),YAMAHACHI,removable-prosthetics,acrylic-teeth,material,approved_rule,legacy_category_rule,YMH-EFCA,exact_unique,false,,材料,材料,塑鋼牙
YMH-T03-A2-S5,EFC-A 塑鋼前齒單顆 A2-S5 (12顆),YAMAHACHI,removable-prosthetics,acrylic-teeth,material,approved_rule,legacy_category_rule,YMH-EFCA,exact_unique,false,,材料,材料,塑鋼牙
YMH-T03-A2-S5-L1,EFC-A 塑鋼前齒單顆 A2-S5 左1 (12顆),YAMAHACHI,removable-prosthetics,acrylic-teeth,material,approved_rule,legacy_category_rule,YMH-EFCA,exact_unique,false,,材料,材料,塑鋼牙
YMH-T03-A2-S5-L2,EFC-A 塑鋼前齒單顆 A2-S5 左2 (12顆),YAMAHACHI,removable-prosthetics,acrylic-teeth,material,approved_rule,legacy_category_rule,YMH-EFCA,exact_unique,false,,材料,材料,塑鋼牙
YMH-T03-A2-S5-L3,EFC-A 塑鋼前齒單顆 A2-S5 左3 (12顆),YAMAHACHI,removable-prosthetics,acrylic-teeth,material,approved_rule,legacy_category_rule,YMH-EFCA,exact_unique,false,,材料,材料,塑鋼牙
YMH-T03-A2-S5-R1,EFC-A 塑鋼前齒單顆 A2-S5 右1 (12顆),YAMAHACHI,removable-prosthetics,acrylic-teeth,material,approved_rule,legacy_category_rule,YMH-EFCA,exact_unique,false,,材料,材料,塑鋼牙
YMH-T03-A2-S5-R2,EFC-A 塑鋼前齒單顆 A2-S5 右2 (12顆),YAMAHACHI,removable-prosthetics,acrylic-teeth,material,approved_rule,legacy_category_rule,YMH-EFCA,exact_unique,false,,材料,材料,塑鋼牙
YMH-T03-A2-S5-R3,EFC-A 塑鋼前齒單顆 A2-S5 右3 (12顆),YAMAHACHI,removable-prosthetics,acrylic-teeth,material,approved_rule,legacy_category_rule,YMH-EFCA,exact_unique,false,,材料,材料,塑鋼牙
YMH-T03-A2-S6,EFC-A 塑鋼前齒單顆 A2-S6 (12顆),YAMAHACHI,removable-prosthetics,acrylic-teeth,material,approved_rule,legacy_category_rule,YMH-EFCA,exact_unique,false,,材料,材料,塑鋼牙
YMH-T03-A2-S6-L1,EFC-A 塑鋼前齒單顆 A2-S6 左1 (12顆),YAMAHACHI,removable-prosthetics,acrylic-teeth,material,approved_rule,legacy_category_rule,YMH-EFCA,exact_unique,false,,材料,材料,塑鋼牙
YMH-T03-A2-S6-L2,EFC-A 塑鋼前齒單顆 A2-S6 左2 (12顆),YAMAHACHI,removable-prosthetics,acrylic-teeth,material,approved_rule,legacy_category_rule,YMH-EFCA,exact_unique,false,,材料,材料,塑鋼牙
YMH-T03-A2-S6-L3,EFC-A 塑鋼前齒單顆 A2-S6 左3 (12顆),YAMAHACHI,removable-prosthetics,acrylic-teeth,material,approved_rule,legacy_category_rule,YMH-EFCA,exact_unique,false,,材料,材料,塑鋼牙
YMH-T03-A2-S6-R1,EFC-A 塑鋼前齒單顆 A2-S6 右1 (12顆),YAMAHACHI,removable-prosthetics,acrylic-teeth,material,approved_rule,legacy_category_rule,YMH-EFCA,exact_unique,false,,材料,材料,塑鋼牙
YMH-T03-A2-S6-R2,EFC-A 塑鋼前齒單顆 A2-S6 右2 (12顆),YAMAHACHI,removable-prosthetics,acrylic-teeth,material,approved_rule,legacy_category_rule,YMH-EFCA,exact_unique,false,,材料,材料,塑鋼牙
YMH-T03-A2-S6-R3,EFC-A 塑鋼前齒單顆 A2-S6 右3 (12顆),YAMAHACHI,removable-prosthetics,acrylic-teeth,material,approved_rule,legacy_category_rule,YMH-EFCA,exact_unique,false,,材料,材料,塑鋼牙
YMH-T03-A2-S7,EFC-A 塑鋼前齒單顆 A2-S7 (12顆),YAMAHACHI,removable-prosthetics,acrylic-teeth,material,approved_rule,legacy_category_rule,YMH-EFCA,exact_unique,false,,材料,材料,塑鋼牙
YMH-T03-A2-S7-L1,EFC-A 塑鋼前齒單顆 A2-S7 左1 (12顆),YAMAHACHI,removable-prosthetics,acrylic-teeth,material,approved_rule,legacy_category_rule,YMH-EFCA,exact_unique,false,,材料,材料,塑鋼牙
YMH-T03-A2-S7-L2,EFC-A 塑鋼前齒單顆 A2-S7 左2 (12顆),YAMAHACHI,removable-prosthetics,acrylic-teeth,material,approved_rule,legacy_category_rule,YMH-EFCA,exact_unique,false,,材料,材料,塑鋼牙
YMH-T03-A2-S7-L3,EFC-A 塑鋼前齒單顆 A2-S7 左3 (12顆),YAMAHACHI,removable-prosthetics,acrylic-teeth,material,approved_rule,legacy_category_rule,YMH-EFCA,exact_unique,false,,材料,材料,塑鋼牙
YMH-T03-A2-S7-R1,EFC-A 塑鋼前齒單顆 A2-S7 右1 (12顆),YAMAHACHI,removable-prosthetics,acrylic-teeth,material,approved_rule,legacy_category_rule,YMH-EFCA,exact_unique,false,,材料,材料,塑鋼牙
YMH-T03-A2-S7-R2,EFC-A 塑鋼前齒單顆 A2-S7 右2 (12顆),YAMAHACHI,removable-prosthetics,acrylic-teeth,material,approved_rule,legacy_category_rule,YMH-EFCA,exact_unique,false,,材料,材料,塑鋼牙
YMH-T03-A2-S7-R3,EFC-A 塑鋼前齒單顆 A2-S7 右3 (12顆),YAMAHACHI,removable-prosthetics,acrylic-teeth,material,approved_rule,legacy_category_rule,YMH-EFCA,exact_unique,false,,材料,材料,塑鋼牙
YMH-T03-A2-SS4,EFC-A 塑鋼前齒單顆 A2-SS4 (12顆),YAMAHACHI,removable-prosthetics,acrylic-teeth,material,approved_rule,legacy_category_rule,YMH-EFCA,exact_unique,false,,材料,材料,塑鋼牙
YMH-T03-A2-SS4-L1,EFC-A 塑鋼前齒單顆 A2-SS4 左1 (12顆),YAMAHACHI,removable-prosthetics,acrylic-teeth,material,approved_rule,legacy_category_rule,YMH-EFCA,exact_unique,false,,材料,材料,塑鋼牙
YMH-T03-A2-SS4-L2,EFC-A 塑鋼前齒單顆 A2-SS4 左2 (12顆),YAMAHACHI,removable-prosthetics,acrylic-teeth,material,approved_rule,legacy_category_rule,YMH-EFCA,exact_unique,false,,材料,材料,塑鋼牙
YMH-T03-A2-SS4-L3,EFC-A 塑鋼前齒單顆 A2-SS4 左3 (12顆),YAMAHACHI,removable-prosthetics,acrylic-teeth,material,approved_rule,legacy_category_rule,YMH-EFCA,exact_unique,false,,材料,材料,塑鋼牙
YMH-T03-A2-SS4-R1,EFC-A 塑鋼前齒單顆 A2-SS4 右1 (12顆),YAMAHACHI,removable-prosthetics,acrylic-teeth,material,approved_rule,legacy_category_rule,YMH-EFCA,exact_unique,false,,材料,材料,塑鋼牙
YMH-T03-A2-SS4-R2,EFC-A 塑鋼前齒單顆 A2-SS4 右2 (12顆),YAMAHACHI,removable-prosthetics,acrylic-teeth,material,approved_rule,legacy_category_rule,YMH-EFCA,exact_unique,false,,材料,材料,塑鋼牙
YMH-T03-A2-SS4-R3,EFC-A 塑鋼前齒單顆 A2-SS4 右3 (12顆),YAMAHACHI,removable-prosthetics,acrylic-teeth,material,approved_rule,legacy_category_rule,YMH-EFCA,exact_unique,false,,材料,材料,塑鋼牙
YMH-T03-A2-SS5,EFC-A 塑鋼前齒單顆 A2-SS5 (12顆),YAMAHACHI,removable-prosthetics,acrylic-teeth,material,approved_rule,legacy_category_rule,YMH-EFCA,exact_unique,false,,材料,材料,塑鋼牙
YMH-T03-A2-SS5-L1,EFC-A 塑鋼前齒單顆 A2-SS5 左1 (12顆),YAMAHACHI,removable-prosthetics,acrylic-teeth,material,approved_rule,legacy_category_rule,YMH-EFCA,exact_unique,false,,材料,材料,塑鋼牙
YMH-T03-A2-SS5-L2,EFC-A 塑鋼前齒單顆 A2-SS5 左2 (12顆),YAMAHACHI,removable-prosthetics,acrylic-teeth,material,approved_rule,legacy_category_rule,YMH-EFCA,exact_unique,false,,材料,材料,塑鋼牙
YMH-T03-A2-SS5-L3,EFC-A 塑鋼前齒單顆 A2-SS5 左3 (12顆),YAMAHACHI,removable-prosthetics,acrylic-teeth,material,approved_rule,legacy_category_rule,YMH-EFCA,exact_unique,false,,材料,材料,塑鋼牙
YMH-T03-A2-SS5-R1,EFC-A 塑鋼前齒單顆 A2-SS5 右1 (12顆),YAMAHACHI,removable-prosthetics,acrylic-teeth,material,approved_rule,legacy_category_rule,YMH-EFCA,exact_unique,false,,材料,材料,塑鋼牙
YMH-T03-A2-SS5-R2,EFC-A 塑鋼前齒單顆 A2-SS5 右2 (12顆),YAMAHACHI,removable-prosthetics,acrylic-teeth,material,approved_rule,legacy_category_rule,YMH-EFCA,exact_unique,false,,材料,材料,塑鋼牙
YMH-T03-A2-SS5-R3,EFC-A 塑鋼前齒單顆 A2-SS5 右3 (12顆),YAMAHACHI,removable-prosthetics,acrylic-teeth,material,approved_rule,legacy_category_rule,YMH-EFCA,exact_unique,false,,材料,材料,塑鋼牙
YMH-T03-A2-SS6,EFC-A 塑鋼前齒單顆 A2-SS6 (12顆),YAMAHACHI,removable-prosthetics,acrylic-teeth,material,approved_rule,legacy_category_rule,YMH-EFCA,exact_unique,false,,材料,材料,塑鋼牙
YMH-T03-A2-SS6-L1,EFC-A 塑鋼前齒單顆 A2-SS6 左1 (12顆),YAMAHACHI,removable-prosthetics,acrylic-teeth,material,approved_rule,legacy_category_rule,YMH-EFCA,exact_unique,false,,材料,材料,塑鋼牙
YMH-T03-A2-SS6-L2,EFC-A 塑鋼前齒單顆 A2-SS6 左2 (12顆),YAMAHACHI,removable-prosthetics,acrylic-teeth,material,approved_rule,legacy_category_rule,YMH-EFCA,exact_unique,false,,材料,材料,塑鋼牙
YMH-T03-A2-SS6-L3,EFC-A 塑鋼前齒單顆 A2-SS6 左3 (12顆),YAMAHACHI,removable-prosthetics,acrylic-teeth,material,approved_rule,legacy_category_rule,YMH-EFCA,exact_unique,false,,材料,材料,塑鋼牙
YMH-T03-A2-SS6-R1,EFC-A 塑鋼前齒單顆 A2-SS6 右1 (12顆),YAMAHACHI,removable-prosthetics,acrylic-teeth,material,approved_rule,legacy_category_rule,YMH-EFCA,exact_unique,false,,材料,材料,塑鋼牙
YMH-T03-A2-SS6-R2,EFC-A 塑鋼前齒單顆 A2-SS6 右2 (12顆),YAMAHACHI,removable-prosthetics,acrylic-teeth,material,approved_rule,legacy_category_rule,YMH-EFCA,exact_unique,false,,材料,材料,塑鋼牙
YMH-T03-A2-SS6-R3,EFC-A 塑鋼前齒單顆 A2-SS6 右3 (12顆),YAMAHACHI,removable-prosthetics,acrylic-teeth,material,approved_rule,legacy_category_rule,YMH-EFCA,exact_unique,false,,材料,材料,塑鋼牙
YMH-T03-A2-SS7,EFC-A 塑鋼前齒單顆 A2-SS7 (12顆),YAMAHACHI,removable-prosthetics,acrylic-teeth,material,approved_rule,legacy_category_rule,YMH-EFCA,exact_unique,false,,材料,材料,塑鋼牙
YMH-T03-A2-SS7-L1,EFC-A 塑鋼前齒單顆 A2-SS7 左1 (12顆),YAMAHACHI,removable-prosthetics,acrylic-teeth,material,approved_rule,legacy_category_rule,YMH-EFCA,exact_unique,false,,材料,材料,塑鋼牙
YMH-T03-A2-SS7-L2,EFC-A 塑鋼前齒單顆 A2-SS7 左2 (12顆),YAMAHACHI,removable-prosthetics,acrylic-teeth,material,approved_rule,legacy_category_rule,YMH-EFCA,exact_unique,false,,材料,材料,塑鋼牙
YMH-T03-A2-SS7-L3,EFC-A 塑鋼前齒單顆 A2-SS7 左3 (12顆),YAMAHACHI,removable-prosthetics,acrylic-teeth,material,approved_rule,legacy_category_rule,YMH-EFCA,exact_unique,false,,材料,材料,塑鋼牙
YMH-T03-A2-SS7-R1,EFC-A 塑鋼前齒單顆 A2-SS7 右1 (12顆),YAMAHACHI,removable-prosthetics,acrylic-teeth,material,approved_rule,legacy_category_rule,YMH-EFCA,exact_unique,false,,材料,材料,塑鋼牙
YMH-T03-A2-SS7-R2,EFC-A 塑鋼前齒單顆 A2-SS7 右2 (12顆),YAMAHACHI,removable-prosthetics,acrylic-teeth,material,approved_rule,legacy_category_rule,YMH-EFCA,exact_unique,false,,材料,材料,塑鋼牙
YMH-T03-A2-SS7-R3,EFC-A 塑鋼前齒單顆 A2-SS7 右3 (12顆),YAMAHACHI,removable-prosthetics,acrylic-teeth,material,approved_rule,legacy_category_rule,YMH-EFCA,exact_unique,false,,材料,材料,塑鋼牙
YMH-T03-A2-T4,EFC-A 塑鋼前齒單顆 A2-T4 (12顆),YAMAHACHI,removable-prosthetics,acrylic-teeth,material,approved_rule,legacy_category_rule,YMH-EFCA,exact_unique,false,,材料,材料,塑鋼牙
YMH-T03-A2-T4-L1,EFC-A 塑鋼前齒單顆 A2-T4 左1 (12顆),YAMAHACHI,removable-prosthetics,acrylic-teeth,material,approved_rule,legacy_category_rule,YMH-EFCA,exact_unique,false,,材料,材料,塑鋼牙
YMH-T03-A2-T4-L2,EFC-A 塑鋼前齒單顆 A2-T4 左2 (12顆),YAMAHACHI,removable-prosthetics,acrylic-teeth,material,approved_rule,legacy_category_rule,YMH-EFCA,exact_unique,false,,材料,材料,塑鋼牙
YMH-T03-A2-T4-L3,EFC-A 塑鋼前齒單顆 A2-T4 左3 (12顆),YAMAHACHI,removable-prosthetics,acrylic-teeth,material,approved_rule,legacy_category_rule,YMH-EFCA,exact_unique,false,,材料,材料,塑鋼牙
YMH-T03-A2-T4-R1,EFC-A 塑鋼前齒單顆 A2-T4 右1 (12顆),YAMAHACHI,removable-prosthetics,acrylic-teeth,material,approved_rule,legacy_category_rule,YMH-EFCA,exact_unique,false,,材料,材料,塑鋼牙
YMH-T03-A2-T4-R2,EFC-A 塑鋼前齒單顆 A2-T4 右2 (12顆),YAMAHACHI,removable-prosthetics,acrylic-teeth,material,approved_rule,legacy_category_rule,YMH-EFCA,exact_unique,false,,材料,材料,塑鋼牙
YMH-T03-A2-T4-R3,EFC-A 塑鋼前齒單顆 A2-T4 右3 (12顆),YAMAHACHI,removable-prosthetics,acrylic-teeth,material,approved_rule,legacy_category_rule,YMH-EFCA,exact_unique,false,,材料,材料,塑鋼牙
YMH-T03-A2-T5,EFC-A 塑鋼前齒單顆 A2-T5 (12顆),YAMAHACHI,removable-prosthetics,acrylic-teeth,material,approved_rule,legacy_category_rule,YMH-EFCA,exact_unique,false,,材料,材料,塑鋼牙
YMH-T03-A2-T5-L1,EFC-A 塑鋼前齒單顆 A2-T5 左1 (12顆),YAMAHACHI,removable-prosthetics,acrylic-teeth,material,approved_rule,legacy_category_rule,YMH-EFCA,exact_unique,false,,材料,材料,塑鋼牙
YMH-T03-A2-T5-L2,EFC-A 塑鋼前齒單顆 A2-T5 左2 (12顆),YAMAHACHI,removable-prosthetics,acrylic-teeth,material,approved_rule,legacy_category_rule,YMH-EFCA,exact_unique,false,,材料,材料,塑鋼牙
YMH-T03-A2-T5-L3,EFC-A 塑鋼前齒單顆 A2-T5 左3 (12顆),YAMAHACHI,removable-prosthetics,acrylic-teeth,material,approved_rule,legacy_category_rule,YMH-EFCA,exact_unique,false,,材料,材料,塑鋼牙
YMH-T03-A2-T5-R1,EFC-A 塑鋼前齒單顆 A2-T5 右1 (12顆),YAMAHACHI,removable-prosthetics,acrylic-teeth,material,approved_rule,legacy_category_rule,YMH-EFCA,exact_unique,false,,材料,材料,塑鋼牙
YMH-T03-A2-T5-R2,EFC-A 塑鋼前齒單顆 A2-T5 右2 (12顆),YAMAHACHI,removable-prosthetics,acrylic-teeth,material,approved_rule,legacy_category_rule,YMH-EFCA,exact_unique,false,,材料,材料,塑鋼牙
YMH-T03-A2-T5-R3,EFC-A 塑鋼前齒單顆 A2-T5 右3 (12顆),YAMAHACHI,removable-prosthetics,acrylic-teeth,material,approved_rule,legacy_category_rule,YMH-EFCA,exact_unique,false,,材料,材料,塑鋼牙
YMH-T03-A2-T6,EFC-A 塑鋼前齒單顆 A2-T6 (12顆),YAMAHACHI,removable-prosthetics,acrylic-teeth,material,approved_rule,legacy_category_rule,YMH-EFCA,exact_unique,false,,材料,材料,塑鋼牙
YMH-T03-A2-T6-L1,EFC-A 塑鋼前齒單顆 A2-T6 左1 (12顆),YAMAHACHI,removable-prosthetics,acrylic-teeth,material,approved_rule,legacy_category_rule,YMH-EFCA,exact_unique,false,,材料,材料,塑鋼牙
YMH-T03-A2-T6-L2,EFC-A 塑鋼前齒單顆 A2-T6 左2 (12顆),YAMAHACHI,removable-prosthetics,acrylic-teeth,material,approved_rule,legacy_category_rule,YMH-EFCA,exact_unique,false,,材料,材料,塑鋼牙
YMH-T03-A2-T6-L3,EFC-A 塑鋼前齒單顆 A2-T6 左3 (12顆),YAMAHACHI,removable-prosthetics,acrylic-teeth,material,approved_rule,legacy_category_rule,YMH-EFCA,exact_unique,false,,材料,材料,塑鋼牙
YMH-T03-A2-T6-R1,EFC-A 塑鋼前齒單顆 A2-T6 右1 (12顆),YAMAHACHI,removable-prosthetics,acrylic-teeth,material,approved_rule,legacy_category_rule,YMH-EFCA,exact_unique,false,,材料,材料,塑鋼牙
YMH-T03-A2-T6-R2,EFC-A 塑鋼前齒單顆 A2-T6 右2 (12顆),YAMAHACHI,removable-prosthetics,acrylic-teeth,material,approved_rule,legacy_category_rule,YMH-EFCA,exact_unique,false,,材料,材料,塑鋼牙
YMH-T03-A2-T6-R3,EFC-A 塑鋼前齒單顆 A2-T6 右3 (12顆),YAMAHACHI,removable-prosthetics,acrylic-teeth,material,approved_rule,legacy_category_rule,YMH-EFCA,exact_unique,false,,材料,材料,塑鋼牙
YMH-T03-A2-T7,EFC-A 塑鋼前齒單顆 A2-T7(12顆),YAMAHACHI,removable-prosthetics,acrylic-teeth,material,approved_rule,legacy_category_rule,YMH-EFCA,exact_unique,false,,材料,材料,塑鋼牙
YMH-T03-A2-T7-L1,EFC-A 塑鋼前齒單顆 A2-T7 左1 (12顆),YAMAHACHI,removable-prosthetics,acrylic-teeth,material,approved_rule,legacy_category_rule,YMH-EFCA,exact_unique,false,,材料,材料,塑鋼牙
YMH-T03-A2-T7-L2,EFC-A 塑鋼前齒單顆 A2-T7 左2 (12顆),YAMAHACHI,removable-prosthetics,acrylic-teeth,material,approved_rule,legacy_category_rule,YMH-EFCA,exact_unique,false,,材料,材料,塑鋼牙
YMH-T03-A2-T7-L3,EFC-A 塑鋼前齒單顆 A2-T7 左3 (12顆),YAMAHACHI,removable-prosthetics,acrylic-teeth,material,approved_rule,legacy_category_rule,YMH-EFCA,exact_unique,false,,材料,材料,塑鋼牙
YMH-T03-A2-T7-R1,EFC-A 塑鋼前齒單顆 A2-T7 右1 (12顆),YAMAHACHI,removable-prosthetics,acrylic-teeth,material,approved_rule,legacy_category_rule,YMH-EFCA,exact_unique,false,,材料,材料,塑鋼牙
YMH-T03-A2-T7-R2,EFC-A 塑鋼前齒單顆 A2-T7 右2 (12顆),YAMAHACHI,removable-prosthetics,acrylic-teeth,material,approved_rule,legacy_category_rule,YMH-EFCA,exact_unique,false,,材料,材料,塑鋼牙
YMH-T03-A2-T7-R3,EFC-A 塑鋼前齒單顆 A2-T7 右3 (12顆),YAMAHACHI,removable-prosthetics,acrylic-teeth,material,approved_rule,legacy_category_rule,YMH-EFCA,exact_unique,false,,材料,材料,塑鋼牙
YMH-T03-A3.5-C4,EFC-A 塑鋼前齒單顆 A3.5-C4 (12顆),YAMAHACHI,removable-prosthetics,acrylic-teeth,material,approved_rule,legacy_category_rule,YMH-EFCA,exact_unique,false,,材料,材料,塑鋼牙
YMH-T03-A3.5-C4-L1,EFC-A 塑鋼前齒單顆 A3.5-C4 左1 (12顆),YAMAHACHI,removable-prosthetics,acrylic-teeth,material,approved_rule,legacy_category_rule,YMH-EFCA,exact_unique,false,,材料,材料,塑鋼牙
YMH-T03-A3.5-C4-L2,EFC-A 塑鋼前齒單顆 A3.5-C4 左2 (12顆),YAMAHACHI,removable-prosthetics,acrylic-teeth,material,approved_rule,legacy_category_rule,YMH-EFCA,exact_unique,false,,材料,材料,塑鋼牙
YMH-T03-A3.5-C4-L3,EFC-A 塑鋼前齒單顆 A3.5-C4 左3 (12顆),YAMAHACHI,removable-prosthetics,acrylic-teeth,material,approved_rule,legacy_category_rule,YMH-EFCA,exact_unique,false,,材料,材料,塑鋼牙
YMH-T03-A3.5-C4-R1,EFC-A 塑鋼前齒單顆 A3.5-C4 右1 (12顆),YAMAHACHI,removable-prosthetics,acrylic-teeth,material,approved_rule,legacy_category_rule,YMH-EFCA,exact_unique,false,,材料,材料,塑鋼牙
YMH-T03-A3.5-C4-R2,EFC-A 塑鋼前齒單顆 A3.5-C4 右2 (12顆),YAMAHACHI,removable-prosthetics,acrylic-teeth,material,approved_rule,legacy_category_rule,YMH-EFCA,exact_unique,false,,材料,材料,塑鋼牙
YMH-T03-A3.5-C4-R3,EFC-A 塑鋼前齒單顆 A3.5-C4 右3 (12顆),YAMAHACHI,removable-prosthetics,acrylic-teeth,material,approved_rule,legacy_category_rule,YMH-EFCA,exact_unique,false,,材料,材料,塑鋼牙
YMH-T03-A3.5-C5,EFC-A 塑鋼前齒單顆 A3.5-C5 (12顆),YAMAHACHI,removable-prosthetics,acrylic-teeth,material,approved_rule,legacy_category_rule,YMH-EFCA,exact_unique,false,,材料,材料,塑鋼牙
YMH-T03-A3.5-C5-L1,EFC-A 塑鋼前齒單顆 A3.5-C5 左1 (12顆),YAMAHACHI,removable-prosthetics,acrylic-teeth,material,approved_rule,legacy_category_rule,YMH-EFCA,exact_unique,false,,材料,材料,塑鋼牙
YMH-T03-A3.5-C5-L2,EFC-A 塑鋼前齒單顆 A3.5-C5 左2 (12顆),YAMAHACHI,removable-prosthetics,acrylic-teeth,material,approved_rule,legacy_category_rule,YMH-EFCA,exact_unique,false,,材料,材料,塑鋼牙
YMH-T03-A3.5-C5-L3,EFC-A 塑鋼前齒單顆 A3.5-C5 左3 (12顆),YAMAHACHI,removable-prosthetics,acrylic-teeth,material,approved_rule,legacy_category_rule,YMH-EFCA,exact_unique,false,,材料,材料,塑鋼牙
YMH-T03-A3.5-C5-R1,EFC-A 塑鋼前齒單顆 A3.5-C5 右1 (12顆),YAMAHACHI,removable-prosthetics,acrylic-teeth,material,approved_rule,legacy_category_rule,YMH-EFCA,exact_unique,false,,材料,材料,塑鋼牙
YMH-T03-A3.5-C5-R2,EFC-A 塑鋼前齒單顆 A3.5-C5 右2 (12顆),YAMAHACHI,removable-prosthetics,acrylic-teeth,material,approved_rule,legacy_category_rule,YMH-EFCA,exact_unique,false,,材料,材料,塑鋼牙
YMH-T03-A3.5-C5-R3,EFC-A 塑鋼前齒單顆 A3.5-C5 右3 (12顆),YAMAHACHI,removable-prosthetics,acrylic-teeth,material,approved_rule,legacy_category_rule,YMH-EFCA,exact_unique,false,,材料,材料,塑鋼牙
YMH-T03-A3.5-C6,EFC-A 塑鋼前齒單顆 A3.5-C6 (12顆),YAMAHACHI,removable-prosthetics,acrylic-teeth,material,approved_rule,legacy_category_rule,YMH-EFCA,exact_unique,false,,材料,材料,塑鋼牙
YMH-T03-A3.5-C6-L1,EFC-A 塑鋼前齒單顆 A3.5-C6 左1 (12顆),YAMAHACHI,removable-prosthetics,acrylic-teeth,material,approved_rule,legacy_category_rule,YMH-EFCA,exact_unique,false,,材料,材料,塑鋼牙
YMH-T03-A3.5-C6-L2,EFC-A 塑鋼前齒單顆 A3.5-C6 左2 (12顆),YAMAHACHI,removable-prosthetics,acrylic-teeth,material,approved_rule,legacy_category_rule,YMH-EFCA,exact_unique,false,,材料,材料,塑鋼牙
YMH-T03-A3.5-C6-L3,EFC-A 塑鋼前齒單顆 A3.5-C6 左3 (12顆),YAMAHACHI,removable-prosthetics,acrylic-teeth,material,approved_rule,legacy_category_rule,YMH-EFCA,exact_unique,false,,材料,材料,塑鋼牙
YMH-T03-A3.5-C6-R1,EFC-A 塑鋼前齒單顆 A3.5-C6 右1 (12顆),YAMAHACHI,removable-prosthetics,acrylic-teeth,material,approved_rule,legacy_category_rule,YMH-EFCA,exact_unique,false,,材料,材料,塑鋼牙
YMH-T03-A3.5-C6-R2,EFC-A 塑鋼前齒單顆 A3.5-C6 右2 (12顆),YAMAHACHI,removable-prosthetics,acrylic-teeth,material,approved_rule,legacy_category_rule,YMH-EFCA,exact_unique,false,,材料,材料,塑鋼牙
YMH-T03-A3.5-C6-R3,EFC-A 塑鋼前齒單顆 A3.5-C6 右3 (12顆),YAMAHACHI,removable-prosthetics,acrylic-teeth,material,approved_rule,legacy_category_rule,YMH-EFCA,exact_unique,false,,材料,材料,塑鋼牙
YMH-T03-A3.5-C7,EFC-A 塑鋼前齒單顆 A3.5-C7 (12顆),YAMAHACHI,removable-prosthetics,acrylic-teeth,material,approved_rule,legacy_category_rule,YMH-EFCA,exact_unique,false,,材料,材料,塑鋼牙
YMH-T03-A3.5-C7-L1,EFC-A 塑鋼前齒單顆 A3.5-C7 左1 (12顆),YAMAHACHI,removable-prosthetics,acrylic-teeth,material,approved_rule,legacy_category_rule,YMH-EFCA,exact_unique,false,,材料,材料,塑鋼牙
YMH-T03-A3.5-C7-L2,EFC-A 塑鋼前齒單顆 A3.5-C7 左2 (12顆),YAMAHACHI,removable-prosthetics,acrylic-teeth,material,approved_rule,legacy_category_rule,YMH-EFCA,exact_unique,false,,材料,材料,塑鋼牙
YMH-T03-A3.5-C7-L3,EFC-A 塑鋼前齒單顆 A3.5-C7 左3 (12顆),YAMAHACHI,removable-prosthetics,acrylic-teeth,material,approved_rule,legacy_category_rule,YMH-EFCA,exact_unique,false,,材料,材料,塑鋼牙
YMH-T03-A3.5-C7-R1,EFC-A 塑鋼前齒單顆 A3.5-C7 右1 (12顆),YAMAHACHI,removable-prosthetics,acrylic-teeth,material,approved_rule,legacy_category_rule,YMH-EFCA,exact_unique,false,,材料,材料,塑鋼牙
YMH-T03-A3.5-C7-R2,EFC-A 塑鋼前齒單顆 A3.5-C7 右2 (12顆),YAMAHACHI,removable-prosthetics,acrylic-teeth,material,approved_rule,legacy_category_rule,YMH-EFCA,exact_unique,false,,材料,材料,塑鋼牙
YMH-T03-A3.5-C7-R3,EFC-A 塑鋼前齒單顆 A3.5-C7 右3 (12顆),YAMAHACHI,removable-prosthetics,acrylic-teeth,material,approved_rule,legacy_category_rule,YMH-EFCA,exact_unique,false,,材料,材料,塑鋼牙
YMH-T03-A3.5-LA6-L3,EFC-A 塑鋼前齒單顆 A3.5-LA6 左3 (12顆),YAMAHACHI,removable-prosthetics,acrylic-teeth,material,approved_rule,legacy_category_rule,YMH-EFCA,exact_unique,false,,材料,材料,塑鋼牙
YMH-T03-A3.5-LA6-R3,EFC-A 塑鋼前齒單顆 A3.5-LA6 右3 (12顆),YAMAHACHI,removable-prosthetics,acrylic-teeth,material,approved_rule,legacy_category_rule,YMH-EFCA,exact_unique,false,,材料,材料,塑鋼牙
YMH-T03-A3.5-LA7-L2,EFC-A 塑鋼前齒單顆 A3.5-LA7 左2 (12顆),YAMAHACHI,removable-prosthetics,acrylic-teeth,material,approved_rule,legacy_category_rule,YMH-EFCA,exact_unique,false,,材料,材料,塑鋼牙
YMH-T03-A3.5-LA7-R2,EFC-A 塑鋼前齒單顆 A3.5-LA7 右2 (12顆),YAMAHACHI,removable-prosthetics,acrylic-teeth,material,approved_rule,legacy_category_rule,YMH-EFCA,exact_unique,false,,材料,材料,塑鋼牙
YMH-T03-A3.5-LB4,EFC-A 塑鋼前齒單顆 A3.5-LB4 (12顆),YAMAHACHI,removable-prosthetics,acrylic-teeth,material,approved_rule,legacy_category_rule,YMH-EFCA,exact_unique,false,,材料,材料,塑鋼牙
YMH-T03-A3.5-LB4-L1,EFC-A 塑鋼前齒單顆 A3.5-LB4 左1 (12顆),YAMAHACHI,removable-prosthetics,acrylic-teeth,material,approved_rule,legacy_category_rule,YMH-EFCA,exact_unique,false,,材料,材料,塑鋼牙
YMH-T03-A3.5-LB4-L2,EFC-A 塑鋼前齒單顆 A3.5-LB4 左2 (12顆),YAMAHACHI,removable-prosthetics,acrylic-teeth,material,approved_rule,legacy_category_rule,YMH-EFCA,exact_unique,false,,材料,材料,塑鋼牙
YMH-T03-A3.5-LB4-L3,EFC-A 塑鋼前齒單顆 A3.5-LB4 左3 (12顆),YAMAHACHI,removable-prosthetics,acrylic-teeth,material,approved_rule,legacy_category_rule,YMH-EFCA,exact_unique,false,,材料,材料,塑鋼牙
YMH-T03-A3.5-LB4-R1,EFC-A 塑鋼前齒單顆 A3.5-LB4 右1 (12顆),YAMAHACHI,removable-prosthetics,acrylic-teeth,material,approved_rule,legacy_category_rule,YMH-EFCA,exact_unique,false,,材料,材料,塑鋼牙
YMH-T03-A3.5-LB4-R2,EFC-A 塑鋼前齒單顆 A3.5-LB4 右2 (12顆),YAMAHACHI,removable-prosthetics,acrylic-teeth,material,approved_rule,legacy_category_rule,YMH-EFCA,exact_unique,false,,材料,材料,塑鋼牙
YMH-T03-A3.5-LB4-R3,EFC-A 塑鋼前齒單顆 A3.5-LB4 右3 (12顆),YAMAHACHI,removable-prosthetics,acrylic-teeth,material,approved_rule,legacy_category_rule,YMH-EFCA,exact_unique,false,,材料,材料,塑鋼牙
YMH-T03-A3.5-LB5,EFC-A 塑鋼前齒單顆 A3.5-LB5 (12顆),YAMAHACHI,removable-prosthetics,acrylic-teeth,material,approved_rule,legacy_category_rule,YMH-EFCA,exact_unique,false,,材料,材料,塑鋼牙
YMH-T03-A3.5-LB5-L1,EFC-A 塑鋼前齒單顆 A3.5-LB5 左1 (12顆),YAMAHACHI,removable-prosthetics,acrylic-teeth,material,approved_rule,legacy_category_rule,YMH-EFCA,exact_unique,false,,材料,材料,塑鋼牙
YMH-T03-A3.5-LB5-L2,EFC-A 塑鋼前齒單顆 A3.5-LB5 左2 (12顆),YAMAHACHI,removable-prosthetics,acrylic-teeth,material,approved_rule,legacy_category_rule,YMH-EFCA,exact_unique,false,,材料,材料,塑鋼牙
YMH-T03-A3.5-LB5-L3,EFC-A 塑鋼前齒單顆 A3.5-LB5 左3 (12顆),YAMAHACHI,removable-prosthetics,acrylic-teeth,material,approved_rule,legacy_category_rule,YMH-EFCA,exact_unique,false,,材料,材料,塑鋼牙
YMH-T03-A3.5-LB5-R1,EFC-A 塑鋼前齒單顆 A3.5-LB5 右1 (12顆),YAMAHACHI,removable-prosthetics,acrylic-teeth,material,approved_rule,legacy_category_rule,YMH-EFCA,exact_unique,false,,材料,材料,塑鋼牙
YMH-T03-A3.5-LB5-R2,EFC-A 塑鋼前齒單顆 A3.5-LB5 右2 (12顆),YAMAHACHI,removable-prosthetics,acrylic-teeth,material,approved_rule,legacy_category_rule,YMH-EFCA,exact_unique,false,,材料,材料,塑鋼牙
YMH-T03-A3.5-LB5-R3,EFC-A 塑鋼前齒單顆 A3.5-LB5 右3 (12顆),YAMAHACHI,removable-prosthetics,acrylic-teeth,material,approved_rule,legacy_category_rule,YMH-EFCA,exact_unique,false,,材料,材料,塑鋼牙
YMH-T03-A3.5-LB6,EFC-A 塑鋼前齒單顆 A3.5-LB6 (12顆),YAMAHACHI,removable-prosthetics,acrylic-teeth,material,approved_rule,legacy_category_rule,YMH-EFCA,exact_unique,false,,材料,材料,塑鋼牙
YMH-T03-A3.5-LB6-L1,EFC-A 塑鋼前齒單顆 A3.5-LB6 左1 (12顆),YAMAHACHI,removable-prosthetics,acrylic-teeth,material,approved_rule,legacy_category_rule,YMH-EFCA,exact_unique,false,,材料,材料,塑鋼牙
YMH-T03-A3.5-LB6-L2,EFC-A 塑鋼前齒單顆 A3.5-LB6 左2 (12顆),YAMAHACHI,removable-prosthetics,acrylic-teeth,material,approved_rule,legacy_category_rule,YMH-EFCA,exact_unique,false,,材料,材料,塑鋼牙
YMH-T03-A3.5-LB6-L3,EFC-A 塑鋼前齒單顆 A3.5-LB6 左3 (12顆),YAMAHACHI,removable-prosthetics,acrylic-teeth,material,approved_rule,legacy_category_rule,YMH-EFCA,exact_unique,false,,材料,材料,塑鋼牙
YMH-T03-A3.5-LB6-R1,EFC-A 塑鋼前齒單顆 A3.5-LB6 右1 (12顆),YAMAHACHI,removable-prosthetics,acrylic-teeth,material,approved_rule,legacy_category_rule,YMH-EFCA,exact_unique,false,,材料,材料,塑鋼牙
YMH-T03-A3.5-LB6-R2,EFC-A 塑鋼前齒單顆 A3.5-LB6 右2 (12顆),YAMAHACHI,removable-prosthetics,acrylic-teeth,material,approved_rule,legacy_category_rule,YMH-EFCA,exact_unique,false,,材料,材料,塑鋼牙
YMH-T03-A3.5-LB6-R3,EFC-A 塑鋼前齒單顆 A3.5-LB6 右3 (12顆),YAMAHACHI,removable-prosthetics,acrylic-teeth,material,approved_rule,legacy_category_rule,YMH-EFCA,exact_unique,false,,材料,材料,塑鋼牙
YMH-T03-A3.5-LB7,EFC-A 塑鋼前齒單顆 A3.5-LB7 (12顆),YAMAHACHI,removable-prosthetics,acrylic-teeth,material,approved_rule,legacy_category_rule,YMH-EFCA,exact_unique,false,,材料,材料,塑鋼牙
YMH-T03-A3.5-LB7-L1,EFC-A 塑鋼前齒單顆 A3.5-LB7 左1 (12顆),YAMAHACHI,removable-prosthetics,acrylic-teeth,material,approved_rule,legacy_category_rule,YMH-EFCA,exact_unique,false,,材料,材料,塑鋼牙
YMH-T03-A3.5-LB7-L2,EFC-A 塑鋼前齒單顆 A3.5-LB7 左2 (12顆),YAMAHACHI,removable-prosthetics,acrylic-teeth,material,approved_rule,legacy_category_rule,YMH-EFCA,exact_unique,false,,材料,材料,塑鋼牙
YMH-T03-A3.5-LB7-L3,EFC-A 塑鋼前齒單顆 A3.5-LB7 左3 (12顆),YAMAHACHI,removable-prosthetics,acrylic-teeth,material,approved_rule,legacy_category_rule,YMH-EFCA,exact_unique,false,,材料,材料,塑鋼牙
YMH-T03-A3.5-LB7-R1,EFC-A 塑鋼前齒單顆 A3.5-LB7 右1 (12顆),YAMAHACHI,removable-prosthetics,acrylic-teeth,material,approved_rule,legacy_category_rule,YMH-EFCA,exact_unique,false,,材料,材料,塑鋼牙
YMH-T03-A3.5-LB7-R2,EFC-A 塑鋼前齒單顆 A3.5-LB7 右2 (12顆),YAMAHACHI,removable-prosthetics,acrylic-teeth,material,approved_rule,legacy_category_rule,YMH-EFCA,exact_unique,false,,材料,材料,塑鋼牙
YMH-T03-A3.5-LB7-R3,EFC-A 塑鋼前齒單顆 A3.5-LB7 右3 (12顆),YAMAHACHI,removable-prosthetics,acrylic-teeth,material,approved_rule,legacy_category_rule,YMH-EFCA,exact_unique,false,,材料,材料,塑鋼牙
YMH-T03-A3.5-S4,EFC-A 塑鋼前齒單顆 A3.5-S4 (12顆),YAMAHACHI,removable-prosthetics,acrylic-teeth,material,approved_rule,legacy_category_rule,YMH-EFCA,exact_unique,false,,材料,材料,塑鋼牙
YMH-T03-A3.5-S4-L1,EFC-A 塑鋼前齒單顆 A3.5-S4 左1 (12顆),YAMAHACHI,removable-prosthetics,acrylic-teeth,material,approved_rule,legacy_category_rule,YMH-EFCA,exact_unique,false,,材料,材料,塑鋼牙
YMH-T03-A3.5-S4-L2,EFC-A 塑鋼前齒單顆 A3.5-S4 左2 (12顆),YAMAHACHI,removable-prosthetics,acrylic-teeth,material,approved_rule,legacy_category_rule,YMH-EFCA,exact_unique,false,,材料,材料,塑鋼牙
YMH-T03-A3.5-S4-L3,EFC-A 塑鋼前齒單顆 A3.5-S4 左3 (12顆),YAMAHACHI,removable-prosthetics,acrylic-teeth,material,approved_rule,legacy_category_rule,YMH-EFCA,exact_unique,false,,材料,材料,塑鋼牙
YMH-T03-A3.5-S4-R1,EFC-A 塑鋼前齒單顆 A3.5-S4 右1 (12顆),YAMAHACHI,removable-prosthetics,acrylic-teeth,material,approved_rule,legacy_category_rule,YMH-EFCA,exact_unique,false,,材料,材料,塑鋼牙
YMH-T03-A3.5-S4-R2,EFC-A 塑鋼前齒單顆 A3.5-S4 右2 (12顆),YAMAHACHI,removable-prosthetics,acrylic-teeth,material,approved_rule,legacy_category_rule,YMH-EFCA,exact_unique,false,,材料,材料,塑鋼牙
YMH-T03-A3.5-S4-R3,EFC-A 塑鋼前齒單顆 A3.5-S4 右3 (12顆),YAMAHACHI,removable-prosthetics,acrylic-teeth,material,approved_rule,legacy_category_rule,YMH-EFCA,exact_unique,false,,材料,材料,塑鋼牙
YMH-T03-A3.5-S5,EFC-A 塑鋼前齒單顆 A3.5-S5 (12顆),YAMAHACHI,removable-prosthetics,acrylic-teeth,material,approved_rule,legacy_category_rule,YMH-EFCA,exact_unique,false,,材料,材料,塑鋼牙
YMH-T03-A3.5-S5-L1,EFC-A 塑鋼前齒單顆 A3.5-S5 左1 (12顆),YAMAHACHI,removable-prosthetics,acrylic-teeth,material,approved_rule,legacy_category_rule,YMH-EFCA,exact_unique,false,,材料,材料,塑鋼牙
YMH-T03-A3.5-S5-L2,EFC-A 塑鋼前齒單顆 A3.5-S5 左2 (12顆),YAMAHACHI,removable-prosthetics,acrylic-teeth,material,approved_rule,legacy_category_rule,YMH-EFCA,exact_unique,false,,材料,材料,塑鋼牙
YMH-T03-A3.5-S5-L3,EFC-A 塑鋼前齒單顆 A3.5-S5 左3 (12顆),YAMAHACHI,removable-prosthetics,acrylic-teeth,material,approved_rule,legacy_category_rule,YMH-EFCA,exact_unique,false,,材料,材料,塑鋼牙
YMH-T03-A3.5-S5-R1,EFC-A 塑鋼前齒單顆 A3.5-S5 右1 (12顆),YAMAHACHI,removable-prosthetics,acrylic-teeth,material,approved_rule,legacy_category_rule,YMH-EFCA,exact_unique,false,,材料,材料,塑鋼牙
YMH-T03-A3.5-S5-R2,EFC-A 塑鋼前齒單顆 A3.5-S5 右2 (12顆),YAMAHACHI,removable-prosthetics,acrylic-teeth,material,approved_rule,legacy_category_rule,YMH-EFCA,exact_unique,false,,材料,材料,塑鋼牙
YMH-T03-A3.5-S5-R3,EFC-A 塑鋼前齒單顆 A3.5-S5 右3 (12顆),YAMAHACHI,removable-prosthetics,acrylic-teeth,material,approved_rule,legacy_category_rule,YMH-EFCA,exact_unique,false,,材料,材料,塑鋼牙
YMH-T03-A3.5-S6,EFC-A 塑鋼前齒單顆 A3.5-S6 (12顆),YAMAHACHI,removable-prosthetics,acrylic-teeth,material,approved_rule,legacy_category_rule,YMH-EFCA,exact_unique,false,,材料,材料,塑鋼牙
YMH-T03-A3.5-S6-L1,EFC-A 塑鋼前齒單顆 A3.5-S6 左1 (12顆),YAMAHACHI,removable-prosthetics,acrylic-teeth,material,approved_rule,legacy_category_rule,YMH-EFCA,exact_unique,false,,材料,材料,塑鋼牙
YMH-T03-A3.5-S6-L2,EFC-A 塑鋼前齒單顆 A3.5-S6 左2 (12顆),YAMAHACHI,removable-prosthetics,acrylic-teeth,material,approved_rule,legacy_category_rule,YMH-EFCA,exact_unique,false,,材料,材料,塑鋼牙
YMH-T03-A3.5-S6-L3,EFC-A 塑鋼前齒單顆 A3.5-S6 左3 (12顆),YAMAHACHI,removable-prosthetics,acrylic-teeth,material,approved_rule,legacy_category_rule,YMH-EFCA,exact_unique,false,,材料,材料,塑鋼牙
YMH-T03-A3.5-S6-R1,EFC-A 塑鋼前齒單顆 A3.5-S6 右1 (12顆),YAMAHACHI,removable-prosthetics,acrylic-teeth,material,approved_rule,legacy_category_rule,YMH-EFCA,exact_unique,false,,材料,材料,塑鋼牙
YMH-T03-A3.5-S6-R2,EFC-A 塑鋼前齒單顆 A3.5-S6 右2 (12顆),YAMAHACHI,removable-prosthetics,acrylic-teeth,material,approved_rule,legacy_category_rule,YMH-EFCA,exact_unique,false,,材料,材料,塑鋼牙
YMH-T03-A3.5-S6-R3,EFC-A 塑鋼前齒單顆 A3.5-S6 右3 (12顆),YAMAHACHI,removable-prosthetics,acrylic-teeth,material,approved_rule,legacy_category_rule,YMH-EFCA,exact_unique,false,,材料,材料,塑鋼牙
YMH-T03-A3.5-S7,EFC-A 塑鋼前齒單顆 A3.5-S7 (12顆),YAMAHACHI,removable-prosthetics,acrylic-teeth,material,approved_rule,legacy_category_rule,YMH-EFCA,exact_unique,false,,材料,材料,塑鋼牙
YMH-T03-A3.5-S7-L1,EFC-A 塑鋼前齒單顆 A3.5-S7 左1 (12顆),YAMAHACHI,removable-prosthetics,acrylic-teeth,material,approved_rule,legacy_category_rule,YMH-EFCA,exact_unique,false,,材料,材料,塑鋼牙
YMH-T03-A3.5-S7-L2,EFC-A 塑鋼前齒單顆 A3.5-S7 左2 (12顆),YAMAHACHI,removable-prosthetics,acrylic-teeth,material,approved_rule,legacy_category_rule,YMH-EFCA,exact_unique,false,,材料,材料,塑鋼牙
YMH-T03-A3.5-S7-L3,EFC-A 塑鋼前齒單顆 A3.5-S7 左3 (12顆),YAMAHACHI,removable-prosthetics,acrylic-teeth,material,approved_rule,legacy_category_rule,YMH-EFCA,exact_unique,false,,材料,材料,塑鋼牙
YMH-T03-A3.5-S7-R1,EFC-A 塑鋼前齒單顆 A3.5-S7 右1 (12顆),YAMAHACHI,removable-prosthetics,acrylic-teeth,material,approved_rule,legacy_category_rule,YMH-EFCA,exact_unique,false,,材料,材料,塑鋼牙
YMH-T03-A3.5-S7-R2,EFC-A 塑鋼前齒單顆 A3.5-S7 右2 (12顆),YAMAHACHI,removable-prosthetics,acrylic-teeth,material,approved_rule,legacy_category_rule,YMH-EFCA,exact_unique,false,,材料,材料,塑鋼牙
YMH-T03-A3.5-S7-R3,EFC-A 塑鋼前齒單顆 A3.5-S7 右3 (12顆),YAMAHACHI,removable-prosthetics,acrylic-teeth,material,approved_rule,legacy_category_rule,YMH-EFCA,exact_unique,false,,材料,材料,塑鋼牙
YMH-T03-A3.5-SS4,EFC-A 塑鋼前齒單顆 A3.5-SS4 (12顆),YAMAHACHI,removable-prosthetics,acrylic-teeth,material,approved_rule,legacy_category_rule,YMH-EFCA,exact_unique,false,,材料,材料,塑鋼牙
YMH-T03-A3.5-SS4-L1,EFC-A 塑鋼前齒單顆 A3.5-SS4 左1 (12顆),YAMAHACHI,removable-prosthetics,acrylic-teeth,material,approved_rule,legacy_category_rule,YMH-EFCA,exact_unique,false,,材料,材料,塑鋼牙
YMH-T03-A3.5-SS4-L2,EFC-A 塑鋼前齒單顆 A3.5-SS4 左2 (12顆),YAMAHACHI,removable-prosthetics,acrylic-teeth,material,approved_rule,legacy_category_rule,YMH-EFCA,exact_unique,false,,材料,材料,塑鋼牙
YMH-T03-A3.5-SS4-L3,EFC-A 塑鋼前齒單顆 A3.5-SS4 左3 (12顆),YAMAHACHI,removable-prosthetics,acrylic-teeth,material,approved_rule,legacy_category_rule,YMH-EFCA,exact_unique,false,,材料,材料,塑鋼牙
YMH-T03-A3.5-SS4-R1,EFC-A 塑鋼前齒單顆 A3.5-SS4 右1 (12顆),YAMAHACHI,removable-prosthetics,acrylic-teeth,material,approved_rule,legacy_category_rule,YMH-EFCA,exact_unique,false,,材料,材料,塑鋼牙
YMH-T03-A3.5-SS4-R2,EFC-A 塑鋼前齒單顆 A3.5-SS4 右2 (12顆),YAMAHACHI,removable-prosthetics,acrylic-teeth,material,approved_rule,legacy_category_rule,YMH-EFCA,exact_unique,false,,材料,材料,塑鋼牙
YMH-T03-A3.5-SS4-R3,EFC-A 塑鋼前齒單顆 A3.5-SS4 右3 (12顆),YAMAHACHI,removable-prosthetics,acrylic-teeth,material,approved_rule,legacy_category_rule,YMH-EFCA,exact_unique,false,,材料,材料,塑鋼牙
YMH-T03-A3.5-SS5,EFC-A 塑鋼前齒單顆 A3.5-SS5 (12顆),YAMAHACHI,removable-prosthetics,acrylic-teeth,material,approved_rule,legacy_category_rule,YMH-EFCA,exact_unique,false,,材料,材料,塑鋼牙
YMH-T03-A3.5-SS5-L1,EFC-A 塑鋼前齒單顆 A3.5-SS5 左1 (12顆),YAMAHACHI,removable-prosthetics,acrylic-teeth,material,approved_rule,legacy_category_rule,YMH-EFCA,exact_unique,false,,材料,材料,塑鋼牙
YMH-T03-A3.5-SS5-L2,EFC-A 塑鋼前齒單顆 A3.5-SS5 左2 (12顆),YAMAHACHI,removable-prosthetics,acrylic-teeth,material,approved_rule,legacy_category_rule,YMH-EFCA,exact_unique,false,,材料,材料,塑鋼牙
YMH-T03-A3.5-SS5-L3,EFC-A 塑鋼前齒單顆 A3.5-SS5 左3 (12顆),YAMAHACHI,removable-prosthetics,acrylic-teeth,material,approved_rule,legacy_category_rule,YMH-EFCA,exact_unique,false,,材料,材料,塑鋼牙
YMH-T03-A3.5-SS5-R1,EFC-A 塑鋼前齒單顆 A3.5-SS5 右1 (12顆),YAMAHACHI,removable-prosthetics,acrylic-teeth,material,approved_rule,legacy_category_rule,YMH-EFCA,exact_unique,false,,材料,材料,塑鋼牙
YMH-T03-A3.5-SS5-R2,EFC-A 塑鋼前齒單顆 A3.5-SS5 右2 (12顆),YAMAHACHI,removable-prosthetics,acrylic-teeth,material,approved_rule,legacy_category_rule,YMH-EFCA,exact_unique,false,,材料,材料,塑鋼牙
YMH-T03-A3.5-SS5-R3,EFC-A 塑鋼前齒單顆 A3.5-SS5 右3 (12顆),YAMAHACHI,removable-prosthetics,acrylic-teeth,material,approved_rule,legacy_category_rule,YMH-EFCA,exact_unique,false,,材料,材料,塑鋼牙
YMH-T03-A3.5-SS6,EFC-A 塑鋼前齒單顆 A3.5-SS6 (12顆),YAMAHACHI,removable-prosthetics,acrylic-teeth,material,approved_rule,legacy_category_rule,YMH-EFCA,exact_unique,false,,材料,材料,塑鋼牙
YMH-T03-A3.5-SS6-L1,EFC-A 塑鋼前齒單顆 A3.5-SS6 左1 (12顆),YAMAHACHI,removable-prosthetics,acrylic-teeth,material,approved_rule,legacy_category_rule,YMH-EFCA,exact_unique,false,,材料,材料,塑鋼牙
YMH-T03-A3.5-SS6-L2,EFC-A 塑鋼前齒單顆 A3.5-SS6 左2 (12顆),YAMAHACHI,removable-prosthetics,acrylic-teeth,material,approved_rule,legacy_category_rule,YMH-EFCA,exact_unique,false,,材料,材料,塑鋼牙
YMH-T03-A3.5-SS6-L3,EFC-A 塑鋼前齒單顆 A3.5-SS6 左3 (12顆),YAMAHACHI,removable-prosthetics,acrylic-teeth,material,approved_rule,legacy_category_rule,YMH-EFCA,exact_unique,false,,材料,材料,塑鋼牙
YMH-T03-A3.5-SS6-R1,EFC-A 塑鋼前齒單顆 A3.5-SS6 右1 (12顆),YAMAHACHI,removable-prosthetics,acrylic-teeth,material,approved_rule,legacy_category_rule,YMH-EFCA,exact_unique,false,,材料,材料,塑鋼牙
YMH-T03-A3.5-SS6-R2,EFC-A 塑鋼前齒單顆 A3.5-SS6 右2 (12顆),YAMAHACHI,removable-prosthetics,acrylic-teeth,material,approved_rule,legacy_category_rule,YMH-EFCA,exact_unique,false,,材料,材料,塑鋼牙
YMH-T03-A3.5-SS6-R3,EFC-A 塑鋼前齒單顆 A3.5-SS6 右3 (12顆),YAMAHACHI,removable-prosthetics,acrylic-teeth,material,approved_rule,legacy_category_rule,YMH-EFCA,exact_unique,false,,材料,材料,塑鋼牙
YMH-T03-A3.5-SS7,EFC-A 塑鋼前齒單顆 A3.5-SS7 (12顆),YAMAHACHI,removable-prosthetics,acrylic-teeth,material,approved_rule,legacy_category_rule,YMH-EFCA,exact_unique,false,,材料,材料,塑鋼牙
YMH-T03-A3.5-SS7-L1,EFC-A 塑鋼前齒單顆 A3.5-SS7 左1 (12顆),YAMAHACHI,removable-prosthetics,acrylic-teeth,material,approved_rule,legacy_category_rule,YMH-EFCA,exact_unique,false,,材料,材料,塑鋼牙
YMH-T03-A3.5-SS7-L2,EFC-A 塑鋼前齒單顆 A3.5-SS7 左2 (12顆),YAMAHACHI,removable-prosthetics,acrylic-teeth,material,approved_rule,legacy_category_rule,YMH-EFCA,exact_unique,false,,材料,材料,塑鋼牙
YMH-T03-A3.5-SS7-L3,EFC-A 塑鋼前齒單顆 A3.5-SS7 左3 (12顆),YAMAHACHI,removable-prosthetics,acrylic-teeth,material,approved_rule,legacy_category_rule,YMH-EFCA,exact_unique,false,,材料,材料,塑鋼牙
YMH-T03-A3.5-SS7-R1,EFC-A 塑鋼前齒單顆 A3.5-SS7 右1 (12顆),YAMAHACHI,removable-prosthetics,acrylic-teeth,material,approved_rule,legacy_category_rule,YMH-EFCA,exact_unique,false,,材料,材料,塑鋼牙
YMH-T03-A3.5-SS7-R2,EFC-A 塑鋼前齒單顆 A3.5-SS7 右2 (12顆),YAMAHACHI,removable-prosthetics,acrylic-teeth,material,approved_rule,legacy_category_rule,YMH-EFCA,exact_unique,false,,材料,材料,塑鋼牙
YMH-T03-A3.5-SS7-R3,EFC-A 塑鋼前齒單顆 A3.5-SS7 右3 (12顆),YAMAHACHI,removable-prosthetics,acrylic-teeth,material,approved_rule,legacy_category_rule,YMH-EFCA,exact_unique,false,,材料,材料,塑鋼牙
YMH-T03-A3.5-T4,EFC-A 塑鋼前齒單顆 A3.5-T4 (12顆),YAMAHACHI,removable-prosthetics,acrylic-teeth,material,approved_rule,legacy_category_rule,YMH-EFCA,exact_unique,false,,材料,材料,塑鋼牙
YMH-T03-A3.5-T4-L1,EFC-A 塑鋼前齒單顆 A3.5-T4 左1 (12顆),YAMAHACHI,removable-prosthetics,acrylic-teeth,material,approved_rule,legacy_category_rule,YMH-EFCA,exact_unique,false,,材料,材料,塑鋼牙
YMH-T03-A3.5-T4-L2,EFC-A 塑鋼前齒單顆 A3.5-T4 左2 (12顆),YAMAHACHI,removable-prosthetics,acrylic-teeth,material,approved_rule,legacy_category_rule,YMH-EFCA,exact_unique,false,,材料,材料,塑鋼牙
YMH-T03-A3.5-T4-L3,EFC-A 塑鋼前齒單顆 A3.5-T4 左3 (12顆),YAMAHACHI,removable-prosthetics,acrylic-teeth,material,approved_rule,legacy_category_rule,YMH-EFCA,exact_unique,false,,材料,材料,塑鋼牙
YMH-T03-A3.5-T4-R1,EFC-A 塑鋼前齒單顆 A3.5-T4 右1 (12顆),YAMAHACHI,removable-prosthetics,acrylic-teeth,material,approved_rule,legacy_category_rule,YMH-EFCA,exact_unique,false,,材料,材料,塑鋼牙
YMH-T03-A3.5-T4-R2,EFC-A 塑鋼前齒單顆 A3.5-T4 右2 (12顆),YAMAHACHI,removable-prosthetics,acrylic-teeth,material,approved_rule,legacy_category_rule,YMH-EFCA,exact_unique,false,,材料,材料,塑鋼牙
YMH-T03-A3.5-T4-R3,EFC-A 塑鋼前齒單顆 A3.5-T4 右3 (12顆),YAMAHACHI,removable-prosthetics,acrylic-teeth,material,approved_rule,legacy_category_rule,YMH-EFCA,exact_unique,false,,材料,材料,塑鋼牙
YMH-T03-A3.5-T5,EFC-A 塑鋼前齒單顆 A3.5-T5 (12顆),YAMAHACHI,removable-prosthetics,acrylic-teeth,material,approved_rule,legacy_category_rule,YMH-EFCA,exact_unique,false,,材料,材料,塑鋼牙
YMH-T03-A3.5-T5-L1,EFC-A 塑鋼前齒單顆 A3.5-T5 左1 (12顆),YAMAHACHI,removable-prosthetics,acrylic-teeth,material,approved_rule,legacy_category_rule,YMH-EFCA,exact_unique,false,,材料,材料,塑鋼牙
YMH-T03-A3.5-T5-L2,EFC-A 塑鋼前齒單顆 A3.5-T5 左2 (12顆),YAMAHACHI,removable-prosthetics,acrylic-teeth,material,approved_rule,legacy_category_rule,YMH-EFCA,exact_unique,false,,材料,材料,塑鋼牙
YMH-T03-A3.5-T5-L3,EFC-A 塑鋼前齒單顆 A3.5-T5 左3 (12顆),YAMAHACHI,removable-prosthetics,acrylic-teeth,material,approved_rule,legacy_category_rule,YMH-EFCA,exact_unique,false,,材料,材料,塑鋼牙
YMH-T03-A3.5-T5-R1,EFC-A 塑鋼前齒單顆 A3.5-T5 右1 (12顆),YAMAHACHI,removable-prosthetics,acrylic-teeth,material,approved_rule,legacy_category_rule,YMH-EFCA,exact_unique,false,,材料,材料,塑鋼牙
YMH-T03-A3.5-T5-R2,EFC-A 塑鋼前齒單顆 A3.5-T5 右2 (12顆),YAMAHACHI,removable-prosthetics,acrylic-teeth,material,approved_rule,legacy_category_rule,YMH-EFCA,exact_unique,false,,材料,材料,塑鋼牙
YMH-T03-A3.5-T5-R3,EFC-A 塑鋼前齒單顆 A3.5-T5 右3 (12顆),YAMAHACHI,removable-prosthetics,acrylic-teeth,material,approved_rule,legacy_category_rule,YMH-EFCA,exact_unique,false,,材料,材料,塑鋼牙
YMH-T03-A3.5-T6,EFC-A 塑鋼前齒單顆 A3.5-T6 (12顆),YAMAHACHI,removable-prosthetics,acrylic-teeth,material,approved_rule,legacy_category_rule,YMH-EFCA,exact_unique,false,,材料,材料,塑鋼牙
YMH-T03-A3.5-T6-L1,EFC-A 塑鋼前齒單顆 A3.5-T6 左1 (12顆),YAMAHACHI,removable-prosthetics,acrylic-teeth,material,approved_rule,legacy_category_rule,YMH-EFCA,exact_unique,false,,材料,材料,塑鋼牙
YMH-T03-A3.5-T6-L2,EFC-A 塑鋼前齒單顆 A3.5-T6 左2 (12顆),YAMAHACHI,removable-prosthetics,acrylic-teeth,material,approved_rule,legacy_category_rule,YMH-EFCA,exact_unique,false,,材料,材料,塑鋼牙
YMH-T03-A3.5-T6-L3,EFC-A 塑鋼前齒單顆 A3.5-T6 左3 (12顆),YAMAHACHI,removable-prosthetics,acrylic-teeth,material,approved_rule,legacy_category_rule,YMH-EFCA,exact_unique,false,,材料,材料,塑鋼牙
YMH-T03-A3.5-T6-R1,EFC-A 塑鋼前齒單顆 A3.5-T6 右1 (12顆),YAMAHACHI,removable-prosthetics,acrylic-teeth,material,approved_rule,legacy_category_rule,YMH-EFCA,exact_unique,false,,材料,材料,塑鋼牙
YMH-T03-A3.5-T6-R2,EFC-A 塑鋼前齒單顆 A3.5-T6 右2 (12顆),YAMAHACHI,removable-prosthetics,acrylic-teeth,material,approved_rule,legacy_category_rule,YMH-EFCA,exact_unique,false,,材料,材料,塑鋼牙
YMH-T03-A3.5-T6-R3,EFC-A 塑鋼前齒單顆 A3.5-T6 右3 (12顆),YAMAHACHI,removable-prosthetics,acrylic-teeth,material,approved_rule,legacy_category_rule,YMH-EFCA,exact_unique,false,,材料,材料,塑鋼牙
YMH-T03-A3.5-T7,EFC-A 塑鋼前齒單顆 A3.5-T7 (12顆),YAMAHACHI,removable-prosthetics,acrylic-teeth,material,approved_rule,legacy_category_rule,YMH-EFCA,exact_unique,false,,材料,材料,塑鋼牙
YMH-T03-A3.5-T7-L1,EFC-A 塑鋼前齒單顆 A3.5-T7 左1 (12顆),YAMAHACHI,removable-prosthetics,acrylic-teeth,material,approved_rule,legacy_category_rule,YMH-EFCA,exact_unique,false,,材料,材料,塑鋼牙
YMH-T03-A3.5-T7-L2,EFC-A 塑鋼前齒單顆 A3.5-T7 左2 (12顆),YAMAHACHI,removable-prosthetics,acrylic-teeth,material,approved_rule,legacy_category_rule,YMH-EFCA,exact_unique,false,,材料,材料,塑鋼牙
YMH-T03-A3.5-T7-L3,EFC-A 塑鋼前齒單顆 A3.5-T7 左3 (12顆),YAMAHACHI,removable-prosthetics,acrylic-teeth,material,approved_rule,legacy_category_rule,YMH-EFCA,exact_unique,false,,材料,材料,塑鋼牙
YMH-T03-A3.5-T7-R1,EFC-A 塑鋼前齒單顆 A3.5-T7 右1 (12顆),YAMAHACHI,removable-prosthetics,acrylic-teeth,material,approved_rule,legacy_category_rule,YMH-EFCA,exact_unique,false,,材料,材料,塑鋼牙
YMH-T03-A3.5-T7-R2,EFC-A 塑鋼前齒單顆 A3.5-T7 右2 (12顆),YAMAHACHI,removable-prosthetics,acrylic-teeth,material,approved_rule,legacy_category_rule,YMH-EFCA,exact_unique,false,,材料,材料,塑鋼牙
YMH-T03-A3.5-T7-R3,EFC-A 塑鋼前齒單顆 A3.5-T7 右3 (12顆),YAMAHACHI,removable-prosthetics,acrylic-teeth,material,approved_rule,legacy_category_rule,YMH-EFCA,exact_unique,false,,材料,材料,塑鋼牙
YMH-T03-C4,EFC-A 塑鋼前齒單顆 A3-C4 (12顆),YAMAHACHI,removable-prosthetics,acrylic-teeth,material,approved_rule,legacy_category_rule,YMH-EFCA,exact_unique,false,,材料,材料,塑鋼牙
YMH-T03-C4-L1,EFC-A 塑鋼前齒單顆 A3-C4 左1 (12顆),YAMAHACHI,removable-prosthetics,acrylic-teeth,material,approved_rule,legacy_category_rule,YMH-EFCA,exact_unique,false,,材料,材料,塑鋼牙
YMH-T03-C4-L2,EFC-A 塑鋼前齒單顆 A3-C4 左2 (12顆),YAMAHACHI,removable-prosthetics,acrylic-teeth,material,approved_rule,legacy_category_rule,YMH-EFCA,exact_unique,false,,材料,材料,塑鋼牙
YMH-T03-C4-L3,EFC-A 塑鋼前齒單顆 A3-C4 左3 (12顆),YAMAHACHI,removable-prosthetics,acrylic-teeth,material,approved_rule,legacy_category_rule,YMH-EFCA,exact_unique,false,,材料,材料,塑鋼牙
YMH-T03-C4-R1,EFC-A 塑鋼前齒單顆 A3-C4 右1 (12顆),YAMAHACHI,removable-prosthetics,acrylic-teeth,material,approved_rule,legacy_category_rule,YMH-EFCA,exact_unique,false,,材料,材料,塑鋼牙
YMH-T03-C4-R2,EFC-A 塑鋼前齒單顆 A3-C4 右2 (12顆),YAMAHACHI,removable-prosthetics,acrylic-teeth,material,approved_rule,legacy_category_rule,YMH-EFCA,exact_unique,false,,材料,材料,塑鋼牙
YMH-T03-C4-R3,EFC-A 塑鋼前齒單顆 A3-C4 右3 (12顆),YAMAHACHI,removable-prosthetics,acrylic-teeth,material,approved_rule,legacy_category_rule,YMH-EFCA,exact_unique,false,,材料,材料,塑鋼牙
YMH-T03-C5,EFC-A 塑鋼前齒單顆 A3-C5 (12顆),YAMAHACHI,removable-prosthetics,acrylic-teeth,material,approved_rule,legacy_category_rule,YMH-EFCA,exact_unique,false,,材料,材料,塑鋼牙
YMH-T03-C5-L1,EFC-A 塑鋼前齒單顆 A3-C5 左1 (12顆),YAMAHACHI,removable-prosthetics,acrylic-teeth,material,approved_rule,legacy_category_rule,YMH-EFCA,exact_unique,false,,材料,材料,塑鋼牙
YMH-T03-C5-L2,EFC-A 塑鋼前齒單顆 A3-C5 左2 (12顆),YAMAHACHI,removable-prosthetics,acrylic-teeth,material,approved_rule,legacy_category_rule,YMH-EFCA,exact_unique,false,,材料,材料,塑鋼牙
YMH-T03-C5-L3,EFC-A 塑鋼前齒單顆 A3-C5 左3 (12顆),YAMAHACHI,removable-prosthetics,acrylic-teeth,material,approved_rule,legacy_category_rule,YMH-EFCA,exact_unique,false,,材料,材料,塑鋼牙
YMH-T03-C5-R1,EFC-A 塑鋼前齒單顆 A3-C5 右1 (12顆),YAMAHACHI,removable-prosthetics,acrylic-teeth,material,approved_rule,legacy_category_rule,YMH-EFCA,exact_unique,false,,材料,材料,塑鋼牙
YMH-T03-C5-R2,EFC-A 塑鋼前齒單顆 A3-C5 右2 (12顆),YAMAHACHI,removable-prosthetics,acrylic-teeth,material,approved_rule,legacy_category_rule,YMH-EFCA,exact_unique,false,,材料,材料,塑鋼牙
YMH-T03-C5-R3,EFC-A 塑鋼前齒單顆 A3-C5 右3 (12顆),YAMAHACHI,removable-prosthetics,acrylic-teeth,material,approved_rule,legacy_category_rule,YMH-EFCA,exact_unique,false,,材料,材料,塑鋼牙
YMH-T03-C6,EFC-A 塑鋼前齒單顆 A3-C6 (12顆),YAMAHACHI,removable-prosthetics,acrylic-teeth,material,approved_rule,legacy_category_rule,YMH-EFCA,exact_unique,false,,材料,材料,塑鋼牙
YMH-T03-C6-L1,EFC-A 塑鋼前齒單顆 A3-C6 左1 (12顆),YAMAHACHI,removable-prosthetics,acrylic-teeth,material,approved_rule,legacy_category_rule,YMH-EFCA,exact_unique,false,,材料,材料,塑鋼牙
YMH-T03-C6-L2,EFC-A 塑鋼前齒單顆 A3-C6 左2 (12顆),YAMAHACHI,removable-prosthetics,acrylic-teeth,material,approved_rule,legacy_category_rule,YMH-EFCA,exact_unique,false,,材料,材料,塑鋼牙
YMH-T03-C6-L3,EFC-A 塑鋼前齒單顆 A3-C6 左3 (12顆),YAMAHACHI,removable-prosthetics,acrylic-teeth,material,approved_rule,legacy_category_rule,YMH-EFCA,exact_unique,false,,材料,材料,塑鋼牙
YMH-T03-C6-R1,EFC-A 塑鋼前齒單顆 A3-C6 右1 (12顆),YAMAHACHI,removable-prosthetics,acrylic-teeth,material,approved_rule,legacy_category_rule,YMH-EFCA,exact_unique,false,,材料,材料,塑鋼牙
YMH-T03-C6-R2,EFC-A 塑鋼前齒單顆 A3-C6 右2 (12顆),YAMAHACHI,removable-prosthetics,acrylic-teeth,material,approved_rule,legacy_category_rule,YMH-EFCA,exact_unique,false,,材料,材料,塑鋼牙
YMH-T03-C6-R3,EFC-A 塑鋼前齒單顆 A3-C6 右3 (12顆),YAMAHACHI,removable-prosthetics,acrylic-teeth,material,approved_rule,legacy_category_rule,YMH-EFCA,exact_unique,false,,材料,材料,塑鋼牙
YMH-T03-C7,EFC-A 塑鋼前齒單顆 A3-C7 (12顆),YAMAHACHI,removable-prosthetics,acrylic-teeth,material,approved_rule,legacy_category_rule,YMH-EFCA,exact_unique,false,,材料,材料,塑鋼牙
YMH-T03-C7-L1,EFC-A 塑鋼前齒單顆 A3-C7 左1 (12顆),YAMAHACHI,removable-prosthetics,acrylic-teeth,material,approved_rule,legacy_category_rule,YMH-EFCA,exact_unique,false,,材料,材料,塑鋼牙
YMH-T03-C7-L2,EFC-A 塑鋼前齒單顆 A3-C7 左2 (12顆),YAMAHACHI,removable-prosthetics,acrylic-teeth,material,approved_rule,legacy_category_rule,YMH-EFCA,exact_unique,false,,材料,材料,塑鋼牙
YMH-T03-C7-L3,EFC-A 塑鋼前齒單顆 A3-C7 左3 (12顆),YAMAHACHI,removable-prosthetics,acrylic-teeth,material,approved_rule,legacy_category_rule,YMH-EFCA,exact_unique,false,,材料,材料,塑鋼牙
YMH-T03-C7-R1,EFC-A 塑鋼前齒單顆 A3-C7 右1 (12顆),YAMAHACHI,removable-prosthetics,acrylic-teeth,material,approved_rule,legacy_category_rule,YMH-EFCA,exact_unique,false,,材料,材料,塑鋼牙
YMH-T03-C7-R2,EFC-A 塑鋼前齒單顆 A3-C7 右2 (12顆),YAMAHACHI,removable-prosthetics,acrylic-teeth,material,approved_rule,legacy_category_rule,YMH-EFCA,exact_unique,false,,材料,材料,塑鋼牙
YMH-T03-C7-R3,EFC-A 塑鋼前齒單顆 A3-C7 右3 (12顆),YAMAHACHI,removable-prosthetics,acrylic-teeth,material,approved_rule,legacy_category_rule,YMH-EFCA,exact_unique,false,,材料,材料,塑鋼牙
YMH-T03-LA4,EFC-A 塑鋼前齒單顆 A3-LA4 (12顆),YAMAHACHI,removable-prosthetics,acrylic-teeth,material,approved_rule,legacy_category_rule,YMH-EFCA,exact_unique,false,,材料,材料,塑鋼牙
YMH-T03-LA4-L1,EFC-A 塑鋼前齒單顆 A3-LA4 左1 (12顆),YAMAHACHI,removable-prosthetics,acrylic-teeth,material,approved_rule,legacy_category_rule,YMH-EFCA,exact_unique,false,,材料,材料,塑鋼牙
YMH-T03-LA4-L2,EFC-A 塑鋼前齒單顆 A3-LA4 左2 (12顆),YAMAHACHI,removable-prosthetics,acrylic-teeth,material,approved_rule,legacy_category_rule,YMH-EFCA,exact_unique,false,,材料,材料,塑鋼牙
YMH-T03-LA4-L3,EFC-A 塑鋼前齒單顆 A3-LA4 左3 (12顆),YAMAHACHI,removable-prosthetics,acrylic-teeth,material,approved_rule,legacy_category_rule,YMH-EFCA,exact_unique,false,,材料,材料,塑鋼牙
YMH-T03-LA4-R1,EFC-A 塑鋼前齒單顆 A3-LA4 右1 (12顆),YAMAHACHI,removable-prosthetics,acrylic-teeth,material,approved_rule,legacy_category_rule,YMH-EFCA,exact_unique,false,,材料,材料,塑鋼牙
YMH-T03-LA4-R2,EFC-A 塑鋼前齒單顆 A3-LA4 右2 (12顆),YAMAHACHI,removable-prosthetics,acrylic-teeth,material,approved_rule,legacy_category_rule,YMH-EFCA,exact_unique,false,,材料,材料,塑鋼牙
YMH-T03-LA4-R3,EFC-A 塑鋼前齒單顆 A3-LA4 右3 (12顆),YAMAHACHI,removable-prosthetics,acrylic-teeth,material,approved_rule,legacy_category_rule,YMH-EFCA,exact_unique,false,,材料,材料,塑鋼牙
YMH-T03-LA5,EFC-A 塑鋼前齒單顆 A3-LA5 (12顆),YAMAHACHI,removable-prosthetics,acrylic-teeth,material,approved_rule,legacy_category_rule,YMH-EFCA,exact_unique,false,,材料,材料,塑鋼牙
YMH-T03-LA5-L1,EFC-A 塑鋼前齒單顆 A3-LA5 左1 (12顆),YAMAHACHI,removable-prosthetics,acrylic-teeth,material,approved_rule,legacy_category_rule,YMH-EFCA,exact_unique,false,,材料,材料,塑鋼牙
YMH-T03-LA5-L2,EFC-A 塑鋼前齒單顆 A3-LA5 左2 (12顆),YAMAHACHI,removable-prosthetics,acrylic-teeth,material,approved_rule,legacy_category_rule,YMH-EFCA,exact_unique,false,,材料,材料,塑鋼牙
YMH-T03-LA5-L3,EFC-A 塑鋼前齒單顆 A3-LA5 左3 (12顆),YAMAHACHI,removable-prosthetics,acrylic-teeth,material,approved_rule,legacy_category_rule,YMH-EFCA,exact_unique,false,,材料,材料,塑鋼牙
YMH-T03-LA5-R1,EFC-A 塑鋼前齒單顆 A3-LA5 右1 (12顆),YAMAHACHI,removable-prosthetics,acrylic-teeth,material,approved_rule,legacy_category_rule,YMH-EFCA,exact_unique,false,,材料,材料,塑鋼牙
YMH-T03-LA5-R2,EFC-A 塑鋼前齒單顆 A3-LA5 右2 (12顆),YAMAHACHI,removable-prosthetics,acrylic-teeth,material,approved_rule,legacy_category_rule,YMH-EFCA,exact_unique,false,,材料,材料,塑鋼牙
YMH-T03-LA5-R3,EFC-A 塑鋼前齒單顆 A3-LA5 右3 (12顆),YAMAHACHI,removable-prosthetics,acrylic-teeth,material,approved_rule,legacy_category_rule,YMH-EFCA,exact_unique,false,,材料,材料,塑鋼牙
YMH-T03-LA6,EFC-A 塑鋼前齒單顆 A3-LA6 (12顆),YAMAHACHI,removable-prosthetics,acrylic-teeth,material,approved_rule,legacy_category_rule,YMH-EFCA,exact_unique,false,,材料,材料,塑鋼牙
YMH-T03-LA6-L1,EFC-A 塑鋼前齒單顆 A3-LA6 左1 (12顆),YAMAHACHI,removable-prosthetics,acrylic-teeth,material,approved_rule,legacy_category_rule,YMH-EFCA,exact_unique,false,,材料,材料,塑鋼牙
YMH-T03-LA6-L2,EFC-A 塑鋼前齒單顆 A3-LA6 左2 (12顆),YAMAHACHI,removable-prosthetics,acrylic-teeth,material,approved_rule,legacy_category_rule,YMH-EFCA,exact_unique,false,,材料,材料,塑鋼牙
YMH-T03-LA6-L3,EFC-A 塑鋼前齒單顆 A3-LA6 左3 (12顆),YAMAHACHI,removable-prosthetics,acrylic-teeth,material,approved_rule,legacy_category_rule,YMH-EFCA,exact_unique,false,,材料,材料,塑鋼牙
YMH-T03-LA6-R1,EFC-A 塑鋼前齒單顆 A3-LA6 右1 (12顆),YAMAHACHI,removable-prosthetics,acrylic-teeth,material,approved_rule,legacy_category_rule,YMH-EFCA,exact_unique,false,,材料,材料,塑鋼牙
YMH-T03-LA6-R2,EFC-A 塑鋼前齒單顆 A3-LA6 右2 (12顆),YAMAHACHI,removable-prosthetics,acrylic-teeth,material,approved_rule,legacy_category_rule,YMH-EFCA,exact_unique,false,,材料,材料,塑鋼牙
YMH-T03-LA6-R3,EFC-A 塑鋼前齒單顆 A3-LA6 右3 (12顆),YAMAHACHI,removable-prosthetics,acrylic-teeth,material,approved_rule,legacy_category_rule,YMH-EFCA,exact_unique,false,,材料,材料,塑鋼牙
YMH-T03-LA7,EFC-A 塑鋼前齒單顆 A3-LA7 (12顆),YAMAHACHI,removable-prosthetics,acrylic-teeth,material,approved_rule,legacy_category_rule,YMH-EFCA,exact_unique,false,,材料,材料,塑鋼牙
YMH-T03-LA7-L1,EFC-A 塑鋼前齒單顆 A3-LA7 左1 (12顆),YAMAHACHI,removable-prosthetics,acrylic-teeth,material,approved_rule,legacy_category_rule,YMH-EFCA,exact_unique,false,,材料,材料,塑鋼牙
YMH-T03-LA7-L2,EFC-A 塑鋼前齒單顆 A3-LA7 左2 (12顆),YAMAHACHI,removable-prosthetics,acrylic-teeth,material,approved_rule,legacy_category_rule,YMH-EFCA,exact_unique,false,,材料,材料,塑鋼牙
YMH-T03-LA7-L3,EFC-A 塑鋼前齒單顆 A3-LA7 左3 (12顆),YAMAHACHI,removable-prosthetics,acrylic-teeth,material,approved_rule,legacy_category_rule,YMH-EFCA,exact_unique,false,,材料,材料,塑鋼牙
YMH-T03-LA7-R1,EFC-A 塑鋼前齒單顆 A3-LA7 右1 (12顆),YAMAHACHI,removable-prosthetics,acrylic-teeth,material,approved_rule,legacy_category_rule,YMH-EFCA,exact_unique,false,,材料,材料,塑鋼牙
YMH-T03-LA7-R2,EFC-A 塑鋼前齒單顆 A3-LA7 右2 (12顆),YAMAHACHI,removable-prosthetics,acrylic-teeth,material,approved_rule,legacy_category_rule,YMH-EFCA,exact_unique,false,,材料,材料,塑鋼牙
YMH-T03-LA7-R3,EFC-A 塑鋼前齒單顆 A3-LA7 右3 (12顆),YAMAHACHI,removable-prosthetics,acrylic-teeth,material,approved_rule,legacy_category_rule,YMH-EFCA,exact_unique,false,,材料,材料,塑鋼牙
YMH-T03-LB4,EFC-A 塑鋼前齒單顆 A3-LB4 (12顆),YAMAHACHI,removable-prosthetics,acrylic-teeth,material,approved_rule,legacy_category_rule,YMH-EFCA,exact_unique,false,,材料,材料,塑鋼牙
YMH-T03-LB4-L1,EFC-A 塑鋼前齒單顆 A3-LB4 左1 (12顆),YAMAHACHI,removable-prosthetics,acrylic-teeth,material,approved_rule,legacy_category_rule,YMH-EFCA,exact_unique,false,,材料,材料,塑鋼牙
YMH-T03-LB4-L2,EFC-A 塑鋼前齒單顆 A3-LB4 左2 (12顆),YAMAHACHI,removable-prosthetics,acrylic-teeth,material,approved_rule,legacy_category_rule,YMH-EFCA,exact_unique,false,,材料,材料,塑鋼牙
YMH-T03-LB4-L3,EFC-A 塑鋼前齒單顆 A3-LB4 左3 (12顆),YAMAHACHI,removable-prosthetics,acrylic-teeth,material,approved_rule,legacy_category_rule,YMH-EFCA,exact_unique,false,,材料,材料,塑鋼牙
YMH-T03-LB4-R1,EFC-A 塑鋼前齒單顆 A3-LB4 右1 (12顆),YAMAHACHI,removable-prosthetics,acrylic-teeth,material,approved_rule,legacy_category_rule,YMH-EFCA,exact_unique,false,,材料,材料,塑鋼牙
YMH-T03-LB4-R2,EFC-A 塑鋼前齒單顆 A3-LB4 右2 (12顆),YAMAHACHI,removable-prosthetics,acrylic-teeth,material,approved_rule,legacy_category_rule,YMH-EFCA,exact_unique,false,,材料,材料,塑鋼牙
YMH-T03-LB4-R3,EFC-A 塑鋼前齒單顆 A3-LB4 右3 (12顆),YAMAHACHI,removable-prosthetics,acrylic-teeth,material,approved_rule,legacy_category_rule,YMH-EFCA,exact_unique,false,,材料,材料,塑鋼牙
YMH-T03-LB5,EFC-A 塑鋼前齒單顆 A3-LB5 (12顆),YAMAHACHI,removable-prosthetics,acrylic-teeth,material,approved_rule,legacy_category_rule,YMH-EFCA,exact_unique,false,,材料,材料,塑鋼牙
YMH-T03-LB5-L1,EFC-A 塑鋼前齒單顆 A3-LB5 左1 (12顆),YAMAHACHI,removable-prosthetics,acrylic-teeth,material,approved_rule,legacy_category_rule,YMH-EFCA,exact_unique,false,,材料,材料,塑鋼牙
YMH-T03-LB5-L2,EFC-A 塑鋼前齒單顆 A3-LB5 左2 (12顆),YAMAHACHI,removable-prosthetics,acrylic-teeth,material,approved_rule,legacy_category_rule,YMH-EFCA,exact_unique,false,,材料,材料,塑鋼牙
YMH-T03-LB5-L3,EFC-A 塑鋼前齒單顆 A3-LB5 左3 (12顆),YAMAHACHI,removable-prosthetics,acrylic-teeth,material,approved_rule,legacy_category_rule,YMH-EFCA,exact_unique,false,,材料,材料,塑鋼牙
YMH-T03-LB5-R1,EFC-A 塑鋼前齒單顆 A3-LB5 右1 (12顆),YAMAHACHI,removable-prosthetics,acrylic-teeth,material,approved_rule,legacy_category_rule,YMH-EFCA,exact_unique,false,,材料,材料,塑鋼牙
YMH-T03-LB5-R2,EFC-A 塑鋼前齒單顆 A3-LB5 右2 (12顆),YAMAHACHI,removable-prosthetics,acrylic-teeth,material,approved_rule,legacy_category_rule,YMH-EFCA,exact_unique,false,,材料,材料,塑鋼牙
YMH-T03-LB5-R3,EFC-A 塑鋼前齒單顆 A3-LB5 右3 (12顆),YAMAHACHI,removable-prosthetics,acrylic-teeth,material,approved_rule,legacy_category_rule,YMH-EFCA,exact_unique,false,,材料,材料,塑鋼牙
YMH-T03-LB6,EFC-A 塑鋼前齒單顆 A3-LB6 (12顆),YAMAHACHI,removable-prosthetics,acrylic-teeth,material,approved_rule,legacy_category_rule,YMH-EFCA,exact_unique,false,,材料,材料,塑鋼牙
YMH-T03-LB6-L1,EFC-A 塑鋼前齒單顆 A3-LB6 左1 (12顆),YAMAHACHI,removable-prosthetics,acrylic-teeth,material,approved_rule,legacy_category_rule,YMH-EFCA,exact_unique,false,,材料,材料,塑鋼牙
YMH-T03-LB6-L2,EFC-A 塑鋼前齒單顆 A3-LB6 左2 (12顆),YAMAHACHI,removable-prosthetics,acrylic-teeth,material,approved_rule,legacy_category_rule,YMH-EFCA,exact_unique,false,,材料,材料,塑鋼牙
YMH-T03-LB6-L3,EFC-A 塑鋼前齒單顆 A3-LB6 左3 (12顆),YAMAHACHI,removable-prosthetics,acrylic-teeth,material,approved_rule,legacy_category_rule,YMH-EFCA,exact_unique,false,,材料,材料,塑鋼牙
YMH-T03-LB6-R1,EFC-A 塑鋼前齒單顆 A3-LB6 右1 (12顆),YAMAHACHI,removable-prosthetics,acrylic-teeth,material,approved_rule,legacy_category_rule,YMH-EFCA,exact_unique,false,,材料,材料,塑鋼牙
YMH-T03-LB6-R2,EFC-A 塑鋼前齒單顆 A3-LB6 右2 (12顆),YAMAHACHI,removable-prosthetics,acrylic-teeth,material,approved_rule,legacy_category_rule,YMH-EFCA,exact_unique,false,,材料,材料,塑鋼牙
YMH-T03-LB6-R3,EFC-A 塑鋼前齒單顆 A3-LB6 右3 (12顆),YAMAHACHI,removable-prosthetics,acrylic-teeth,material,approved_rule,legacy_category_rule,YMH-EFCA,exact_unique,false,,材料,材料,塑鋼牙
YMH-T03-LB7,EFC-A 塑鋼前齒單顆 A3-LB7 (12顆),YAMAHACHI,removable-prosthetics,acrylic-teeth,material,approved_rule,legacy_category_rule,YMH-EFCA,exact_unique,false,,材料,材料,塑鋼牙
YMH-T03-LB7-L1,EFC-A 塑鋼前齒單顆 A3-LB7 左1 (12顆),YAMAHACHI,removable-prosthetics,acrylic-teeth,material,approved_rule,legacy_category_rule,YMH-EFCA,exact_unique,false,,材料,材料,塑鋼牙
YMH-T03-LB7-L2,EFC-A 塑鋼前齒單顆 A3-LB7 左2 (12顆),YAMAHACHI,removable-prosthetics,acrylic-teeth,material,approved_rule,legacy_category_rule,YMH-EFCA,exact_unique,false,,材料,材料,塑鋼牙
YMH-T03-LB7-L3,EFC-A 塑鋼前齒單顆 A3-LB7 左3 (12顆),YAMAHACHI,removable-prosthetics,acrylic-teeth,material,approved_rule,legacy_category_rule,YMH-EFCA,exact_unique,false,,材料,材料,塑鋼牙
YMH-T03-LB7-R1,EFC-A 塑鋼前齒單顆 A3-LB7 右1 (12顆),YAMAHACHI,removable-prosthetics,acrylic-teeth,material,approved_rule,legacy_category_rule,YMH-EFCA,exact_unique,false,,材料,材料,塑鋼牙
YMH-T03-LB7-R2,EFC-A 塑鋼前齒單顆 A3-LB7 右2 (12顆),YAMAHACHI,removable-prosthetics,acrylic-teeth,material,approved_rule,legacy_category_rule,YMH-EFCA,exact_unique,false,,材料,材料,塑鋼牙
YMH-T03-LB7-R3,EFC-A 塑鋼前齒單顆 A3-LB7 右3 (12顆),YAMAHACHI,removable-prosthetics,acrylic-teeth,material,approved_rule,legacy_category_rule,YMH-EFCA,exact_unique,false,,材料,材料,塑鋼牙
YMH-T03-S4,EFC-A 塑鋼前齒單顆 A3-S4 (12顆),YAMAHACHI,removable-prosthetics,acrylic-teeth,material,approved_rule,legacy_category_rule,YMH-EFCA,exact_unique,false,,材料,材料,塑鋼牙
YMH-T03-S4-L1,EFC-A 塑鋼前齒單顆 A3-S4 左1 (12顆),YAMAHACHI,removable-prosthetics,acrylic-teeth,material,approved_rule,legacy_category_rule,YMH-EFCA,exact_unique,false,,材料,材料,塑鋼牙
YMH-T03-S4-L2,EFC-A 塑鋼前齒單顆 A3-S4 左2 (12顆),YAMAHACHI,removable-prosthetics,acrylic-teeth,material,approved_rule,legacy_category_rule,YMH-EFCA,exact_unique,false,,材料,材料,塑鋼牙
YMH-T03-S4-L3,EFC-A 塑鋼前齒單顆 A3-S4 左3 (12顆),YAMAHACHI,removable-prosthetics,acrylic-teeth,material,approved_rule,legacy_category_rule,YMH-EFCA,exact_unique,false,,材料,材料,塑鋼牙
YMH-T03-S4-R1,EFC-A 塑鋼前齒單顆 A3-S4 右1 (12顆),YAMAHACHI,removable-prosthetics,acrylic-teeth,material,approved_rule,legacy_category_rule,YMH-EFCA,exact_unique,false,,材料,材料,塑鋼牙
YMH-T03-S4-R2,EFC-A 塑鋼前齒單顆 A3-S4 右2 (12顆),YAMAHACHI,removable-prosthetics,acrylic-teeth,material,approved_rule,legacy_category_rule,YMH-EFCA,exact_unique,false,,材料,材料,塑鋼牙
YMH-T03-S4-R3,EFC-A 塑鋼前齒單顆 A3-S4 右3 (12顆),YAMAHACHI,removable-prosthetics,acrylic-teeth,material,approved_rule,legacy_category_rule,YMH-EFCA,exact_unique,false,,材料,材料,塑鋼牙
YMH-T03-S5,EFC-A 塑鋼前齒單顆 A3-S5 (12顆),YAMAHACHI,removable-prosthetics,acrylic-teeth,material,approved_rule,legacy_category_rule,YMH-EFCA,exact_unique,false,,材料,材料,塑鋼牙
YMH-T03-S5-L1,EFC-A 塑鋼前齒單顆 A3-S5 左1 (12顆),YAMAHACHI,removable-prosthetics,acrylic-teeth,material,approved_rule,legacy_category_rule,YMH-EFCA,exact_unique,false,,材料,材料,塑鋼牙
YMH-T03-S5-L2,EFC-A 塑鋼前齒單顆 A3-S5 左2 (12顆),YAMAHACHI,removable-prosthetics,acrylic-teeth,material,approved_rule,legacy_category_rule,YMH-EFCA,exact_unique,false,,材料,材料,塑鋼牙
YMH-T03-S5-L3,EFC-A 塑鋼前齒單顆 A3-S5 左3 (12顆),YAMAHACHI,removable-prosthetics,acrylic-teeth,material,approved_rule,legacy_category_rule,YMH-EFCA,exact_unique,false,,材料,材料,塑鋼牙
YMH-T03-S5-R1,EFC-A 塑鋼前齒單顆 A3-S5 右1 (12顆),YAMAHACHI,removable-prosthetics,acrylic-teeth,material,approved_rule,legacy_category_rule,YMH-EFCA,exact_unique,false,,材料,材料,塑鋼牙
YMH-T03-S5-R2,EFC-A 塑鋼前齒單顆 A3-S5 右2 (12顆),YAMAHACHI,removable-prosthetics,acrylic-teeth,material,approved_rule,legacy_category_rule,YMH-EFCA,exact_unique,false,,材料,材料,塑鋼牙
YMH-T03-S5-R3,EFC-A 塑鋼前齒單顆 A3-S5 右3 (12顆),YAMAHACHI,removable-prosthetics,acrylic-teeth,material,approved_rule,legacy_category_rule,YMH-EFCA,exact_unique,false,,材料,材料,塑鋼牙
YMH-T03-S6,EFC-A 塑鋼前齒單顆 A3-S6 (12顆),YAMAHACHI,removable-prosthetics,acrylic-teeth,material,approved_rule,legacy_category_rule,YMH-EFCA,exact_unique,false,,材料,材料,塑鋼牙
YMH-T03-S6-L1,EFC-A 塑鋼前齒單顆 A3-S6 左1 (12顆),YAMAHACHI,removable-prosthetics,acrylic-teeth,material,approved_rule,legacy_category_rule,YMH-EFCA,exact_unique,false,,材料,材料,塑鋼牙
YMH-T03-S6-L2,EFC-A 塑鋼前齒單顆 A3-S6 左2 (12顆),YAMAHACHI,removable-prosthetics,acrylic-teeth,material,approved_rule,legacy_category_rule,YMH-EFCA,exact_unique,false,,材料,材料,塑鋼牙
YMH-T03-S6-L3,EFC-A 塑鋼前齒單顆 A3-S6 左3 (12顆),YAMAHACHI,removable-prosthetics,acrylic-teeth,material,approved_rule,legacy_category_rule,YMH-EFCA,exact_unique,false,,材料,材料,塑鋼牙
YMH-T03-S6-R1,EFC-A 塑鋼前齒單顆 A3-S6 右1 (12顆),YAMAHACHI,removable-prosthetics,acrylic-teeth,material,approved_rule,legacy_category_rule,YMH-EFCA,exact_unique,false,,材料,材料,塑鋼牙
YMH-T03-S6-R2,EFC-A 塑鋼前齒單顆 A3-S6 右2 (12顆),YAMAHACHI,removable-prosthetics,acrylic-teeth,material,approved_rule,legacy_category_rule,YMH-EFCA,exact_unique,false,,材料,材料,塑鋼牙
YMH-T03-S6-R3,EFC-A 塑鋼前齒單顆 A3-S6 右3 (12顆),YAMAHACHI,removable-prosthetics,acrylic-teeth,material,approved_rule,legacy_category_rule,YMH-EFCA,exact_unique,false,,材料,材料,塑鋼牙
YMH-T03-S7,EFC-A 塑鋼前齒單顆 A3-S7 (12顆),YAMAHACHI,removable-prosthetics,acrylic-teeth,material,approved_rule,legacy_category_rule,YMH-EFCA,exact_unique,false,,材料,材料,塑鋼牙
YMH-T03-S7-L1,EFC-A 塑鋼前齒單顆 A3-S7 左1 (12顆),YAMAHACHI,removable-prosthetics,acrylic-teeth,material,approved_rule,legacy_category_rule,YMH-EFCA,exact_unique,false,,材料,材料,塑鋼牙
YMH-T03-S7-L2,EFC-A 塑鋼前齒單顆 A3-S7 左2 (12顆),YAMAHACHI,removable-prosthetics,acrylic-teeth,material,approved_rule,legacy_category_rule,YMH-EFCA,exact_unique,false,,材料,材料,塑鋼牙
YMH-T03-S7-L3,EFC-A 塑鋼前齒單顆 A3-S7 左3 (12顆),YAMAHACHI,removable-prosthetics,acrylic-teeth,material,approved_rule,legacy_category_rule,YMH-EFCA,exact_unique,false,,材料,材料,塑鋼牙
YMH-T03-S7-R1,EFC-A 塑鋼前齒單顆 A3-S7 右1 (12顆),YAMAHACHI,removable-prosthetics,acrylic-teeth,material,approved_rule,legacy_category_rule,YMH-EFCA,exact_unique,false,,材料,材料,塑鋼牙
YMH-T03-S7-R2,EFC-A 塑鋼前齒單顆 A3-S7 右2 (12顆),YAMAHACHI,removable-prosthetics,acrylic-teeth,material,approved_rule,legacy_category_rule,YMH-EFCA,exact_unique,false,,材料,材料,塑鋼牙
YMH-T03-S7-R3,EFC-A 塑鋼前齒單顆 A3-S7 右3 (12顆),YAMAHACHI,removable-prosthetics,acrylic-teeth,material,approved_rule,legacy_category_rule,YMH-EFCA,exact_unique,false,,材料,材料,塑鋼牙
YMH-T03-SS4,EFC-A 塑鋼前齒單顆 A3-SS4 (12顆),YAMAHACHI,removable-prosthetics,acrylic-teeth,material,approved_rule,legacy_category_rule,YMH-EFCA,exact_unique,false,,材料,材料,塑鋼牙
YMH-T03-SS4-L1,EFC-A 塑鋼前齒單顆 A3-SS4 左1 (12顆),YAMAHACHI,removable-prosthetics,acrylic-teeth,material,approved_rule,legacy_category_rule,YMH-EFCA,exact_unique,false,,材料,材料,塑鋼牙
YMH-T03-SS4-L2,EFC-A 塑鋼前齒單顆 A3-SS4 左2 (12顆),YAMAHACHI,removable-prosthetics,acrylic-teeth,material,approved_rule,legacy_category_rule,YMH-EFCA,exact_unique,false,,材料,材料,塑鋼牙
YMH-T03-SS4-L3,EFC-A 塑鋼前齒單顆 A3-SS4 左3 (12顆),YAMAHACHI,removable-prosthetics,acrylic-teeth,material,approved_rule,legacy_category_rule,YMH-EFCA,exact_unique,false,,材料,材料,塑鋼牙
YMH-T03-SS4-R1,EFC-A 塑鋼前齒單顆 A3-SS4 右1 (12顆),YAMAHACHI,removable-prosthetics,acrylic-teeth,material,approved_rule,legacy_category_rule,YMH-EFCA,exact_unique,false,,材料,材料,塑鋼牙
YMH-T03-SS4-R2,EFC-A 塑鋼前齒單顆 A3-SS4 右2 (12顆),YAMAHACHI,removable-prosthetics,acrylic-teeth,material,approved_rule,legacy_category_rule,YMH-EFCA,exact_unique,false,,材料,材料,塑鋼牙
YMH-T03-SS4-R3,EFC-A 塑鋼前齒單顆 A3-SS4 右3 (12顆),YAMAHACHI,removable-prosthetics,acrylic-teeth,material,approved_rule,legacy_category_rule,YMH-EFCA,exact_unique,false,,材料,材料,塑鋼牙
YMH-T03-SS5,EFC-A 塑鋼前齒單顆 A3-SS5 (12顆),YAMAHACHI,removable-prosthetics,acrylic-teeth,material,approved_rule,legacy_category_rule,YMH-EFCA,exact_unique,false,,材料,材料,塑鋼牙
YMH-T03-SS5-L1,EFC-A 塑鋼前齒單顆 A3-SS5 左1 (12顆),YAMAHACHI,removable-prosthetics,acrylic-teeth,material,approved_rule,legacy_category_rule,YMH-EFCA,exact_unique,false,,材料,材料,塑鋼牙
YMH-T03-SS5-L2,EFC-A 塑鋼前齒單顆 A3-SS5 左2 (12顆),YAMAHACHI,removable-prosthetics,acrylic-teeth,material,approved_rule,legacy_category_rule,YMH-EFCA,exact_unique,false,,材料,材料,塑鋼牙
YMH-T03-SS5-L3,EFC-A 塑鋼前齒單顆 A3-SS5 左3 (12顆),YAMAHACHI,removable-prosthetics,acrylic-teeth,material,approved_rule,legacy_category_rule,YMH-EFCA,exact_unique,false,,材料,材料,塑鋼牙
YMH-T03-SS5-R1,EFC-A 塑鋼前齒單顆 A3-SS5 右1 (12顆),YAMAHACHI,removable-prosthetics,acrylic-teeth,material,approved_rule,legacy_category_rule,YMH-EFCA,exact_unique,false,,材料,材料,塑鋼牙
YMH-T03-SS5-R2,EFC-A 塑鋼前齒單顆 A3-SS5 右2 (12顆),YAMAHACHI,removable-prosthetics,acrylic-teeth,material,approved_rule,legacy_category_rule,YMH-EFCA,exact_unique,false,,材料,材料,塑鋼牙
YMH-T03-SS5-R3,EFC-A 塑鋼前齒單顆 A3-SS5 右3 (12顆),YAMAHACHI,removable-prosthetics,acrylic-teeth,material,approved_rule,legacy_category_rule,YMH-EFCA,exact_unique,false,,材料,材料,塑鋼牙
YMH-T03-SS6,EFC-A 塑鋼前齒單顆 A3-SS6 (12顆),YAMAHACHI,removable-prosthetics,acrylic-teeth,material,approved_rule,legacy_category_rule,YMH-EFCA,exact_unique,false,,材料,材料,塑鋼牙
YMH-T03-SS6-L1,EFC-A 塑鋼前齒單顆 A3-SS6 左1 (12顆),YAMAHACHI,removable-prosthetics,acrylic-teeth,material,approved_rule,legacy_category_rule,YMH-EFCA,exact_unique,false,,材料,材料,塑鋼牙
YMH-T03-SS6-L2,EFC-A 塑鋼前齒單顆 A3-SS6 左2 (12顆),YAMAHACHI,removable-prosthetics,acrylic-teeth,material,approved_rule,legacy_category_rule,YMH-EFCA,exact_unique,false,,材料,材料,塑鋼牙
YMH-T03-SS6-L3,EFC-A 塑鋼前齒單顆 A3-SS6 左3 (12顆),YAMAHACHI,removable-prosthetics,acrylic-teeth,material,approved_rule,legacy_category_rule,YMH-EFCA,exact_unique,false,,材料,材料,塑鋼牙
YMH-T03-SS6-R1,EFC-A 塑鋼前齒單顆 A3-SS6 右1 (12顆),YAMAHACHI,removable-prosthetics,acrylic-teeth,material,approved_rule,legacy_category_rule,YMH-EFCA,exact_unique,false,,材料,材料,塑鋼牙
YMH-T03-SS6-R2,EFC-A 塑鋼前齒單顆 A3-SS6 右2 (12顆),YAMAHACHI,removable-prosthetics,acrylic-teeth,material,approved_rule,legacy_category_rule,YMH-EFCA,exact_unique,false,,材料,材料,塑鋼牙
YMH-T03-SS6-R3,EFC-A 塑鋼前齒單顆 A3-SS6 右3 (12顆),YAMAHACHI,removable-prosthetics,acrylic-teeth,material,approved_rule,legacy_category_rule,YMH-EFCA,exact_unique,false,,材料,材料,塑鋼牙
YMH-T03-SS7,EFC-A 塑鋼前齒單顆 A3-SS7 (12顆),YAMAHACHI,removable-prosthetics,acrylic-teeth,material,approved_rule,legacy_category_rule,YMH-EFCA,exact_unique,false,,材料,材料,塑鋼牙
YMH-T03-SS7-L1,EFC-A 塑鋼前齒單顆 A3-SS7 左1 (12顆),YAMAHACHI,removable-prosthetics,acrylic-teeth,material,approved_rule,legacy_category_rule,YMH-EFCA,exact_unique,false,,材料,材料,塑鋼牙
YMH-T03-SS7-L2,EFC-A 塑鋼前齒單顆 A3-SS7 左2 (12顆),YAMAHACHI,removable-prosthetics,acrylic-teeth,material,approved_rule,legacy_category_rule,YMH-EFCA,exact_unique,false,,材料,材料,塑鋼牙
YMH-T03-SS7-L3,EFC-A 塑鋼前齒單顆 A3-SS7 左3 (12顆),YAMAHACHI,removable-prosthetics,acrylic-teeth,material,approved_rule,legacy_category_rule,YMH-EFCA,exact_unique,false,,材料,材料,塑鋼牙
YMH-T03-SS7-R1,EFC-A 塑鋼前齒單顆 A3-SS7 右1 (12顆),YAMAHACHI,removable-prosthetics,acrylic-teeth,material,approved_rule,legacy_category_rule,YMH-EFCA,exact_unique,false,,材料,材料,塑鋼牙
YMH-T03-SS7-R2,EFC-A 塑鋼前齒單顆 A3-SS7 右2 (12顆),YAMAHACHI,removable-prosthetics,acrylic-teeth,material,approved_rule,legacy_category_rule,YMH-EFCA,exact_unique,false,,材料,材料,塑鋼牙
YMH-T03-SS7-R3,EFC-A 塑鋼前齒單顆 A3-SS7 右3 (12顆),YAMAHACHI,removable-prosthetics,acrylic-teeth,material,approved_rule,legacy_category_rule,YMH-EFCA,exact_unique,false,,材料,材料,塑鋼牙
YMH-T03-T4,EFC-A 塑鋼前齒單顆 A3-T4 (12顆),YAMAHACHI,removable-prosthetics,acrylic-teeth,material,approved_rule,legacy_category_rule,YMH-EFCA,exact_unique,false,,材料,材料,塑鋼牙
YMH-T03-T4-L1,EFC-A 塑鋼前齒單顆 A3-T4 左1 (12顆),YAMAHACHI,removable-prosthetics,acrylic-teeth,material,approved_rule,legacy_category_rule,YMH-EFCA,exact_unique,false,,材料,材料,塑鋼牙
YMH-T03-T4-L2,EFC-A 塑鋼前齒單顆 A3-T4 左2 (12顆),YAMAHACHI,removable-prosthetics,acrylic-teeth,material,approved_rule,legacy_category_rule,YMH-EFCA,exact_unique,false,,材料,材料,塑鋼牙
YMH-T03-T4-L3,EFC-A 塑鋼前齒單顆 A3-T4 左3 (12顆),YAMAHACHI,removable-prosthetics,acrylic-teeth,material,approved_rule,legacy_category_rule,YMH-EFCA,exact_unique,false,,材料,材料,塑鋼牙
YMH-T03-T4-R1,EFC-A 塑鋼前齒單顆 A3-T4 右1 (12顆),YAMAHACHI,removable-prosthetics,acrylic-teeth,material,approved_rule,legacy_category_rule,YMH-EFCA,exact_unique,false,,材料,材料,塑鋼牙
YMH-T03-T4-R2,EFC-A 塑鋼前齒單顆 A3-T4 右2 (12顆),YAMAHACHI,removable-prosthetics,acrylic-teeth,material,approved_rule,legacy_category_rule,YMH-EFCA,exact_unique,false,,材料,材料,塑鋼牙
YMH-T03-T4-R3,EFC-A 塑鋼前齒單顆 A3-T4 右3 (12顆),YAMAHACHI,removable-prosthetics,acrylic-teeth,material,approved_rule,legacy_category_rule,YMH-EFCA,exact_unique,false,,材料,材料,塑鋼牙
YMH-T03-T5,EFC-A 塑鋼前齒單顆 A3-T5 (12顆),YAMAHACHI,removable-prosthetics,acrylic-teeth,material,approved_rule,legacy_category_rule,YMH-EFCA,exact_unique,false,,材料,材料,塑鋼牙
YMH-T03-T5-L1,EFC-A 塑鋼前齒單顆 A3-T5 左1 (12顆),YAMAHACHI,removable-prosthetics,acrylic-teeth,material,approved_rule,legacy_category_rule,YMH-EFCA,exact_unique,false,,材料,材料,塑鋼牙
YMH-T03-T5-L2,EFC-A 塑鋼前齒單顆 A3-T5 左2 (12顆),YAMAHACHI,removable-prosthetics,acrylic-teeth,material,approved_rule,legacy_category_rule,YMH-EFCA,exact_unique,false,,材料,材料,塑鋼牙
YMH-T03-T5-L3,EFC-A 塑鋼前齒單顆 A3-T5 左3 (12顆),YAMAHACHI,removable-prosthetics,acrylic-teeth,material,approved_rule,legacy_category_rule,YMH-EFCA,exact_unique,false,,材料,材料,塑鋼牙
YMH-T03-T5-R1,EFC-A 塑鋼前齒單顆 A3-T5 右1 (12顆),YAMAHACHI,removable-prosthetics,acrylic-teeth,material,approved_rule,legacy_category_rule,YMH-EFCA,exact_unique,false,,材料,材料,塑鋼牙
YMH-T03-T5-R2,EFC-A 塑鋼前齒單顆 A3-T5 右2 (12顆),YAMAHACHI,removable-prosthetics,acrylic-teeth,material,approved_rule,legacy_category_rule,YMH-EFCA,exact_unique,false,,材料,材料,塑鋼牙
YMH-T03-T5-R3,EFC-A 塑鋼前齒單顆 A3-T5 右3 (12顆),YAMAHACHI,removable-prosthetics,acrylic-teeth,material,approved_rule,legacy_category_rule,YMH-EFCA,exact_unique,false,,材料,材料,塑鋼牙
YMH-T03-T6,EFC-A 塑鋼前齒單顆 A3-T6 (12顆),YAMAHACHI,removable-prosthetics,acrylic-teeth,material,approved_rule,legacy_category_rule,YMH-EFCA,exact_unique,false,,材料,材料,塑鋼牙
YMH-T03-T6-L1,EFC-A 塑鋼前齒單顆 A3-T6 左1 (12顆),YAMAHACHI,removable-prosthetics,acrylic-teeth,material,approved_rule,legacy_category_rule,YMH-EFCA,exact_unique,false,,材料,材料,塑鋼牙
YMH-T03-T6-L2,EFC-A 塑鋼前齒單顆 A3-T6 左2 (12顆),YAMAHACHI,removable-prosthetics,acrylic-teeth,material,approved_rule,legacy_category_rule,YMH-EFCA,exact_unique,false,,材料,材料,塑鋼牙
YMH-T03-T6-L3,EFC-A 塑鋼前齒單顆 A3-T6 左3 (12顆),YAMAHACHI,removable-prosthetics,acrylic-teeth,material,approved_rule,legacy_category_rule,YMH-EFCA,exact_unique,false,,材料,材料,塑鋼牙
YMH-T03-T6-R1,EFC-A 塑鋼前齒單顆 A3-T6 右1 (12顆),YAMAHACHI,removable-prosthetics,acrylic-teeth,material,approved_rule,legacy_category_rule,YMH-EFCA,exact_unique,false,,材料,材料,塑鋼牙
YMH-T03-T6-R2,EFC-A 塑鋼前齒單顆 A3-T6 右2 (12顆),YAMAHACHI,removable-prosthetics,acrylic-teeth,material,approved_rule,legacy_category_rule,YMH-EFCA,exact_unique,false,,材料,材料,塑鋼牙
YMH-T03-T6-R3,EFC-A 塑鋼前齒單顆 A3-T6 右3 (12顆),YAMAHACHI,removable-prosthetics,acrylic-teeth,material,approved_rule,legacy_category_rule,YMH-EFCA,exact_unique,false,,材料,材料,塑鋼牙
YMH-T03-T7,EFC-A 塑鋼前齒單顆 A3-T7 (12顆),YAMAHACHI,removable-prosthetics,acrylic-teeth,material,approved_rule,legacy_category_rule,YMH-EFCA,exact_unique,false,,材料,材料,塑鋼牙
YMH-T03-T7-L1,EFC-A 塑鋼前齒單顆 A3-T7 左1 (12顆),YAMAHACHI,removable-prosthetics,acrylic-teeth,material,approved_rule,legacy_category_rule,YMH-EFCA,exact_unique,false,,材料,材料,塑鋼牙
YMH-T03-T7-L2,EFC-A 塑鋼前齒單顆 A3-T7 左2 (12顆),YAMAHACHI,removable-prosthetics,acrylic-teeth,material,approved_rule,legacy_category_rule,YMH-EFCA,exact_unique,false,,材料,材料,塑鋼牙
YMH-T03-T7-L3,EFC-A 塑鋼前齒單顆 A3-T7 左3 (12顆),YAMAHACHI,removable-prosthetics,acrylic-teeth,material,approved_rule,legacy_category_rule,YMH-EFCA,exact_unique,false,,材料,材料,塑鋼牙
YMH-T03-T7-R1,EFC-A 塑鋼前齒單顆 A3-T7 右1 (12顆),YAMAHACHI,removable-prosthetics,acrylic-teeth,material,approved_rule,legacy_category_rule,YMH-EFCA,exact_unique,false,,材料,材料,塑鋼牙
YMH-T03-T7-R2,EFC-A 塑鋼前齒單顆 A3-T7 右2 (12顆),YAMAHACHI,removable-prosthetics,acrylic-teeth,material,approved_rule,legacy_category_rule,YMH-EFCA,exact_unique,false,,材料,材料,塑鋼牙
YMH-T03-T7-R3,EFC-A 塑鋼前齒單顆 A3-T7 右3 (12顆),YAMAHACHI,removable-prosthetics,acrylic-teeth,material,approved_rule,legacy_category_rule,YMH-EFCA,exact_unique,false,,材料,材料,塑鋼牙
YMH-T04-1,EFC-P 塑鋼臼齒 A2-28,YAMAHACHI,removable-prosthetics,acrylic-teeth,material,approved_rule,legacy_category_rule,,unmatched,false,,材料,材料,塑鋼牙
YMH-T04-2,EFC-P 塑鋼臼齒 A2-30,YAMAHACHI,removable-prosthetics,acrylic-teeth,material,approved_rule,legacy_category_rule,,unmatched,false,,材料,材料,塑鋼牙
YMH-T04-3,EFC-P 塑鋼臼齒 A2-32,YAMAHACHI,removable-prosthetics,acrylic-teeth,material,approved_rule,legacy_category_rule,,unmatched,false,,材料,材料,塑鋼牙
YMH-T04-4,EFC-P 塑鋼臼齒 A2-34,YAMAHACHI,removable-prosthetics,acrylic-teeth,material,approved_rule,legacy_category_rule,,unmatched,false,,材料,材料,塑鋼牙
YMH-T04-5,EFC-P 塑鋼臼齒 A2-36,YAMAHACHI,removable-prosthetics,acrylic-teeth,material,approved_rule,legacy_category_rule,,unmatched,false,,材料,材料,塑鋼牙
YMH-T04-A1-28L,EFC-P 塑鋼臼齒 A1-28下,YAMAHACHI,removable-prosthetics,acrylic-teeth,material,approved_rule,legacy_category_rule,YMH-EFCP,exact_unique,false,,材料,材料,塑鋼牙
YMH-T04-A1-28U,EFC-P 塑鋼臼齒 A1-28上,YAMAHACHI,removable-prosthetics,acrylic-teeth,material,approved_rule,legacy_category_rule,YMH-EFCP,exact_unique,false,,材料,材料,塑鋼牙
YMH-T04-A1-30L,EFC-P 塑鋼臼齒 A1-30下,YAMAHACHI,removable-prosthetics,acrylic-teeth,material,approved_rule,legacy_category_rule,YMH-EFCP,exact_unique,false,,材料,材料,塑鋼牙
YMH-T04-A1-30U,EFC-P 塑鋼臼齒 A1-30上,YAMAHACHI,removable-prosthetics,acrylic-teeth,material,approved_rule,legacy_category_rule,YMH-EFCP,exact_unique,false,,材料,材料,塑鋼牙
YMH-T04-A1-32L,EFC-P 塑鋼臼齒 A1-32下,YAMAHACHI,removable-prosthetics,acrylic-teeth,material,approved_rule,legacy_category_rule,YMH-EFCP,exact_unique,false,,材料,材料,塑鋼牙
YMH-T04-A1-32U,EFC-P 塑鋼臼齒 A1-32上,YAMAHACHI,removable-prosthetics,acrylic-teeth,material,approved_rule,legacy_category_rule,YMH-EFCP,exact_unique,false,,材料,材料,塑鋼牙
YMH-T04-A1-34L,EFC-P 塑鋼臼齒 A1-34下,YAMAHACHI,removable-prosthetics,acrylic-teeth,material,approved_rule,legacy_category_rule,YMH-EFCP,exact_unique,false,,材料,材料,塑鋼牙
YMH-T04-A1-34U,EFC-P 塑鋼臼齒 A1-34上,YAMAHACHI,removable-prosthetics,acrylic-teeth,material,approved_rule,legacy_category_rule,YMH-EFCP,exact_unique,false,,材料,材料,塑鋼牙
YMH-T04-A2-28L,EFC-P 塑鋼臼齒 A2-28下,YAMAHACHI,removable-prosthetics,acrylic-teeth,material,approved_rule,legacy_category_rule,YMH-EFCP,exact_unique,false,,材料,材料,塑鋼牙
YMH-T04-A2-28U,EFC-P 塑鋼臼齒 A2-28上,YAMAHACHI,removable-prosthetics,acrylic-teeth,material,approved_rule,legacy_category_rule,YMH-EFCP,exact_unique,false,,材料,材料,塑鋼牙
YMH-T04-A2-30L,EFC-P 塑鋼臼齒 A2-30下,YAMAHACHI,removable-prosthetics,acrylic-teeth,material,approved_rule,legacy_category_rule,YMH-EFCP,exact_unique,false,,材料,材料,塑鋼牙
YMH-T04-A2-30U,EFC-P 塑鋼臼齒 A2-30上,YAMAHACHI,removable-prosthetics,acrylic-teeth,material,approved_rule,legacy_category_rule,YMH-EFCP,exact_unique,false,,材料,材料,塑鋼牙
YMH-T04-A2-32L,EFC-P 塑鋼臼齒 A2-32下,YAMAHACHI,removable-prosthetics,acrylic-teeth,material,approved_rule,legacy_category_rule,YMH-EFCP,exact_unique,false,,材料,材料,塑鋼牙
YMH-T04-A2-32U,EFC-P 塑鋼臼齒 A2-32上,YAMAHACHI,removable-prosthetics,acrylic-teeth,material,approved_rule,legacy_category_rule,YMH-EFCP,exact_unique,false,,材料,材料,塑鋼牙
YMH-T04-A2-34L,EFC-P 塑鋼臼齒 A2-34下,YAMAHACHI,removable-prosthetics,acrylic-teeth,material,approved_rule,legacy_category_rule,YMH-EFCP,exact_unique,false,,材料,材料,塑鋼牙
YMH-T04-A2-34U,EFC-P 塑鋼臼齒 A2-34上,YAMAHACHI,removable-prosthetics,acrylic-teeth,material,approved_rule,legacy_category_rule,YMH-EFCP,exact_unique,false,,材料,材料,塑鋼牙
YMH-T04-A2-36L,EFC-P 塑鋼臼齒 A2-36下,YAMAHACHI,removable-prosthetics,acrylic-teeth,material,approved_rule,legacy_category_rule,YMH-EFCP,exact_unique,false,,材料,材料,塑鋼牙
YMH-T04-A2-36U,EFC-P 塑鋼臼齒 A2-36上,YAMAHACHI,removable-prosthetics,acrylic-teeth,material,approved_rule,legacy_category_rule,YMH-EFCP,exact_unique,false,,材料,材料,塑鋼牙
YMH-T05-1,EFC-P 塑鋼臼齒 A3-28,YAMAHACHI,removable-prosthetics,acrylic-teeth,material,approved_rule,legacy_category_rule,,unmatched,false,,材料,材料,塑鋼牙
YMH-T05-2,EFC-P 塑鋼臼齒 A3-30,YAMAHACHI,removable-prosthetics,acrylic-teeth,material,approved_rule,legacy_category_rule,,unmatched,false,,材料,材料,塑鋼牙
YMH-T05-3,EFC-P 塑鋼臼齒 A3-32,YAMAHACHI,removable-prosthetics,acrylic-teeth,material,approved_rule,legacy_category_rule,,unmatched,false,,材料,材料,塑鋼牙
YMH-T05-4,EFC-P 塑鋼臼齒 A3-34,YAMAHACHI,removable-prosthetics,acrylic-teeth,material,approved_rule,legacy_category_rule,,unmatched,false,,材料,材料,塑鋼牙
YMH-T05-5,EFC-P 塑鋼臼齒 A3-36,YAMAHACHI,removable-prosthetics,acrylic-teeth,material,approved_rule,legacy_category_rule,,unmatched,false,,材料,材料,塑鋼牙
YMH-T05-A3-28L,EFC-P 塑鋼臼齒 A3-28下,YAMAHACHI,removable-prosthetics,acrylic-teeth,material,approved_rule,legacy_category_rule,YMH-EFCP,exact_unique,false,,材料,材料,塑鋼牙
YMH-T05-A3-28U,EFC-P 塑鋼臼齒 A3-28上,YAMAHACHI,removable-prosthetics,acrylic-teeth,material,approved_rule,legacy_category_rule,YMH-EFCP,exact_unique,false,,材料,材料,塑鋼牙
YMH-T05-A3-30L,EFC-P 塑鋼臼齒 A3-30下,YAMAHACHI,removable-prosthetics,acrylic-teeth,material,approved_rule,legacy_category_rule,YMH-EFCP,exact_unique,false,,材料,材料,塑鋼牙
YMH-T05-A3-30U,EFC-P 塑鋼臼齒 A3-30上,YAMAHACHI,removable-prosthetics,acrylic-teeth,material,approved_rule,legacy_category_rule,YMH-EFCP,exact_unique,false,,材料,材料,塑鋼牙
YMH-T05-A3-32L,EFC-P 塑鋼臼齒 A3-32下,YAMAHACHI,removable-prosthetics,acrylic-teeth,material,approved_rule,legacy_category_rule,YMH-EFCP,exact_unique,false,,材料,材料,塑鋼牙
YMH-T05-A3-32U,EFC-P 塑鋼臼齒 A3-32上,YAMAHACHI,removable-prosthetics,acrylic-teeth,material,approved_rule,legacy_category_rule,YMH-EFCP,exact_unique,false,,材料,材料,塑鋼牙
YMH-T05-A3-34L,EFC-P 塑鋼臼齒 A3-34下,YAMAHACHI,removable-prosthetics,acrylic-teeth,material,approved_rule,legacy_category_rule,YMH-EFCP,exact_unique,false,,材料,材料,塑鋼牙
YMH-T05-A3-34U,EFC-P 塑鋼臼齒 A3-34上,YAMAHACHI,removable-prosthetics,acrylic-teeth,material,approved_rule,legacy_category_rule,YMH-EFCP,exact_unique,false,,材料,材料,塑鋼牙
YMH-T05-A3-36L,EFC-P 塑鋼臼齒 A3-36下,YAMAHACHI,removable-prosthetics,acrylic-teeth,material,approved_rule,legacy_category_rule,YMH-EFCP,exact_unique,false,,材料,材料,塑鋼牙
YMH-T05-A3-36U,EFC-P 塑鋼臼齒 A3-36上,YAMAHACHI,removable-prosthetics,acrylic-teeth,material,approved_rule,legacy_category_rule,YMH-EFCP,exact_unique,false,,材料,材料,塑鋼牙
YMH-T06-1,EFC-P 塑鋼臼齒 A3.5-28,YAMAHACHI,removable-prosthetics,acrylic-teeth,material,approved_rule,legacy_category_rule,,unmatched,false,,材料,材料,塑鋼牙
YMH-T06-2,EFC-P 塑鋼臼齒 A3.5-30,YAMAHACHI,removable-prosthetics,acrylic-teeth,material,approved_rule,legacy_category_rule,,unmatched,false,,材料,材料,塑鋼牙
YMH-T06-3,EFC-P 塑鋼臼齒 A3.5-32,YAMAHACHI,removable-prosthetics,acrylic-teeth,material,approved_rule,legacy_category_rule,,unmatched,false,,材料,材料,塑鋼牙
YMH-T06-4,EFC-P 塑鋼臼齒 A3.5-34,YAMAHACHI,removable-prosthetics,acrylic-teeth,material,approved_rule,legacy_category_rule,,unmatched,false,,材料,材料,塑鋼牙
YMH-T06-5,EFC-P 塑鋼臼齒 A3.5-36,YAMAHACHI,removable-prosthetics,acrylic-teeth,material,approved_rule,legacy_category_rule,,unmatched,false,,材料,材料,塑鋼牙
YMH-T06-A3.5-28L,EFC-P 塑鋼臼齒 A3.5-28下,YAMAHACHI,removable-prosthetics,acrylic-teeth,material,approved_rule,legacy_category_rule,YMH-EFCP,exact_unique,false,,材料,材料,塑鋼牙
YMH-T06-A3.5-28U,EFC-P 塑鋼臼齒 A3.5-28上,YAMAHACHI,removable-prosthetics,acrylic-teeth,material,approved_rule,legacy_category_rule,YMH-EFCP,exact_unique,false,,材料,材料,塑鋼牙
YMH-T06-A3.5-30L,EFC-P 塑鋼臼齒 A3.5-30下,YAMAHACHI,removable-prosthetics,acrylic-teeth,material,approved_rule,legacy_category_rule,YMH-EFCP,exact_unique,false,,材料,材料,塑鋼牙
YMH-T06-A3.5-30U,EFC-P 塑鋼臼齒 A3.5-30上,YAMAHACHI,removable-prosthetics,acrylic-teeth,material,approved_rule,legacy_category_rule,YMH-EFCP,exact_unique,false,,材料,材料,塑鋼牙
YMH-T06-A3.5-32L,EFC-P 塑鋼臼齒 A3.5-32下,YAMAHACHI,removable-prosthetics,acrylic-teeth,material,approved_rule,legacy_category_rule,YMH-EFCP,exact_unique,false,,材料,材料,塑鋼牙
YMH-T06-A3.5-32U,EFC-P 塑鋼臼齒 A3.5-32上,YAMAHACHI,removable-prosthetics,acrylic-teeth,material,approved_rule,legacy_category_rule,YMH-EFCP,exact_unique,false,,材料,材料,塑鋼牙
YMH-T06-A3.5-34L,EFC-P 塑鋼臼齒 A3.5-34下,YAMAHACHI,removable-prosthetics,acrylic-teeth,material,approved_rule,legacy_category_rule,YMH-EFCP,exact_unique,false,,材料,材料,塑鋼牙
YMH-T06-A3.5-34U,EFC-P 塑鋼臼齒 A3.5-34上,YAMAHACHI,removable-prosthetics,acrylic-teeth,material,approved_rule,legacy_category_rule,YMH-EFCP,exact_unique,false,,材料,材料,塑鋼牙
YMH-T06-A3.5-36L,EFC-P 塑鋼臼齒 A3.5-36下,YAMAHACHI,removable-prosthetics,acrylic-teeth,material,approved_rule,legacy_category_rule,YMH-EFCP,exact_unique,false,,材料,材料,塑鋼牙
YMH-T06-A3.5-36U,EFC-P 塑鋼臼齒 A3.5-36上,YAMAHACHI,removable-prosthetics,acrylic-teeth,material,approved_rule,legacy_category_rule,YMH-EFCP,exact_unique,false,,材料,材料,塑鋼牙
YMH-T07-1,EFC-P 塑鋼臼齒 A4-28,YAMAHACHI,removable-prosthetics,acrylic-teeth,material,approved_rule,legacy_category_rule,,unmatched,false,,材料,材料,塑鋼牙
YMH-T07-2,EFC-P 塑鋼臼齒 A4-30,YAMAHACHI,removable-prosthetics,acrylic-teeth,material,approved_rule,legacy_category_rule,,unmatched,false,,材料,材料,塑鋼牙
YMH-T07-3,EFC-P 塑鋼臼齒 A4-32,YAMAHACHI,removable-prosthetics,acrylic-teeth,material,approved_rule,legacy_category_rule,,unmatched,false,,材料,材料,塑鋼牙
YMH-T07-4,EFC-P 塑鋼臼齒 A4-34,YAMAHACHI,removable-prosthetics,acrylic-teeth,material,approved_rule,legacy_category_rule,,unmatched,false,,材料,材料,塑鋼牙
YMH-T07-5,EFC-P 塑鋼臼齒 A4-36,YAMAHACHI,removable-prosthetics,acrylic-teeth,material,approved_rule,legacy_category_rule,,unmatched,false,,材料,材料,塑鋼牙
YMH-T07-A4-28L,EFC-P 塑鋼臼齒 A4 28下,YAMAHACHI,removable-prosthetics,acrylic-teeth,material,approved_rule,legacy_category_rule,YMH-EFCP,exact_unique,false,,材料,材料,塑鋼牙
YMH-T07-A4-28U,EFC-P 塑鋼臼齒 A4 28上,YAMAHACHI,removable-prosthetics,acrylic-teeth,material,approved_rule,legacy_category_rule,YMH-EFCP,exact_unique,false,,材料,材料,塑鋼牙
YMH-T07-A4-30L,EFC-P 塑鋼臼齒 A4 30下,YAMAHACHI,removable-prosthetics,acrylic-teeth,material,approved_rule,legacy_category_rule,YMH-EFCP,exact_unique,false,,材料,材料,塑鋼牙
YMH-T07-A4-30U,EFC-P 塑鋼臼齒 A4 30上,YAMAHACHI,removable-prosthetics,acrylic-teeth,material,approved_rule,legacy_category_rule,YMH-EFCP,exact_unique,false,,材料,材料,塑鋼牙
YMH-T07-A4-32L,EFC-P 塑鋼臼齒 A4-32下,YAMAHACHI,removable-prosthetics,acrylic-teeth,material,approved_rule,legacy_category_rule,YMH-EFCP,exact_unique,false,,材料,材料,塑鋼牙
YMH-T07-A4-32U,EFC-P 塑鋼臼齒 A4-32上,YAMAHACHI,removable-prosthetics,acrylic-teeth,material,approved_rule,legacy_category_rule,YMH-EFCP,exact_unique,false,,材料,材料,塑鋼牙
YMH-T07-A4-34L,EFC-P 塑鋼臼齒 A4-34下,YAMAHACHI,removable-prosthetics,acrylic-teeth,material,approved_rule,legacy_category_rule,YMH-EFCP,exact_unique,false,,材料,材料,塑鋼牙
YMH-T07-A4-34U,EFC-P 塑鋼臼齒 A4-34上,YAMAHACHI,removable-prosthetics,acrylic-teeth,material,approved_rule,legacy_category_rule,YMH-EFCP,exact_unique,false,,材料,材料,塑鋼牙
YMH-T07-A4-36L,EFC-P 塑鋼臼齒 A4-36下,YAMAHACHI,removable-prosthetics,acrylic-teeth,material,approved_rule,legacy_category_rule,YMH-EFCP,exact_unique,false,,材料,材料,塑鋼牙
YMH-T07-A4-36U,EFC-P 塑鋼臼齒 A4-36上,YAMAHACHI,removable-prosthetics,acrylic-teeth,material,approved_rule,legacy_category_rule,YMH-EFCP,exact_unique,false,,材料,材料,塑鋼牙
YMH-T08-1,EFC-P 塑鋼臼齒單顆 A2-28 (20顆),YAMAHACHI,removable-prosthetics,acrylic-teeth,material,approved_rule,legacy_category_rule,YMH-EFCP,exact_unique,false,,材料,材料,塑鋼牙
YMH-T08-2,EFC-P 塑鋼臼齒單顆 A2-30 (20顆),YAMAHACHI,removable-prosthetics,acrylic-teeth,material,approved_rule,legacy_category_rule,YMH-EFCP,exact_unique,false,,材料,材料,塑鋼牙
YMH-T08-3,EFC-P 塑鋼臼齒單顆 A2-32 (20顆),YAMAHACHI,removable-prosthetics,acrylic-teeth,material,approved_rule,legacy_category_rule,YMH-EFCP,exact_unique,false,,材料,材料,塑鋼牙
YMH-T08-4,EFC-P 塑鋼臼齒單顆 A2-34 (20顆),YAMAHACHI,removable-prosthetics,acrylic-teeth,material,approved_rule,legacy_category_rule,YMH-EFCP,exact_unique,false,,材料,材料,塑鋼牙
YMH-T08-A2-28-LL4,EFC-P 塑鋼臼齒單顆 A2-28 左下4  (20顆),YAMAHACHI,removable-prosthetics,acrylic-teeth,material,approved_rule,legacy_category_rule,YMH-EFCP,exact_unique,false,,材料,材料,塑鋼牙
YMH-T08-A2-28-LL5,EFC-P 塑鋼臼齒單顆 A2-28 左下5  (20顆),YAMAHACHI,removable-prosthetics,acrylic-teeth,material,approved_rule,legacy_category_rule,YMH-EFCP,exact_unique,false,,材料,材料,塑鋼牙
YMH-T08-A2-28-LL6,EFC-P 塑鋼臼齒單顆 A2-28 左下6  (20顆),YAMAHACHI,removable-prosthetics,acrylic-teeth,material,approved_rule,legacy_category_rule,YMH-EFCP,exact_unique,false,,材料,材料,塑鋼牙
YMH-T08-A2-28-LL7,EFC-P 塑鋼臼齒單顆 A2-28 左下7  (20顆),YAMAHACHI,removable-prosthetics,acrylic-teeth,material,approved_rule,legacy_category_rule,YMH-EFCP,exact_unique,false,,材料,材料,塑鋼牙
YMH-T08-A2-28-LU4,EFC-P 塑鋼臼齒單顆 A2-28 左上4  (20顆),YAMAHACHI,removable-prosthetics,acrylic-teeth,material,approved_rule,legacy_category_rule,YMH-EFCP,exact_unique,false,,材料,材料,塑鋼牙
YMH-T08-A2-28-LU5,EFC-P 塑鋼臼齒單顆 A2-28 左上5  (20顆),YAMAHACHI,removable-prosthetics,acrylic-teeth,material,approved_rule,legacy_category_rule,YMH-EFCP,exact_unique,false,,材料,材料,塑鋼牙
YMH-T08-A2-28-LU6,EFC-P 塑鋼臼齒單顆 A2-28 左上6  (20顆),YAMAHACHI,removable-prosthetics,acrylic-teeth,material,approved_rule,legacy_category_rule,YMH-EFCP,exact_unique,false,,材料,材料,塑鋼牙
YMH-T08-A2-28-LU7,EFC-P 塑鋼臼齒單顆 A2-28 左上7  (20顆),YAMAHACHI,removable-prosthetics,acrylic-teeth,material,approved_rule,legacy_category_rule,YMH-EFCP,exact_unique,false,,材料,材料,塑鋼牙
YMH-T08-A2-28-RL4,EFC-P 塑鋼臼齒單顆 A2-28 右下4  (20顆),YAMAHACHI,removable-prosthetics,acrylic-teeth,material,approved_rule,legacy_category_rule,YMH-EFCP,exact_unique,false,,材料,材料,塑鋼牙
YMH-T08-A2-28-RL5,EFC-P 塑鋼臼齒單顆 A2-28 右下5  (20顆),YAMAHACHI,removable-prosthetics,acrylic-teeth,material,approved_rule,legacy_category_rule,YMH-EFCP,exact_unique,false,,材料,材料,塑鋼牙
YMH-T08-A2-28-RL6,EFC-P 塑鋼臼齒單顆 A2-28 右下6  (20顆),YAMAHACHI,removable-prosthetics,acrylic-teeth,material,approved_rule,legacy_category_rule,YMH-EFCP,exact_unique,false,,材料,材料,塑鋼牙
YMH-T08-A2-28-RL7,EFC-P 塑鋼臼齒單顆 A2-28 右下7  (20顆),YAMAHACHI,removable-prosthetics,acrylic-teeth,material,approved_rule,legacy_category_rule,YMH-EFCP,exact_unique,false,,材料,材料,塑鋼牙
YMH-T08-A2-28-RU4,EFC-P 塑鋼臼齒單顆 A2-28 右上4  (20顆),YAMAHACHI,removable-prosthetics,acrylic-teeth,material,approved_rule,legacy_category_rule,YMH-EFCP,exact_unique,false,,材料,材料,塑鋼牙
YMH-T08-A2-28-RU5,EFC-P 塑鋼臼齒單顆 A2-28 右上5  (20顆),YAMAHACHI,removable-prosthetics,acrylic-teeth,material,approved_rule,legacy_category_rule,YMH-EFCP,exact_unique,false,,材料,材料,塑鋼牙
YMH-T08-A2-28-RU6,EFC-P 塑鋼臼齒單顆 A2-28 右上6  (20顆),YAMAHACHI,removable-prosthetics,acrylic-teeth,material,approved_rule,legacy_category_rule,YMH-EFCP,exact_unique,false,,材料,材料,塑鋼牙
YMH-T08-A2-28-RU7,EFC-P 塑鋼臼齒單顆 A2-28 右上7  (20顆),YAMAHACHI,removable-prosthetics,acrylic-teeth,material,approved_rule,legacy_category_rule,YMH-EFCP,exact_unique,false,,材料,材料,塑鋼牙
YMH-T08-A2-30-LL4,EFC-P 塑鋼臼齒單顆 A2-30 左下4  (20顆),YAMAHACHI,removable-prosthetics,acrylic-teeth,material,approved_rule,legacy_category_rule,YMH-EFCP,exact_unique,false,,材料,材料,塑鋼牙
YMH-T08-A2-30-LL5,EFC-P 塑鋼臼齒單顆 A2-30 左下5  (20顆),YAMAHACHI,removable-prosthetics,acrylic-teeth,material,approved_rule,legacy_category_rule,YMH-EFCP,exact_unique,false,,材料,材料,塑鋼牙
YMH-T08-A2-30-LL6,EFC-P 塑鋼臼齒單顆 A2-30 左下6  (20顆),YAMAHACHI,removable-prosthetics,acrylic-teeth,material,approved_rule,legacy_category_rule,YMH-EFCP,exact_unique,false,,材料,材料,塑鋼牙
YMH-T08-A2-30-LL7,EFC-P 塑鋼臼齒單顆 A2-30 左下7  (20顆),YAMAHACHI,removable-prosthetics,acrylic-teeth,material,approved_rule,legacy_category_rule,YMH-EFCP,exact_unique,false,,材料,材料,塑鋼牙
YMH-T08-A2-30-LU4,EFC-P 塑鋼臼齒單顆 A2-30 左上4  (20顆),YAMAHACHI,removable-prosthetics,acrylic-teeth,material,approved_rule,legacy_category_rule,YMH-EFCP,exact_unique,false,,材料,材料,塑鋼牙
YMH-T08-A2-30-LU5,EFC-P 塑鋼臼齒單顆 A2-30 左上5  (20顆),YAMAHACHI,removable-prosthetics,acrylic-teeth,material,approved_rule,legacy_category_rule,YMH-EFCP,exact_unique,false,,材料,材料,塑鋼牙
YMH-T08-A2-30-LU6,EFC-P 塑鋼臼齒單顆 A2-30 左上6  (20顆),YAMAHACHI,removable-prosthetics,acrylic-teeth,material,approved_rule,legacy_category_rule,YMH-EFCP,exact_unique,false,,材料,材料,塑鋼牙
YMH-T08-A2-30-LU7,EFC-P 塑鋼臼齒單顆 A2-30 左上7  (20顆),YAMAHACHI,removable-prosthetics,acrylic-teeth,material,approved_rule,legacy_category_rule,YMH-EFCP,exact_unique,false,,材料,材料,塑鋼牙
YMH-T08-A2-30-RL4,EFC-P 塑鋼臼齒單顆 A2-30 右下4  (20顆),YAMAHACHI,removable-prosthetics,acrylic-teeth,material,approved_rule,legacy_category_rule,YMH-EFCP,exact_unique,false,,材料,材料,塑鋼牙
YMH-T08-A2-30-RL5,EFC-P 塑鋼臼齒單顆 A2-30 右下5  (20顆),YAMAHACHI,removable-prosthetics,acrylic-teeth,material,approved_rule,legacy_category_rule,YMH-EFCP,exact_unique,false,,材料,材料,塑鋼牙
YMH-T08-A2-30-RL6,EFC-P 塑鋼臼齒單顆 A2-30 右下6  (20顆),YAMAHACHI,removable-prosthetics,acrylic-teeth,material,approved_rule,legacy_category_rule,YMH-EFCP,exact_unique,false,,材料,材料,塑鋼牙
YMH-T08-A2-30-RL7,EFC-P 塑鋼臼齒單顆 A2-30 右下7  (20顆),YAMAHACHI,removable-prosthetics,acrylic-teeth,material,approved_rule,legacy_category_rule,YMH-EFCP,exact_unique,false,,材料,材料,塑鋼牙
YMH-T08-A2-30-RU4,EFC-P 塑鋼臼齒單顆 A2-30 右上4  (20顆),YAMAHACHI,removable-prosthetics,acrylic-teeth,material,approved_rule,legacy_category_rule,YMH-EFCP,exact_unique,false,,材料,材料,塑鋼牙
YMH-T08-A2-30-RU5,EFC-P 塑鋼臼齒單顆 A2-30 右上5  (20顆),YAMAHACHI,removable-prosthetics,acrylic-teeth,material,approved_rule,legacy_category_rule,YMH-EFCP,exact_unique,false,,材料,材料,塑鋼牙
YMH-T08-A2-30-RU6,EFC-P 塑鋼臼齒單顆 A2-30 右上6  (20顆),YAMAHACHI,removable-prosthetics,acrylic-teeth,material,approved_rule,legacy_category_rule,YMH-EFCP,exact_unique,false,,材料,材料,塑鋼牙
YMH-T08-A2-30-RU7,EFC-P 塑鋼臼齒單顆 A2-30 右上7  (20顆),YAMAHACHI,removable-prosthetics,acrylic-teeth,material,approved_rule,legacy_category_rule,YMH-EFCP,exact_unique,false,,材料,材料,塑鋼牙
YMH-T08-A2-32-LL4,EFC-P 塑鋼臼齒單顆 A2-32 左下4  (20顆),YAMAHACHI,removable-prosthetics,acrylic-teeth,material,approved_rule,legacy_category_rule,YMH-EFCP,exact_unique,false,,材料,材料,塑鋼牙
YMH-T08-A2-32-LL5,EFC-P 塑鋼臼齒單顆 A2-32 左下5  (20顆),YAMAHACHI,removable-prosthetics,acrylic-teeth,material,approved_rule,legacy_category_rule,YMH-EFCP,exact_unique,false,,材料,材料,塑鋼牙
YMH-T08-A2-32-LL6,EFC-P 塑鋼臼齒單顆 A2-32 左下6  (20顆),YAMAHACHI,removable-prosthetics,acrylic-teeth,material,approved_rule,legacy_category_rule,YMH-EFCP,exact_unique,false,,材料,材料,塑鋼牙
YMH-T08-A2-32-LL7,EFC-P 塑鋼臼齒單顆 A2-32 左下7  (20顆),YAMAHACHI,removable-prosthetics,acrylic-teeth,material,approved_rule,legacy_category_rule,YMH-EFCP,exact_unique,false,,材料,材料,塑鋼牙
YMH-T08-A2-32-LU4,EFC-P 塑鋼臼齒單顆 A2-32 左上4  (20顆),YAMAHACHI,removable-prosthetics,acrylic-teeth,material,approved_rule,legacy_category_rule,YMH-EFCP,exact_unique,false,,材料,材料,塑鋼牙
YMH-T08-A2-32-LU5,EFC-P 塑鋼臼齒單顆 A2-32 左上5  (20顆),YAMAHACHI,removable-prosthetics,acrylic-teeth,material,approved_rule,legacy_category_rule,YMH-EFCP,exact_unique,false,,材料,材料,塑鋼牙
YMH-T08-A2-32-LU6,EFC-P 塑鋼臼齒單顆 A2-32 左上6  (20顆),YAMAHACHI,removable-prosthetics,acrylic-teeth,material,approved_rule,legacy_category_rule,YMH-EFCP,exact_unique,false,,材料,材料,塑鋼牙
YMH-T08-A2-32-LU7,EFC-P 塑鋼臼齒單顆 A2-32 左上7  (20顆),YAMAHACHI,removable-prosthetics,acrylic-teeth,material,approved_rule,legacy_category_rule,YMH-EFCP,exact_unique,false,,材料,材料,塑鋼牙
YMH-T08-A2-32-RL4,EFC-P 塑鋼臼齒單顆 A2-32 右下4  (20顆),YAMAHACHI,removable-prosthetics,acrylic-teeth,material,approved_rule,legacy_category_rule,YMH-EFCP,exact_unique,false,,材料,材料,塑鋼牙
YMH-T08-A2-32-RL5,EFC-P 塑鋼臼齒單顆 A2-32 右下5  (20顆),YAMAHACHI,removable-prosthetics,acrylic-teeth,material,approved_rule,legacy_category_rule,YMH-EFCP,exact_unique,false,,材料,材料,塑鋼牙
YMH-T08-A2-32-RL6,EFC-P 塑鋼臼齒單顆 A2-32 右下6  (20顆),YAMAHACHI,removable-prosthetics,acrylic-teeth,material,approved_rule,legacy_category_rule,YMH-EFCP,exact_unique,false,,材料,材料,塑鋼牙
YMH-T08-A2-32-RL7,EFC-P 塑鋼臼齒單顆 A2-32 右下7  (20顆),YAMAHACHI,removable-prosthetics,acrylic-teeth,material,approved_rule,legacy_category_rule,YMH-EFCP,exact_unique,false,,材料,材料,塑鋼牙
YMH-T08-A2-32-RU4,EFC-P 塑鋼臼齒單顆 A2-32 右上4  (20顆),YAMAHACHI,removable-prosthetics,acrylic-teeth,material,approved_rule,legacy_category_rule,YMH-EFCP,exact_unique,false,,材料,材料,塑鋼牙
YMH-T08-A2-32-RU5,EFC-P 塑鋼臼齒單顆 A2-32 右上5  (20顆),YAMAHACHI,removable-prosthetics,acrylic-teeth,material,approved_rule,legacy_category_rule,YMH-EFCP,exact_unique,false,,材料,材料,塑鋼牙
YMH-T08-A2-32-RU6,EFC-P 塑鋼臼齒單顆 A2-32 右上6  (20顆),YAMAHACHI,removable-prosthetics,acrylic-teeth,material,approved_rule,legacy_category_rule,YMH-EFCP,exact_unique,false,,材料,材料,塑鋼牙
YMH-T08-A2-32-RU7,EFC-P 塑鋼臼齒單顆 A2-32 右上7  (20顆),YAMAHACHI,removable-prosthetics,acrylic-teeth,material,approved_rule,legacy_category_rule,YMH-EFCP,exact_unique,false,,材料,材料,塑鋼牙
YMH-T08-A2-34-LL4,EFC-P 塑鋼臼齒單顆 A2-34 左下4  (20顆),YAMAHACHI,removable-prosthetics,acrylic-teeth,material,approved_rule,legacy_category_rule,YMH-EFCP,exact_unique,false,,材料,材料,塑鋼牙
YMH-T08-A2-34-LL5,EFC-P 塑鋼臼齒單顆 A2-34 左下5  (20顆),YAMAHACHI,removable-prosthetics,acrylic-teeth,material,approved_rule,legacy_category_rule,YMH-EFCP,exact_unique,false,,材料,材料,塑鋼牙
YMH-T08-A2-34-LL6,EFC-P 塑鋼臼齒單顆 A2-34 左下6  (20顆),YAMAHACHI,removable-prosthetics,acrylic-teeth,material,approved_rule,legacy_category_rule,YMH-EFCP,exact_unique,false,,材料,材料,塑鋼牙
YMH-T08-A2-34-LL7,EFC-P 塑鋼臼齒單顆 A2-34 左下7  (20顆),YAMAHACHI,removable-prosthetics,acrylic-teeth,material,approved_rule,legacy_category_rule,YMH-EFCP,exact_unique,false,,材料,材料,塑鋼牙
YMH-T08-A2-34-LU4,EFC-P 塑鋼臼齒單顆 A2-34 左上4  (20顆),YAMAHACHI,removable-prosthetics,acrylic-teeth,material,approved_rule,legacy_category_rule,YMH-EFCP,exact_unique,false,,材料,材料,塑鋼牙
YMH-T08-A2-34-LU5,EFC-P 塑鋼臼齒單顆 A2-34 左上5  (20顆),YAMAHACHI,removable-prosthetics,acrylic-teeth,material,approved_rule,legacy_category_rule,YMH-EFCP,exact_unique,false,,材料,材料,塑鋼牙
YMH-T08-A2-34-LU6,EFC-P 塑鋼臼齒單顆 A2-34 左上6  (20顆),YAMAHACHI,removable-prosthetics,acrylic-teeth,material,approved_rule,legacy_category_rule,YMH-EFCP,exact_unique,false,,材料,材料,塑鋼牙
YMH-T08-A2-34-LU7,EFC-P 塑鋼臼齒單顆 A2-34 左上7  (20顆),YAMAHACHI,removable-prosthetics,acrylic-teeth,material,approved_rule,legacy_category_rule,YMH-EFCP,exact_unique,false,,材料,材料,塑鋼牙
YMH-T08-A2-34-RL4,EFC-P 塑鋼臼齒單顆 A2-34 右下4  (20顆),YAMAHACHI,removable-prosthetics,acrylic-teeth,material,approved_rule,legacy_category_rule,YMH-EFCP,exact_unique,false,,材料,材料,塑鋼牙
YMH-T08-A2-34-RL5,EFC-P 塑鋼臼齒單顆 A2-34 右下5  (20顆),YAMAHACHI,removable-prosthetics,acrylic-teeth,material,approved_rule,legacy_category_rule,YMH-EFCP,exact_unique,false,,材料,材料,塑鋼牙
YMH-T08-A2-34-RL6,EFC-P 塑鋼臼齒單顆 A2-34 右下6  (20顆),YAMAHACHI,removable-prosthetics,acrylic-teeth,material,approved_rule,legacy_category_rule,YMH-EFCP,exact_unique,false,,材料,材料,塑鋼牙
YMH-T08-A2-34-RL7,EFC-P 塑鋼臼齒單顆 A2-34 右下7  (20顆),YAMAHACHI,removable-prosthetics,acrylic-teeth,material,approved_rule,legacy_category_rule,YMH-EFCP,exact_unique,false,,材料,材料,塑鋼牙
YMH-T08-A2-34-RU4,EFC-P 塑鋼臼齒單顆 A2-34 右上4  (20顆),YAMAHACHI,removable-prosthetics,acrylic-teeth,material,approved_rule,legacy_category_rule,YMH-EFCP,exact_unique,false,,材料,材料,塑鋼牙
YMH-T08-A2-34-RU5,EFC-P 塑鋼臼齒單顆 A2-34 右上5  (20顆),YAMAHACHI,removable-prosthetics,acrylic-teeth,material,approved_rule,legacy_category_rule,YMH-EFCP,exact_unique,false,,材料,材料,塑鋼牙
YMH-T08-A2-34-RU6,EFC-P 塑鋼臼齒單顆 A2-34 右上6  (20顆),YAMAHACHI,removable-prosthetics,acrylic-teeth,material,approved_rule,legacy_category_rule,YMH-EFCP,exact_unique,false,,材料,材料,塑鋼牙
YMH-T08-A2-34-RU7,EFC-P 塑鋼臼齒單顆 A2-34 右上7  (20顆),YAMAHACHI,removable-prosthetics,acrylic-teeth,material,approved_rule,legacy_category_rule,YMH-EFCP,exact_unique,false,,材料,材料,塑鋼牙
YMH-T09-1,EFC-P 塑鋼臼齒單顆 A3-28 (20顆),YAMAHACHI,removable-prosthetics,acrylic-teeth,material,approved_rule,legacy_category_rule,YMH-EFCP,exact_unique,false,,材料,材料,塑鋼牙
YMH-T09-2,EFC-P 塑鋼臼齒單顆 A3-30 (20顆),YAMAHACHI,removable-prosthetics,acrylic-teeth,material,approved_rule,legacy_category_rule,YMH-EFCP,exact_unique,false,,材料,材料,塑鋼牙
YMH-T09-3,EFC-P 塑鋼臼齒單顆 A3-32 (20顆),YAMAHACHI,removable-prosthetics,acrylic-teeth,material,approved_rule,legacy_category_rule,YMH-EFCP,exact_unique,false,,材料,材料,塑鋼牙
YMH-T09-4,EFC-P 塑鋼臼齒單顆 A3-34 (20顆),YAMAHACHI,removable-prosthetics,acrylic-teeth,material,approved_rule,legacy_category_rule,YMH-EFCP,exact_unique,false,,材料,材料,塑鋼牙
YMH-T09-A3-28-LL4,EFC-P 塑鋼臼齒單顆 A3-28 左下4  (20顆),YAMAHACHI,removable-prosthetics,acrylic-teeth,material,approved_rule,legacy_category_rule,YMH-EFCP,exact_unique,false,,材料,材料,塑鋼牙
YMH-T09-A3-28-LL5,EFC-P 塑鋼臼齒單顆 A3-28 左下5  (20顆),YAMAHACHI,removable-prosthetics,acrylic-teeth,material,approved_rule,legacy_category_rule,YMH-EFCP,exact_unique,false,,材料,材料,塑鋼牙
YMH-T09-A3-28-LL6,EFC-P 塑鋼臼齒單顆 A3-28 左下6  (20顆),YAMAHACHI,removable-prosthetics,acrylic-teeth,material,approved_rule,legacy_category_rule,YMH-EFCP,exact_unique,false,,材料,材料,塑鋼牙
YMH-T09-A3-28-LL7,EFC-P 塑鋼臼齒單顆 A3-28 左下7  (20顆),YAMAHACHI,removable-prosthetics,acrylic-teeth,material,approved_rule,legacy_category_rule,YMH-EFCP,exact_unique,false,,材料,材料,塑鋼牙
YMH-T09-A3-28-LU4,EFC-P 塑鋼臼齒單顆 A3-28 左上4  (20顆),YAMAHACHI,removable-prosthetics,acrylic-teeth,material,approved_rule,legacy_category_rule,YMH-EFCP,exact_unique,false,,材料,材料,塑鋼牙
YMH-T09-A3-28-LU5,EFC-P 塑鋼臼齒單顆 A3-28 左上5  (20顆),YAMAHACHI,removable-prosthetics,acrylic-teeth,material,approved_rule,legacy_category_rule,YMH-EFCP,exact_unique,false,,材料,材料,塑鋼牙
YMH-T09-A3-28-LU6,EFC-P 塑鋼臼齒單顆 A3-28 左上6  (20顆),YAMAHACHI,removable-prosthetics,acrylic-teeth,material,approved_rule,legacy_category_rule,YMH-EFCP,exact_unique,false,,材料,材料,塑鋼牙
YMH-T09-A3-28-LU7,EFC-P 塑鋼臼齒單顆 A3-28 左上7  (20顆),YAMAHACHI,removable-prosthetics,acrylic-teeth,material,approved_rule,legacy_category_rule,YMH-EFCP,exact_unique,false,,材料,材料,塑鋼牙
YMH-T09-A3-28-RL4,EFC-P 塑鋼臼齒單顆 A3-28 右下4  (20顆),YAMAHACHI,removable-prosthetics,acrylic-teeth,material,approved_rule,legacy_category_rule,YMH-EFCP,exact_unique,false,,材料,材料,塑鋼牙
YMH-T09-A3-28-RL5,EFC-P 塑鋼臼齒單顆 A3-28 右下5  (20顆),YAMAHACHI,removable-prosthetics,acrylic-teeth,material,approved_rule,legacy_category_rule,YMH-EFCP,exact_unique,false,,材料,材料,塑鋼牙
YMH-T09-A3-28-RL6,EFC-P 塑鋼臼齒單顆 A3-28 右下6  (20顆),YAMAHACHI,removable-prosthetics,acrylic-teeth,material,approved_rule,legacy_category_rule,YMH-EFCP,exact_unique,false,,材料,材料,塑鋼牙
YMH-T09-A3-28-RL7,EFC-P 塑鋼臼齒單顆 A3-28 右下7  (20顆),YAMAHACHI,removable-prosthetics,acrylic-teeth,material,approved_rule,legacy_category_rule,YMH-EFCP,exact_unique,false,,材料,材料,塑鋼牙
YMH-T09-A3-28-RU4,EFC-P 塑鋼臼齒單顆 A3-28 右上4  (20顆),YAMAHACHI,removable-prosthetics,acrylic-teeth,material,approved_rule,legacy_category_rule,YMH-EFCP,exact_unique,false,,材料,材料,塑鋼牙
YMH-T09-A3-28-RU5,EFC-P 塑鋼臼齒單顆 A3-28 右上5  (20顆),YAMAHACHI,removable-prosthetics,acrylic-teeth,material,approved_rule,legacy_category_rule,YMH-EFCP,exact_unique,false,,材料,材料,塑鋼牙
YMH-T09-A3-28-RU6,EFC-P 塑鋼臼齒單顆 A3-28 右上6  (20顆),YAMAHACHI,removable-prosthetics,acrylic-teeth,material,approved_rule,legacy_category_rule,YMH-EFCP,exact_unique,false,,材料,材料,塑鋼牙
YMH-T09-A3-28-RU7,EFC-P 塑鋼臼齒單顆 A3-28 右上7  (20顆),YAMAHACHI,removable-prosthetics,acrylic-teeth,material,approved_rule,legacy_category_rule,YMH-EFCP,exact_unique,false,,材料,材料,塑鋼牙
YMH-T09-A3-30-LL4,EFC-P 塑鋼臼齒單顆 A3-30 左下4  (20顆),YAMAHACHI,removable-prosthetics,acrylic-teeth,material,approved_rule,legacy_category_rule,YMH-EFCP,exact_unique,false,,材料,材料,塑鋼牙
YMH-T09-A3-30-LL5,EFC-P 塑鋼臼齒單顆 A3-30 左下5  (20顆),YAMAHACHI,removable-prosthetics,acrylic-teeth,material,approved_rule,legacy_category_rule,YMH-EFCP,exact_unique,false,,材料,材料,塑鋼牙
YMH-T09-A3-30-LL6,EFC-P 塑鋼臼齒單顆 A3-30 左下6  (20顆),YAMAHACHI,removable-prosthetics,acrylic-teeth,material,approved_rule,legacy_category_rule,YMH-EFCP,exact_unique,false,,材料,材料,塑鋼牙
YMH-T09-A3-30-LL7,EFC-P 塑鋼臼齒單顆 A3-30 左下7  (20顆),YAMAHACHI,removable-prosthetics,acrylic-teeth,material,approved_rule,legacy_category_rule,YMH-EFCP,exact_unique,false,,材料,材料,塑鋼牙
YMH-T09-A3-30-LU4,EFC-P 塑鋼臼齒單顆 A3-30 左上4  (20顆),YAMAHACHI,removable-prosthetics,acrylic-teeth,material,approved_rule,legacy_category_rule,YMH-EFCP,exact_unique,false,,材料,材料,塑鋼牙
YMH-T09-A3-30-LU5,EFC-P 塑鋼臼齒單顆 A3-30 左上5  (20顆),YAMAHACHI,removable-prosthetics,acrylic-teeth,material,approved_rule,legacy_category_rule,YMH-EFCP,exact_unique,false,,材料,材料,塑鋼牙
YMH-T09-A3-30-LU6,EFC-P 塑鋼臼齒單顆 A3-30 左上6  (20顆),YAMAHACHI,removable-prosthetics,acrylic-teeth,material,approved_rule,legacy_category_rule,YMH-EFCP,exact_unique,false,,材料,材料,塑鋼牙
YMH-T09-A3-30-LU7,EFC-P 塑鋼臼齒單顆 A3-30 左上7  (20顆),YAMAHACHI,removable-prosthetics,acrylic-teeth,material,approved_rule,legacy_category_rule,YMH-EFCP,exact_unique,false,,材料,材料,塑鋼牙
YMH-T09-A3-30-RL4,EFC-P 塑鋼臼齒單顆 A3-30 右下4  (20顆),YAMAHACHI,removable-prosthetics,acrylic-teeth,material,approved_rule,legacy_category_rule,YMH-EFCP,exact_unique,false,,材料,材料,塑鋼牙
YMH-T09-A3-30-RL5,EFC-P 塑鋼臼齒單顆 A3-30 右下5  (20顆),YAMAHACHI,removable-prosthetics,acrylic-teeth,material,approved_rule,legacy_category_rule,YMH-EFCP,exact_unique,false,,材料,材料,塑鋼牙
YMH-T09-A3-30-RL6,EFC-P 塑鋼臼齒單顆 A3-30 右下6  (20顆),YAMAHACHI,removable-prosthetics,acrylic-teeth,material,approved_rule,legacy_category_rule,YMH-EFCP,exact_unique,false,,材料,材料,塑鋼牙
YMH-T09-A3-30-RL7,EFC-P 塑鋼臼齒單顆 A3-30 右下7  (20顆),YAMAHACHI,removable-prosthetics,acrylic-teeth,material,approved_rule,legacy_category_rule,YMH-EFCP,exact_unique,false,,材料,材料,塑鋼牙
YMH-T09-A3-30-RU4,EFC-P 塑鋼臼齒單顆 A3-30 右上4  (20顆),YAMAHACHI,removable-prosthetics,acrylic-teeth,material,approved_rule,legacy_category_rule,YMH-EFCP,exact_unique,false,,材料,材料,塑鋼牙
YMH-T09-A3-30-RU5,EFC-P 塑鋼臼齒單顆 A3-30 右上5  (20顆),YAMAHACHI,removable-prosthetics,acrylic-teeth,material,approved_rule,legacy_category_rule,YMH-EFCP,exact_unique,false,,材料,材料,塑鋼牙
YMH-T09-A3-30-RU6,EFC-P 塑鋼臼齒單顆 A3-30 右上6  (20顆),YAMAHACHI,removable-prosthetics,acrylic-teeth,material,approved_rule,legacy_category_rule,YMH-EFCP,exact_unique,false,,材料,材料,塑鋼牙
YMH-T09-A3-30-RU7,EFC-P 塑鋼臼齒單顆 A3-30 右上7  (20顆),YAMAHACHI,removable-prosthetics,acrylic-teeth,material,approved_rule,legacy_category_rule,YMH-EFCP,exact_unique,false,,材料,材料,塑鋼牙
YMH-T09-A3-32-LL4,EFC-P 塑鋼臼齒單顆 A3-32 左下4  (20顆),YAMAHACHI,removable-prosthetics,acrylic-teeth,material,approved_rule,legacy_category_rule,YMH-EFCP,exact_unique,false,,材料,材料,塑鋼牙
YMH-T09-A3-32-LL5,EFC-P 塑鋼臼齒單顆 A3-32 左下5  (20顆),YAMAHACHI,removable-prosthetics,acrylic-teeth,material,approved_rule,legacy_category_rule,YMH-EFCP,exact_unique,false,,材料,材料,塑鋼牙
YMH-T09-A3-32-LL6,EFC-P 塑鋼臼齒單顆 A3-32 左下6  (20顆),YAMAHACHI,removable-prosthetics,acrylic-teeth,material,approved_rule,legacy_category_rule,YMH-EFCP,exact_unique,false,,材料,材料,塑鋼牙
YMH-T09-A3-32-LL7,EFC-P 塑鋼臼齒單顆 A3-32 左下7  (20顆),YAMAHACHI,removable-prosthetics,acrylic-teeth,material,approved_rule,legacy_category_rule,YMH-EFCP,exact_unique,false,,材料,材料,塑鋼牙
YMH-T09-A3-32-LU4,EFC-P 塑鋼臼齒單顆 A3-32 左上4  (20顆),YAMAHACHI,removable-prosthetics,acrylic-teeth,material,approved_rule,legacy_category_rule,YMH-EFCP,exact_unique,false,,材料,材料,塑鋼牙
YMH-T09-A3-32-LU5,EFC-P 塑鋼臼齒單顆 A3-32 左上5  (20顆),YAMAHACHI,removable-prosthetics,acrylic-teeth,material,approved_rule,legacy_category_rule,YMH-EFCP,exact_unique,false,,材料,材料,塑鋼牙
YMH-T09-A3-32-LU6,EFC-P 塑鋼臼齒單顆 A3-32 左上6  (20顆),YAMAHACHI,removable-prosthetics,acrylic-teeth,material,approved_rule,legacy_category_rule,YMH-EFCP,exact_unique,false,,材料,材料,塑鋼牙
YMH-T09-A3-32-LU7,EFC-P 塑鋼臼齒單顆 A3-32 左上7  (20顆),YAMAHACHI,removable-prosthetics,acrylic-teeth,material,approved_rule,legacy_category_rule,YMH-EFCP,exact_unique,false,,材料,材料,塑鋼牙
YMH-T09-A3-32-RL4,EFC-P 塑鋼臼齒單顆 A3-32 右下4  (20顆),YAMAHACHI,removable-prosthetics,acrylic-teeth,material,approved_rule,legacy_category_rule,YMH-EFCP,exact_unique,false,,材料,材料,塑鋼牙
YMH-T09-A3-32-RL5,EFC-P 塑鋼臼齒單顆 A3-32 右下5  (20顆),YAMAHACHI,removable-prosthetics,acrylic-teeth,material,approved_rule,legacy_category_rule,YMH-EFCP,exact_unique,false,,材料,材料,塑鋼牙
YMH-T09-A3-32-RL6,EFC-P 塑鋼臼齒單顆 A3-32 右下6  (20顆),YAMAHACHI,removable-prosthetics,acrylic-teeth,material,approved_rule,legacy_category_rule,YMH-EFCP,exact_unique,false,,材料,材料,塑鋼牙
YMH-T09-A3-32-RL7,EFC-P 塑鋼臼齒單顆 A3-32 右下7  (20顆),YAMAHACHI,removable-prosthetics,acrylic-teeth,material,approved_rule,legacy_category_rule,YMH-EFCP,exact_unique,false,,材料,材料,塑鋼牙
YMH-T09-A3-32-RU4,EFC-P 塑鋼臼齒單顆 A3-32 右上4  (20顆),YAMAHACHI,removable-prosthetics,acrylic-teeth,material,approved_rule,legacy_category_rule,YMH-EFCP,exact_unique,false,,材料,材料,塑鋼牙
YMH-T09-A3-32-RU5,EFC-P 塑鋼臼齒單顆 A3-32 右上5  (20顆),YAMAHACHI,removable-prosthetics,acrylic-teeth,material,approved_rule,legacy_category_rule,YMH-EFCP,exact_unique,false,,材料,材料,塑鋼牙
YMH-T09-A3-32-RU6,EFC-P 塑鋼臼齒單顆 A3-32 右上6  (20顆),YAMAHACHI,removable-prosthetics,acrylic-teeth,material,approved_rule,legacy_category_rule,YMH-EFCP,exact_unique,false,,材料,材料,塑鋼牙
YMH-T09-A3-32-RU7,EFC-P 塑鋼臼齒單顆 A3-32 右上7  (20顆),YAMAHACHI,removable-prosthetics,acrylic-teeth,material,approved_rule,legacy_category_rule,YMH-EFCP,exact_unique,false,,材料,材料,塑鋼牙
YMH-T09-A3-34-LL4,EFC-P 塑鋼臼齒單顆 A3-34 左下4  (20顆),YAMAHACHI,removable-prosthetics,acrylic-teeth,material,approved_rule,legacy_category_rule,YMH-EFCP,exact_unique,false,,材料,材料,塑鋼牙
YMH-T09-A3-34-LL5,EFC-P 塑鋼臼齒單顆 A3-34 左下5  (20顆),YAMAHACHI,removable-prosthetics,acrylic-teeth,material,approved_rule,legacy_category_rule,YMH-EFCP,exact_unique,false,,材料,材料,塑鋼牙
YMH-T09-A3-34-LL6,EFC-P 塑鋼臼齒單顆 A3-34 左下6  (20顆),YAMAHACHI,removable-prosthetics,acrylic-teeth,material,approved_rule,legacy_category_rule,YMH-EFCP,exact_unique,false,,材料,材料,塑鋼牙
YMH-T09-A3-34-LL7,EFC-P 塑鋼臼齒單顆 A3-34 左下7  (20顆),YAMAHACHI,removable-prosthetics,acrylic-teeth,material,approved_rule,legacy_category_rule,YMH-EFCP,exact_unique,false,,材料,材料,塑鋼牙
YMH-T09-A3-34-LU4,EFC-P 塑鋼臼齒單顆 A3-34 左上4  (20顆),YAMAHACHI,removable-prosthetics,acrylic-teeth,material,approved_rule,legacy_category_rule,YMH-EFCP,exact_unique,false,,材料,材料,塑鋼牙
YMH-T09-A3-34-LU5,EFC-P 塑鋼臼齒單顆 A3-34 左上5  (20顆),YAMAHACHI,removable-prosthetics,acrylic-teeth,material,approved_rule,legacy_category_rule,YMH-EFCP,exact_unique,false,,材料,材料,塑鋼牙
YMH-T09-A3-34-LU6,EFC-P 塑鋼臼齒單顆 A3-34 左上6  (20顆),YAMAHACHI,removable-prosthetics,acrylic-teeth,material,approved_rule,legacy_category_rule,YMH-EFCP,exact_unique,false,,材料,材料,塑鋼牙
YMH-T09-A3-34-LU7,EFC-P 塑鋼臼齒單顆 A3-34 左上7  (20顆),YAMAHACHI,removable-prosthetics,acrylic-teeth,material,approved_rule,legacy_category_rule,YMH-EFCP,exact_unique,false,,材料,材料,塑鋼牙
YMH-T09-A3-34-RL4,EFC-P 塑鋼臼齒單顆 A3-34 右下4  (20顆),YAMAHACHI,removable-prosthetics,acrylic-teeth,material,approved_rule,legacy_category_rule,YMH-EFCP,exact_unique,false,,材料,材料,塑鋼牙
YMH-T09-A3-34-RL5,EFC-P 塑鋼臼齒單顆 A3-34 右下5  (20顆),YAMAHACHI,removable-prosthetics,acrylic-teeth,material,approved_rule,legacy_category_rule,YMH-EFCP,exact_unique,false,,材料,材料,塑鋼牙
YMH-T09-A3-34-RL6,EFC-P 塑鋼臼齒單顆 A3-34 右下6  (20顆),YAMAHACHI,removable-prosthetics,acrylic-teeth,material,approved_rule,legacy_category_rule,YMH-EFCP,exact_unique,false,,材料,材料,塑鋼牙
YMH-T09-A3-34-RL7,EFC-P 塑鋼臼齒單顆 A3-34 右下7  (20顆),YAMAHACHI,removable-prosthetics,acrylic-teeth,material,approved_rule,legacy_category_rule,YMH-EFCP,exact_unique,false,,材料,材料,塑鋼牙
YMH-T09-A3-34-RU4,EFC-P 塑鋼臼齒單顆 A3-34 右上4  (20顆),YAMAHACHI,removable-prosthetics,acrylic-teeth,material,approved_rule,legacy_category_rule,YMH-EFCP,exact_unique,false,,材料,材料,塑鋼牙
YMH-T09-A3-34-RU5,EFC-P 塑鋼臼齒單顆 A3-34 右上5  (20顆),YAMAHACHI,removable-prosthetics,acrylic-teeth,material,approved_rule,legacy_category_rule,YMH-EFCP,exact_unique,false,,材料,材料,塑鋼牙
YMH-T09-A3-34-RU6,EFC-P 塑鋼臼齒單顆 A3-34 右上6  (20顆),YAMAHACHI,removable-prosthetics,acrylic-teeth,material,approved_rule,legacy_category_rule,YMH-EFCP,exact_unique,false,,材料,材料,塑鋼牙
YMH-T09-A3-34-RU7,EFC-P 塑鋼臼齒單顆 A3-34 右上7  (20顆),YAMAHACHI,removable-prosthetics,acrylic-teeth,material,approved_rule,legacy_category_rule,YMH-EFCP,exact_unique,false,,材料,材料,塑鋼牙
YMH-T10-1,EFC-P 塑鋼臼齒單顆 A3.5-28 (20顆),YAMAHACHI,removable-prosthetics,acrylic-teeth,material,approved_rule,legacy_category_rule,YMH-EFCP,exact_unique,false,,材料,材料,塑鋼牙
YMH-T10-2,EFC-P 塑鋼臼齒單顆 A3.5-30 (20顆),YAMAHACHI,removable-prosthetics,acrylic-teeth,material,approved_rule,legacy_category_rule,YMH-EFCP,exact_unique,false,,材料,材料,塑鋼牙
YMH-T10-3,EFC-P 塑鋼臼齒單顆 A3.5-32 (20顆),YAMAHACHI,removable-prosthetics,acrylic-teeth,material,approved_rule,legacy_category_rule,YMH-EFCP,exact_unique,false,,材料,材料,塑鋼牙
YMH-T10-4,EFC-P 塑鋼臼齒單顆 A3.5-34 (20顆),YAMAHACHI,removable-prosthetics,acrylic-teeth,material,approved_rule,legacy_category_rule,YMH-EFCP,exact_unique,false,,材料,材料,塑鋼牙
YMH-T10-A3.5-28-LL4,EFC-P 塑鋼臼齒單顆 A3.5-28 左下4  (20顆),YAMAHACHI,removable-prosthetics,acrylic-teeth,material,approved_rule,legacy_category_rule,YMH-EFCP,exact_unique,false,,材料,材料,塑鋼牙
YMH-T10-A3.5-28-LL5,EFC-P 塑鋼臼齒單顆 A3.5-28 左下5  (20顆),YAMAHACHI,removable-prosthetics,acrylic-teeth,material,approved_rule,legacy_category_rule,YMH-EFCP,exact_unique,false,,材料,材料,塑鋼牙
YMH-T10-A3.5-28-LL6,EFC-P 塑鋼臼齒單顆 A3.5-28 左下6  (20顆),YAMAHACHI,removable-prosthetics,acrylic-teeth,material,approved_rule,legacy_category_rule,YMH-EFCP,exact_unique,false,,材料,材料,塑鋼牙
YMH-T10-A3.5-28-LL7,EFC-P 塑鋼臼齒單顆 A3.5-28 左下7  (20顆),YAMAHACHI,removable-prosthetics,acrylic-teeth,material,approved_rule,legacy_category_rule,YMH-EFCP,exact_unique,false,,材料,材料,塑鋼牙
YMH-T10-A3.5-28-LU4,EFC-P 塑鋼臼齒單顆 A3.5-28 左上4  (20顆),YAMAHACHI,removable-prosthetics,acrylic-teeth,material,approved_rule,legacy_category_rule,YMH-EFCP,exact_unique,false,,材料,材料,塑鋼牙
YMH-T10-A3.5-28-LU5,EFC-P 塑鋼臼齒單顆 A3.5-28 左上5  (20顆),YAMAHACHI,removable-prosthetics,acrylic-teeth,material,approved_rule,legacy_category_rule,YMH-EFCP,exact_unique,false,,材料,材料,塑鋼牙
YMH-T10-A3.5-28-LU6,EFC-P 塑鋼臼齒單顆 A3.5-28 左上6  (20顆),YAMAHACHI,removable-prosthetics,acrylic-teeth,material,approved_rule,legacy_category_rule,YMH-EFCP,exact_unique,false,,材料,材料,塑鋼牙
YMH-T10-A3.5-28-LU7,EFC-P 塑鋼臼齒單顆 A3.5-28 左上7  (20顆),YAMAHACHI,removable-prosthetics,acrylic-teeth,material,approved_rule,legacy_category_rule,YMH-EFCP,exact_unique,false,,材料,材料,塑鋼牙
YMH-T10-A3.5-28-RL4,EFC-P 塑鋼臼齒單顆 A3.5-28 右下4  (20顆),YAMAHACHI,removable-prosthetics,acrylic-teeth,material,approved_rule,legacy_category_rule,YMH-EFCP,exact_unique,false,,材料,材料,塑鋼牙
YMH-T10-A3.5-28-RL5,EFC-P 塑鋼臼齒單顆 A3.5-28 右下5  (20顆),YAMAHACHI,removable-prosthetics,acrylic-teeth,material,approved_rule,legacy_category_rule,YMH-EFCP,exact_unique,false,,材料,材料,塑鋼牙
YMH-T10-A3.5-28-RL6,EFC-P 塑鋼臼齒單顆 A3.5-28 右下6  (20顆),YAMAHACHI,removable-prosthetics,acrylic-teeth,material,approved_rule,legacy_category_rule,YMH-EFCP,exact_unique,false,,材料,材料,塑鋼牙
YMH-T10-A3.5-28-RL7,EFC-P 塑鋼臼齒單顆 A3.5-28 右下7  (20顆),YAMAHACHI,removable-prosthetics,acrylic-teeth,material,approved_rule,legacy_category_rule,YMH-EFCP,exact_unique,false,,材料,材料,塑鋼牙
YMH-T10-A3.5-28-RU4,EFC-P 塑鋼臼齒單顆 A3.5-28 右上4  (20顆),YAMAHACHI,removable-prosthetics,acrylic-teeth,material,approved_rule,legacy_category_rule,YMH-EFCP,exact_unique,false,,材料,材料,塑鋼牙
YMH-T10-A3.5-28-RU5,EFC-P 塑鋼臼齒單顆 A3.5-28 右上5  (20顆),YAMAHACHI,removable-prosthetics,acrylic-teeth,material,approved_rule,legacy_category_rule,YMH-EFCP,exact_unique,false,,材料,材料,塑鋼牙
YMH-T10-A3.5-28-RU6,EFC-P 塑鋼臼齒單顆 A3.5-28 右上6  (20顆),YAMAHACHI,removable-prosthetics,acrylic-teeth,material,approved_rule,legacy_category_rule,YMH-EFCP,exact_unique,false,,材料,材料,塑鋼牙
YMH-T10-A3.5-28-RU7,EFC-P 塑鋼臼齒單顆 A3.5-28 右上7  (20顆),YAMAHACHI,removable-prosthetics,acrylic-teeth,material,approved_rule,legacy_category_rule,YMH-EFCP,exact_unique,false,,材料,材料,塑鋼牙
YMH-T10-A3.5-30-LL4,EFC-P 塑鋼臼齒單顆 A3.5-30 左下4  (20顆),YAMAHACHI,removable-prosthetics,acrylic-teeth,material,approved_rule,legacy_category_rule,YMH-EFCP,exact_unique,false,,材料,材料,塑鋼牙
YMH-T10-A3.5-30-LL5,EFC-P 塑鋼臼齒單顆 A3.5-30 左下5  (20顆),YAMAHACHI,removable-prosthetics,acrylic-teeth,material,approved_rule,legacy_category_rule,YMH-EFCP,exact_unique,false,,材料,材料,塑鋼牙
YMH-T10-A3.5-30-LL6,EFC-P 塑鋼臼齒單顆 A3.5-30 左下6  (20顆),YAMAHACHI,removable-prosthetics,acrylic-teeth,material,approved_rule,legacy_category_rule,YMH-EFCP,exact_unique,false,,材料,材料,塑鋼牙
YMH-T10-A3.5-30-LL7,EFC-P 塑鋼臼齒單顆 A3.5-30 左下7  (20顆),YAMAHACHI,removable-prosthetics,acrylic-teeth,material,approved_rule,legacy_category_rule,YMH-EFCP,exact_unique,false,,材料,材料,塑鋼牙
YMH-T10-A3.5-30-LU4,EFC-P 塑鋼臼齒單顆 A3.5-30 左上4  (20顆),YAMAHACHI,removable-prosthetics,acrylic-teeth,material,approved_rule,legacy_category_rule,YMH-EFCP,exact_unique,false,,材料,材料,塑鋼牙
YMH-T10-A3.5-30-LU5,EFC-P 塑鋼臼齒單顆 A3.5-30 左上5  (20顆),YAMAHACHI,removable-prosthetics,acrylic-teeth,material,approved_rule,legacy_category_rule,YMH-EFCP,exact_unique,false,,材料,材料,塑鋼牙
YMH-T10-A3.5-30-LU6,EFC-P 塑鋼臼齒單顆 A3.5-30 左上6  (20顆),YAMAHACHI,removable-prosthetics,acrylic-teeth,material,approved_rule,legacy_category_rule,YMH-EFCP,exact_unique,false,,材料,材料,塑鋼牙
YMH-T10-A3.5-30-LU7,EFC-P 塑鋼臼齒單顆 A3.5-30 左上7  (20顆),YAMAHACHI,removable-prosthetics,acrylic-teeth,material,approved_rule,legacy_category_rule,YMH-EFCP,exact_unique,false,,材料,材料,塑鋼牙
YMH-T10-A3.5-30-RL4,EFC-P 塑鋼臼齒單顆 A3.5-30 右下4  (20顆),YAMAHACHI,removable-prosthetics,acrylic-teeth,material,approved_rule,legacy_category_rule,YMH-EFCP,exact_unique,false,,材料,材料,塑鋼牙
YMH-T10-A3.5-30-RL5,EFC-P 塑鋼臼齒單顆 A3.5-30 右下5  (20顆),YAMAHACHI,removable-prosthetics,acrylic-teeth,material,approved_rule,legacy_category_rule,YMH-EFCP,exact_unique,false,,材料,材料,塑鋼牙
YMH-T10-A3.5-30-RL6,EFC-P 塑鋼臼齒單顆 A3.5-30 右下6  (20顆),YAMAHACHI,removable-prosthetics,acrylic-teeth,material,approved_rule,legacy_category_rule,YMH-EFCP,exact_unique,false,,材料,材料,塑鋼牙
YMH-T10-A3.5-30-RL7,EFC-P 塑鋼臼齒單顆 A3.5-30 右下7  (20顆),YAMAHACHI,removable-prosthetics,acrylic-teeth,material,approved_rule,legacy_category_rule,YMH-EFCP,exact_unique,false,,材料,材料,塑鋼牙
YMH-T10-A3.5-30-RU4,EFC-P 塑鋼臼齒單顆 A3.5-30 右上4  (20顆),YAMAHACHI,removable-prosthetics,acrylic-teeth,material,approved_rule,legacy_category_rule,YMH-EFCP,exact_unique,false,,材料,材料,塑鋼牙
YMH-T10-A3.5-30-RU5,EFC-P 塑鋼臼齒單顆 A3.5-30 右上5  (20顆),YAMAHACHI,removable-prosthetics,acrylic-teeth,material,approved_rule,legacy_category_rule,YMH-EFCP,exact_unique,false,,材料,材料,塑鋼牙
YMH-T10-A3.5-30-RU6,EFC-P 塑鋼臼齒單顆 A3.5-30 右上6  (20顆),YAMAHACHI,removable-prosthetics,acrylic-teeth,material,approved_rule,legacy_category_rule,YMH-EFCP,exact_unique,false,,材料,材料,塑鋼牙
YMH-T10-A3.5-30-RU7,EFC-P 塑鋼臼齒單顆 A3.5-30 右上7  (20顆),YAMAHACHI,removable-prosthetics,acrylic-teeth,material,approved_rule,legacy_category_rule,YMH-EFCP,exact_unique,false,,材料,材料,塑鋼牙
YMH-T10-A3.5-32-LL4,EFC-P 塑鋼臼齒單顆 A3.5-32 左下4  (20顆),YAMAHACHI,removable-prosthetics,acrylic-teeth,material,approved_rule,legacy_category_rule,YMH-EFCP,exact_unique,false,,材料,材料,塑鋼牙
YMH-T10-A3.5-32-LL5,EFC-P 塑鋼臼齒單顆 A3.5-32 左下5  (20顆),YAMAHACHI,removable-prosthetics,acrylic-teeth,material,approved_rule,legacy_category_rule,YMH-EFCP,exact_unique,false,,材料,材料,塑鋼牙
YMH-T10-A3.5-32-LL6,EFC-P 塑鋼臼齒單顆 A3.5-32 左下6  (20顆),YAMAHACHI,removable-prosthetics,acrylic-teeth,material,approved_rule,legacy_category_rule,YMH-EFCP,exact_unique,false,,材料,材料,塑鋼牙
YMH-T10-A3.5-32-LL7,EFC-P 塑鋼臼齒單顆 A3.5-32 左下7  (20顆),YAMAHACHI,removable-prosthetics,acrylic-teeth,material,approved_rule,legacy_category_rule,YMH-EFCP,exact_unique,false,,材料,材料,塑鋼牙
YMH-T10-A3.5-32-LU4,EFC-P 塑鋼臼齒單顆 A3.5-32 左上4  (20顆),YAMAHACHI,removable-prosthetics,acrylic-teeth,material,approved_rule,legacy_category_rule,YMH-EFCP,exact_unique,false,,材料,材料,塑鋼牙
YMH-T10-A3.5-32-LU5,EFC-P 塑鋼臼齒單顆 A3.5-32 左上5  (20顆),YAMAHACHI,removable-prosthetics,acrylic-teeth,material,approved_rule,legacy_category_rule,YMH-EFCP,exact_unique,false,,材料,材料,塑鋼牙
YMH-T10-A3.5-32-LU6,EFC-P 塑鋼臼齒單顆 A3.5-32 左上6  (20顆),YAMAHACHI,removable-prosthetics,acrylic-teeth,material,approved_rule,legacy_category_rule,YMH-EFCP,exact_unique,false,,材料,材料,塑鋼牙
YMH-T10-A3.5-32-LU7,EFC-P 塑鋼臼齒單顆 A3.5-32 左上7  (20顆),YAMAHACHI,removable-prosthetics,acrylic-teeth,material,approved_rule,legacy_category_rule,YMH-EFCP,exact_unique,false,,材料,材料,塑鋼牙
YMH-T10-A3.5-32-RL4,EFC-P 塑鋼臼齒單顆 A3.5-32 右下4  (20顆),YAMAHACHI,removable-prosthetics,acrylic-teeth,material,approved_rule,legacy_category_rule,YMH-EFCP,exact_unique,false,,材料,材料,塑鋼牙
YMH-T10-A3.5-32-RL5,EFC-P 塑鋼臼齒單顆 A3.5-32 右下5  (20顆),YAMAHACHI,removable-prosthetics,acrylic-teeth,material,approved_rule,legacy_category_rule,YMH-EFCP,exact_unique,false,,材料,材料,塑鋼牙
YMH-T10-A3.5-32-RL6,EFC-P 塑鋼臼齒單顆 A3.5-32 右下6  (20顆),YAMAHACHI,removable-prosthetics,acrylic-teeth,material,approved_rule,legacy_category_rule,YMH-EFCP,exact_unique,false,,材料,材料,塑鋼牙
YMH-T10-A3.5-32-RL7,EFC-P 塑鋼臼齒單顆 A3.5-32 右下7  (20顆),YAMAHACHI,removable-prosthetics,acrylic-teeth,material,approved_rule,legacy_category_rule,YMH-EFCP,exact_unique,false,,材料,材料,塑鋼牙
YMH-T10-A3.5-32-RU4,EFC-P 塑鋼臼齒單顆 A3.5-32 右上4  (20顆),YAMAHACHI,removable-prosthetics,acrylic-teeth,material,approved_rule,legacy_category_rule,YMH-EFCP,exact_unique,false,,材料,材料,塑鋼牙
YMH-T10-A3.5-32-RU5,EFC-P 塑鋼臼齒單顆 A3.5-32 右上5  (20顆),YAMAHACHI,removable-prosthetics,acrylic-teeth,material,approved_rule,legacy_category_rule,YMH-EFCP,exact_unique,false,,材料,材料,塑鋼牙
YMH-T10-A3.5-32-RU6,EFC-P 塑鋼臼齒單顆 A3.5-32 右上6  (20顆),YAMAHACHI,removable-prosthetics,acrylic-teeth,material,approved_rule,legacy_category_rule,YMH-EFCP,exact_unique,false,,材料,材料,塑鋼牙
YMH-T10-A3.5-32-RU7,EFC-P 塑鋼臼齒單顆 A3.5-32 右上7  (20顆),YAMAHACHI,removable-prosthetics,acrylic-teeth,material,approved_rule,legacy_category_rule,YMH-EFCP,exact_unique,false,,材料,材料,塑鋼牙
YMH-T10-A3.5-34-LL4,EFC-P 塑鋼臼齒單顆 A3.5-34 左下4  (20顆),YAMAHACHI,removable-prosthetics,acrylic-teeth,material,approved_rule,legacy_category_rule,YMH-EFCP,exact_unique,false,,材料,材料,塑鋼牙
YMH-T10-A3.5-34-LL5,EFC-P 塑鋼臼齒單顆 A3.5-34 左下5  (20顆),YAMAHACHI,removable-prosthetics,acrylic-teeth,material,approved_rule,legacy_category_rule,YMH-EFCP,exact_unique,false,,材料,材料,塑鋼牙
YMH-T10-A3.5-34-LL6,EFC-P 塑鋼臼齒單顆 A3.5-34 左下6  (20顆),YAMAHACHI,removable-prosthetics,acrylic-teeth,material,approved_rule,legacy_category_rule,YMH-EFCP,exact_unique,false,,材料,材料,塑鋼牙
YMH-T10-A3.5-34-LL7,EFC-P 塑鋼臼齒單顆 A3.5-34 左下7  (20顆),YAMAHACHI,removable-prosthetics,acrylic-teeth,material,approved_rule,legacy_category_rule,YMH-EFCP,exact_unique,false,,材料,材料,塑鋼牙
YMH-T10-A3.5-34-LU4,EFC-P 塑鋼臼齒單顆 A3.5-34 左上4  (20顆),YAMAHACHI,removable-prosthetics,acrylic-teeth,material,approved_rule,legacy_category_rule,YMH-EFCP,exact_unique,false,,材料,材料,塑鋼牙
YMH-T10-A3.5-34-LU5,EFC-P 塑鋼臼齒單顆 A3.5-34 左上5  (20顆),YAMAHACHI,removable-prosthetics,acrylic-teeth,material,approved_rule,legacy_category_rule,YMH-EFCP,exact_unique,false,,材料,材料,塑鋼牙
YMH-T10-A3.5-34-LU6,EFC-P 塑鋼臼齒單顆 A3.5-34 左上6  (20顆),YAMAHACHI,removable-prosthetics,acrylic-teeth,material,approved_rule,legacy_category_rule,YMH-EFCP,exact_unique,false,,材料,材料,塑鋼牙
YMH-T10-A3.5-34-LU7,EFC-P 塑鋼臼齒單顆 A3.5-34 左上7  (20顆),YAMAHACHI,removable-prosthetics,acrylic-teeth,material,approved_rule,legacy_category_rule,YMH-EFCP,exact_unique,false,,材料,材料,塑鋼牙
YMH-T10-A3.5-34-RL4,EFC-P 塑鋼臼齒單顆 A3.5-34 右下4  (20顆),YAMAHACHI,removable-prosthetics,acrylic-teeth,material,approved_rule,legacy_category_rule,YMH-EFCP,exact_unique,false,,材料,材料,塑鋼牙
YMH-T10-A3.5-34-RL5,EFC-P 塑鋼臼齒單顆 A3.5-34 右下5  (20顆),YAMAHACHI,removable-prosthetics,acrylic-teeth,material,approved_rule,legacy_category_rule,YMH-EFCP,exact_unique,false,,材料,材料,塑鋼牙
YMH-T10-A3.5-34-RL6,EFC-P 塑鋼臼齒單顆 A3.5-34 右下6  (20顆),YAMAHACHI,removable-prosthetics,acrylic-teeth,material,approved_rule,legacy_category_rule,YMH-EFCP,exact_unique,false,,材料,材料,塑鋼牙
YMH-T10-A3.5-34-RL7,EFC-P 塑鋼臼齒單顆 A3.5-34 右下7  (20顆),YAMAHACHI,removable-prosthetics,acrylic-teeth,material,approved_rule,legacy_category_rule,YMH-EFCP,exact_unique,false,,材料,材料,塑鋼牙
YMH-T10-A3.5-34-RU4,EFC-P 塑鋼臼齒單顆 A3.5-34 右上4  (20顆),YAMAHACHI,removable-prosthetics,acrylic-teeth,material,approved_rule,legacy_category_rule,YMH-EFCP,exact_unique,false,,材料,材料,塑鋼牙
YMH-T10-A3.5-34-RU5,EFC-P 塑鋼臼齒單顆 A3.5-34 右上5  (20顆),YAMAHACHI,removable-prosthetics,acrylic-teeth,material,approved_rule,legacy_category_rule,YMH-EFCP,exact_unique,false,,材料,材料,塑鋼牙
YMH-T10-A3.5-34-RU6,EFC-P 塑鋼臼齒單顆 A3.5-34 右上6  (20顆),YAMAHACHI,removable-prosthetics,acrylic-teeth,material,approved_rule,legacy_category_rule,YMH-EFCP,exact_unique,false,,材料,材料,塑鋼牙
YMH-T10-A3.5-34-RU7,EFC-P 塑鋼臼齒單顆 A3.5-34 右上7  (20顆),YAMAHACHI,removable-prosthetics,acrylic-teeth,material,approved_rule,legacy_category_rule,YMH-EFCP,exact_unique,false,,材料,材料,塑鋼牙
YMH-T11-1,EFC-P 塑鋼臼齒單顆 A4-28 (20顆),YAMAHACHI,removable-prosthetics,acrylic-teeth,material,approved_rule,legacy_category_rule,,unmatched,false,,材料,材料,塑鋼牙
YMH-T11-2,EFC-P 塑鋼臼齒單顆 A4-30 (20顆),YAMAHACHI,removable-prosthetics,acrylic-teeth,material,approved_rule,legacy_category_rule,,unmatched,false,,材料,材料,塑鋼牙
YMH-T11-3,EFC-P 塑鋼臼齒單顆 A4-32 (20顆),YAMAHACHI,removable-prosthetics,acrylic-teeth,material,approved_rule,legacy_category_rule,YMH-EFCP,exact_unique,false,,材料,材料,塑鋼牙
YMH-T11-A4-32-LL4,EFC-P 塑鋼臼齒單顆 A4-32 左下4 (20顆),YAMAHACHI,removable-prosthetics,acrylic-teeth,material,approved_rule,legacy_category_rule,YMH-EFCP,exact_unique,false,,材料,材料,塑鋼牙
YMH-T11-A4-32-LL5,EFC-P 塑鋼臼齒單顆 A4-32 左下5 (20顆),YAMAHACHI,removable-prosthetics,acrylic-teeth,material,approved_rule,legacy_category_rule,YMH-EFCP,exact_unique,false,,材料,材料,塑鋼牙
YMH-T11-A4-32-LL6,EFC-P 塑鋼臼齒單顆 A4-32 左下6 (20顆),YAMAHACHI,removable-prosthetics,acrylic-teeth,material,approved_rule,legacy_category_rule,YMH-EFCP,exact_unique,false,,材料,材料,塑鋼牙
YMH-T11-A4-32-LL7,EFC-P 塑鋼臼齒單顆 A4-32 左下7 (20顆),YAMAHACHI,removable-prosthetics,acrylic-teeth,material,approved_rule,legacy_category_rule,YMH-EFCP,exact_unique,false,,材料,材料,塑鋼牙
YMH-T11-A4-32-LU4,EFC-P 塑鋼臼齒單顆 A4-32 左上4 (20顆),YAMAHACHI,removable-prosthetics,acrylic-teeth,material,approved_rule,legacy_category_rule,YMH-EFCP,exact_unique,false,,材料,材料,塑鋼牙
YMH-T11-A4-32-LU5,EFC-P 塑鋼臼齒單顆 A4-32 左上5 (20顆),YAMAHACHI,removable-prosthetics,acrylic-teeth,material,approved_rule,legacy_category_rule,YMH-EFCP,exact_unique,false,,材料,材料,塑鋼牙
YMH-T11-A4-32-LU6,EFC-P 塑鋼臼齒單顆 A4-32 左上6 (20顆),YAMAHACHI,removable-prosthetics,acrylic-teeth,material,approved_rule,legacy_category_rule,YMH-EFCP,exact_unique,false,,材料,材料,塑鋼牙
YMH-T11-A4-32-LU7,EFC-P 塑鋼臼齒單顆 A4-32 左上7 (20顆),YAMAHACHI,removable-prosthetics,acrylic-teeth,material,approved_rule,legacy_category_rule,YMH-EFCP,exact_unique,false,,材料,材料,塑鋼牙
YMH-T11-A4-32-RL4,EFC-P 塑鋼臼齒單顆 A4-32 右下4 (20顆),YAMAHACHI,removable-prosthetics,acrylic-teeth,material,approved_rule,legacy_category_rule,YMH-EFCP,exact_unique,false,,材料,材料,塑鋼牙
YMH-T11-A4-32-RL5,EFC-P 塑鋼臼齒單顆 A4-32 右下5 (20顆),YAMAHACHI,removable-prosthetics,acrylic-teeth,material,approved_rule,legacy_category_rule,YMH-EFCP,exact_unique,false,,材料,材料,塑鋼牙
YMH-T11-A4-32-RL6,EFC-P 塑鋼臼齒單顆 A4-32 右下6 (20顆),YAMAHACHI,removable-prosthetics,acrylic-teeth,material,approved_rule,legacy_category_rule,YMH-EFCP,exact_unique,false,,材料,材料,塑鋼牙
YMH-T11-A4-32-RL7,EFC-P 塑鋼臼齒單顆 A4-32 右下7 (20顆),YAMAHACHI,removable-prosthetics,acrylic-teeth,material,approved_rule,legacy_category_rule,YMH-EFCP,exact_unique,false,,材料,材料,塑鋼牙
YMH-T11-A4-32-RU4,EFC-P 塑鋼臼齒單顆 A4-32 右上4 (20顆),YAMAHACHI,removable-prosthetics,acrylic-teeth,material,approved_rule,legacy_category_rule,YMH-EFCP,exact_unique,false,,材料,材料,塑鋼牙
YMH-T11-A4-32-RU5,EFC-P 塑鋼臼齒單顆 A4-32 右上5 (20顆),YAMAHACHI,removable-prosthetics,acrylic-teeth,material,approved_rule,legacy_category_rule,YMH-EFCP,exact_unique,false,,材料,材料,塑鋼牙
YMH-T11-A4-32-RU6,EFC-P 塑鋼臼齒單顆 A4-32 右上6 (20顆),YAMAHACHI,removable-prosthetics,acrylic-teeth,material,approved_rule,legacy_category_rule,YMH-EFCP,exact_unique,false,,材料,材料,塑鋼牙
YMH-T11-A4-32-RU7,EFC-P 塑鋼臼齒單顆 A4-32 右上7 (20顆),YAMAHACHI,removable-prosthetics,acrylic-teeth,material,approved_rule,legacy_category_rule,YMH-EFCP,exact_unique,false,,材料,材料,塑鋼牙
YMH-T12-1,SIM-P 新型塑鋼臼齒 A2-28,YAMAHACHI,removable-prosthetics,acrylic-teeth,material,approved_rule,legacy_category_rule,,unmatched,false,,材料,材料,塑鋼牙
YMH-T12-2,SIM-P 新型塑鋼臼齒 A2-30,YAMAHACHI,removable-prosthetics,acrylic-teeth,material,approved_rule,legacy_category_rule,,unmatched,false,,材料,材料,塑鋼牙
YMH-T12-3,SIM-P 新型塑鋼臼齒 A2-32,YAMAHACHI,removable-prosthetics,acrylic-teeth,material,approved_rule,legacy_category_rule,,unmatched,false,,材料,材料,塑鋼牙
YMH-T12-A2-28L,SIM-P 新型塑鋼臼齒 A2-28下,YAMAHACHI,removable-prosthetics,acrylic-teeth,material,approved_rule,legacy_category_rule,YMH-SIMP,exact_unique,false,,材料,材料,塑鋼牙
YMH-T12-A2-28U,SIM-P 新型塑鋼臼齒 A2-28上,YAMAHACHI,removable-prosthetics,acrylic-teeth,material,approved_rule,legacy_category_rule,YMH-SIMP,exact_unique,false,,材料,材料,塑鋼牙
YMH-T12-A2-30L,SIM-P 新型塑鋼臼齒 A2-30下,YAMAHACHI,removable-prosthetics,acrylic-teeth,material,approved_rule,legacy_category_rule,YMH-SIMP,exact_unique,false,,材料,材料,塑鋼牙
YMH-T12-A2-30U,SIM-P 新型塑鋼臼齒 A2-30上,YAMAHACHI,removable-prosthetics,acrylic-teeth,material,approved_rule,legacy_category_rule,YMH-SIMP,exact_unique,false,,材料,材料,塑鋼牙
YMH-T12-A2-32L,SIM-P 新型塑鋼臼齒 A2-32下,YAMAHACHI,removable-prosthetics,acrylic-teeth,material,approved_rule,legacy_category_rule,YMH-SIMP,exact_unique,false,,材料,材料,塑鋼牙
YMH-T12-A2-32U,SIM-P 新型塑鋼臼齒 A2-32上,YAMAHACHI,removable-prosthetics,acrylic-teeth,material,approved_rule,legacy_category_rule,YMH-SIMP,exact_unique,false,,材料,材料,塑鋼牙
YMH-T13-1,SIM-P 新型塑鋼臼齒 A3-28,YAMAHACHI,removable-prosthetics,acrylic-teeth,material,approved_rule,legacy_category_rule,,unmatched,false,,材料,材料,塑鋼牙
YMH-T13-2,SIM-P 新型塑鋼臼齒 A3-30,YAMAHACHI,removable-prosthetics,acrylic-teeth,material,approved_rule,legacy_category_rule,,unmatched,false,,材料,材料,塑鋼牙
YMH-T13-3,SIM-P 新型塑鋼臼齒 A3-32,YAMAHACHI,removable-prosthetics,acrylic-teeth,material,approved_rule,legacy_category_rule,,unmatched,false,,材料,材料,塑鋼牙
YMH-T13-A3-28L,SIM-P 新型塑鋼臼齒 A3-28下,YAMAHACHI,removable-prosthetics,acrylic-teeth,material,approved_rule,legacy_category_rule,YMH-SIMP,exact_unique,false,,材料,材料,塑鋼牙
YMH-T13-A3-28U,SIM-P 新型塑鋼臼齒 A3-28上,YAMAHACHI,removable-prosthetics,acrylic-teeth,material,approved_rule,legacy_category_rule,YMH-SIMP,exact_unique,false,,材料,材料,塑鋼牙
YMH-T13-A3-30L,SIM-P 新型塑鋼臼齒 A3-30下,YAMAHACHI,removable-prosthetics,acrylic-teeth,material,approved_rule,legacy_category_rule,YMH-SIMP,exact_unique,false,,材料,材料,塑鋼牙
YMH-T13-A3-30U,SIM-P 新型塑鋼臼齒 A3-30上,YAMAHACHI,removable-prosthetics,acrylic-teeth,material,approved_rule,legacy_category_rule,YMH-SIMP,exact_unique,false,,材料,材料,塑鋼牙
YMH-T13-A3-32L,SIM-P 新型塑鋼臼齒 A3-32下,YAMAHACHI,removable-prosthetics,acrylic-teeth,material,approved_rule,legacy_category_rule,YMH-SIMP,exact_unique,false,,材料,材料,塑鋼牙
YMH-T13-A3-32U,SIM-P 新型塑鋼臼齒 A3-32上,YAMAHACHI,removable-prosthetics,acrylic-teeth,material,approved_rule,legacy_category_rule,YMH-SIMP,exact_unique,false,,材料,材料,塑鋼牙
YMH-T14-1,SIM-P 新型塑鋼臼齒 A3.5-28,YAMAHACHI,removable-prosthetics,acrylic-teeth,material,approved_rule,legacy_category_rule,,unmatched,false,,材料,材料,塑鋼牙
YMH-T14-2,SIM-P 新型塑鋼臼齒 A3.5-30,YAMAHACHI,removable-prosthetics,acrylic-teeth,material,approved_rule,legacy_category_rule,,unmatched,false,,材料,材料,塑鋼牙
YMH-T14-3,SIM-P 新型塑鋼臼齒 A3.5-32,YAMAHACHI,removable-prosthetics,acrylic-teeth,material,approved_rule,legacy_category_rule,,unmatched,false,,材料,材料,塑鋼牙
YMH-T14-A3.5-28L,SIM-P 新型塑鋼臼齒 A3.5-28下,YAMAHACHI,removable-prosthetics,acrylic-teeth,material,approved_rule,legacy_category_rule,YMH-SIMP,exact_unique,false,,材料,材料,塑鋼牙
YMH-T14-A3.5-28U,SIM-P 新型塑鋼臼齒 A3.5-28上,YAMAHACHI,removable-prosthetics,acrylic-teeth,material,approved_rule,legacy_category_rule,YMH-SIMP,exact_unique,false,,材料,材料,塑鋼牙
YMH-T14-A3.5-30L,SIM-P 新型塑鋼臼齒 A3.5-30下,YAMAHACHI,removable-prosthetics,acrylic-teeth,material,approved_rule,legacy_category_rule,YMH-SIMP,exact_unique,false,,材料,材料,塑鋼牙
YMH-T14-A3.5-30U,SIM-P 新型塑鋼臼齒 A3.5-30上,YAMAHACHI,removable-prosthetics,acrylic-teeth,material,approved_rule,legacy_category_rule,YMH-SIMP,exact_unique,false,,材料,材料,塑鋼牙
YMH-T14-A3.5-32L,SIM-P 新型塑鋼臼齒 A3.5-32下,YAMAHACHI,removable-prosthetics,acrylic-teeth,material,approved_rule,legacy_category_rule,YMH-SIMP,exact_unique,false,,材料,材料,塑鋼牙
YMH-T14-A3.5-32U,SIM-P 新型塑鋼臼齒 A3.5-32上,YAMAHACHI,removable-prosthetics,acrylic-teeth,material,approved_rule,legacy_category_rule,YMH-SIMP,exact_unique,false,,材料,材料,塑鋼牙
YMH-T15-1,SIM-P 新型塑鋼臼齒 A4-28,YAMAHACHI,removable-prosthetics,acrylic-teeth,material,approved_rule,legacy_category_rule,,unmatched,false,,材料,材料,塑鋼牙
YMH-T15-2,SIM-P 新型塑鋼臼齒 A4-30,YAMAHACHI,removable-prosthetics,acrylic-teeth,material,approved_rule,legacy_category_rule,,unmatched,false,,材料,材料,塑鋼牙
YMH-T15-3,SIM-P 新型塑鋼臼齒 A4-32,YAMAHACHI,removable-prosthetics,acrylic-teeth,material,approved_rule,legacy_category_rule,,unmatched,false,,材料,材料,塑鋼牙
YMH-T15-A4-28L,SIM-P 新型塑鋼臼齒 A4-28下,YAMAHACHI,removable-prosthetics,acrylic-teeth,material,approved_rule,legacy_category_rule,YMH-SIMP,exact_unique,false,,材料,材料,塑鋼牙
YMH-T15-A4-28U,SIM-P 新型塑鋼臼齒 A4-28上,YAMAHACHI,removable-prosthetics,acrylic-teeth,material,approved_rule,legacy_category_rule,YMH-SIMP,exact_unique,false,,材料,材料,塑鋼牙
YMH-T15-A4-30L,SIM-P 新型塑鋼臼齒 A4-30下,YAMAHACHI,removable-prosthetics,acrylic-teeth,material,approved_rule,legacy_category_rule,YMH-SIMP,exact_unique,false,,材料,材料,塑鋼牙
YMH-T15-A4-30U,SIM-P 新型塑鋼臼齒 A4-30上,YAMAHACHI,removable-prosthetics,acrylic-teeth,material,approved_rule,legacy_category_rule,YMH-SIMP,exact_unique,false,,材料,材料,塑鋼牙
YMH-T15-A4-32L,SIM-P 新型塑鋼臼齒 A4-32下,YAMAHACHI,removable-prosthetics,acrylic-teeth,material,approved_rule,legacy_category_rule,YMH-SIMP,exact_unique,false,,材料,材料,塑鋼牙
YMH-T15-A4-32U,SIM-P 新型塑鋼臼齒 A4-32上,YAMAHACHI,removable-prosthetics,acrylic-teeth,material,approved_rule,legacy_category_rule,YMH-SIMP,exact_unique,false,,材料,材料,塑鋼牙
YMH-T16-1,SIM-P 新型塑鋼臼齒單顆 A2-28 (20顆),YAMAHACHI,removable-prosthetics,acrylic-teeth,material,approved_rule,legacy_category_rule,,unmatched,false,,材料,材料,塑鋼牙
YMH-T16-2,SIM-P 新型塑鋼臼齒單顆 A2-30 (20顆),YAMAHACHI,removable-prosthetics,acrylic-teeth,material,approved_rule,legacy_category_rule,,unmatched,false,,材料,材料,塑鋼牙
YMH-T16-3,SIM-P 新型塑鋼臼齒單顆 A2-32 (20顆),YAMAHACHI,removable-prosthetics,acrylic-teeth,material,approved_rule,legacy_category_rule,,unmatched,false,,材料,材料,塑鋼牙
YMH-T17-1,SIM-P 新型塑鋼臼齒單顆 A3-28 (20顆),YAMAHACHI,removable-prosthetics,acrylic-teeth,material,approved_rule,legacy_category_rule,,unmatched,false,,材料,材料,塑鋼牙
YMH-T17-2,SIM-P 新型塑鋼臼齒單顆 A3-30 (20顆),YAMAHACHI,removable-prosthetics,acrylic-teeth,material,approved_rule,legacy_category_rule,,unmatched,false,,材料,材料,塑鋼牙
YMH-T17-3,SIM-P 新型塑鋼臼齒單顆 A3-32 (20顆),YAMAHACHI,removable-prosthetics,acrylic-teeth,material,approved_rule,legacy_category_rule,,unmatched,false,,材料,材料,塑鋼牙
YMH-T18-1,SIM-P 新型塑鋼臼齒單顆 A3.5-28 (20顆),YAMAHACHI,removable-prosthetics,acrylic-teeth,material,approved_rule,legacy_category_rule,,unmatched,false,,材料,材料,塑鋼牙
YMH-T18-2,SIM-P 新型塑鋼臼齒單顆 A3.5-30 (20顆),YAMAHACHI,removable-prosthetics,acrylic-teeth,material,approved_rule,legacy_category_rule,,unmatched,false,,材料,材料,塑鋼牙
YMH-T18-3,SIM-P 新型塑鋼臼齒單顆 A3.5-32 (20顆),YAMAHACHI,removable-prosthetics,acrylic-teeth,material,approved_rule,legacy_category_rule,,unmatched,false,,材料,材料,塑鋼牙
YMH-T19-1,SIM-P 新型塑鋼臼齒單顆 A4-28 (20顆),YAMAHACHI,removable-prosthetics,acrylic-teeth,material,approved_rule,legacy_category_rule,,unmatched,false,,材料,材料,塑鋼牙
YMH-T19-2,SIM-P 新型塑鋼臼齒單顆 A4-30 (20顆),YAMAHACHI,removable-prosthetics,acrylic-teeth,material,approved_rule,legacy_category_rule,,unmatched,false,,材料,材料,塑鋼牙
YMH-T19-3,SIM-P 新型塑鋼臼齒單顆 A4-32 (20顆),YAMAHACHI,removable-prosthetics,acrylic-teeth,material,approved_rule,legacy_category_rule,,unmatched,false,,材料,材料,塑鋼牙
YMH-T20-1,EFC-P 塑鋼臼齒單顆綜合 A2-28 (16包),YAMAHACHI,removable-prosthetics,acrylic-teeth,material,approved_rule,legacy_category_rule,,unmatched,false,,材料,材料,塑鋼牙
YMH-T20-2,EFC-P 塑鋼臼齒單顆綜合 A2-30 (16包),YAMAHACHI,removable-prosthetics,acrylic-teeth,material,approved_rule,legacy_category_rule,,unmatched,false,,材料,材料,塑鋼牙
YMH-T20-3,EFC-P 塑鋼臼齒單顆綜合 A2-32 (16包),YAMAHACHI,removable-prosthetics,acrylic-teeth,material,approved_rule,legacy_category_rule,,unmatched,false,,材料,材料,塑鋼牙
YMH-T20-4,EFC-P 塑鋼臼齒單顆綜合 A2-34 (16包),YAMAHACHI,removable-prosthetics,acrylic-teeth,material,approved_rule,legacy_category_rule,,unmatched,false,,材料,材料,塑鋼牙
YMH-T21-1,EFC-P 塑鋼臼齒單顆綜合 A3-28 (16包),YAMAHACHI,removable-prosthetics,acrylic-teeth,material,approved_rule,legacy_category_rule,,unmatched,false,,材料,材料,塑鋼牙
YMH-T21-2,EFC-P 塑鋼臼齒單顆綜合 A3-30 (16包),YAMAHACHI,removable-prosthetics,acrylic-teeth,material,approved_rule,legacy_category_rule,,unmatched,false,,材料,材料,塑鋼牙
YMH-T21-3,EFC-P 塑鋼臼齒單顆綜合 A3-32 (16包),YAMAHACHI,removable-prosthetics,acrylic-teeth,material,approved_rule,legacy_category_rule,,unmatched,false,,材料,材料,塑鋼牙
YMH-T21-4,EFC-P 塑鋼臼齒單顆綜合 A3-34 (16包),YAMAHACHI,removable-prosthetics,acrylic-teeth,material,approved_rule,legacy_category_rule,,unmatched,false,,材料,材料,塑鋼牙
YMH-T22-1,EFC-P 塑鋼臼齒單顆綜合 A3.5-28 (16包),YAMAHACHI,removable-prosthetics,acrylic-teeth,material,approved_rule,legacy_category_rule,,unmatched,false,,材料,材料,塑鋼牙
YMH-T22-2,EFC-P 塑鋼臼齒單顆綜合A3.5-30(16包),YAMAHACHI,removable-prosthetics,acrylic-teeth,material,approved_rule,legacy_category_rule,,unmatched,false,,材料,材料,塑鋼牙
YMH-T22-3,EFC-P 塑鋼臼齒單顆綜合A3.5-32(16包),YAMAHACHI,removable-prosthetics,acrylic-teeth,material,approved_rule,legacy_category_rule,,unmatched,false,,材料,材料,塑鋼牙
YMH-T22-4,EFC-P 塑鋼臼齒單顆綜合A3.5-34(16包),YAMAHACHI,removable-prosthetics,acrylic-teeth,material,approved_rule,legacy_category_rule,,unmatched,false,,材料,材料,塑鋼牙
YMH-T23-1,EFC-P 塑鋼臼齒單顆綜合 A4-28 (16包),YAMAHACHI,removable-prosthetics,acrylic-teeth,material,approved_rule,legacy_category_rule,,unmatched,false,,材料,材料,塑鋼牙
YMH-T23-2,EFC-P 塑鋼臼齒單顆綜合 A4-30 (16包),YAMAHACHI,removable-prosthetics,acrylic-teeth,material,approved_rule,legacy_category_rule,,unmatched,false,,材料,材料,塑鋼牙
YMH-T23-3,EFC-P 塑鋼臼齒單顆綜合 A4-32 (16包),YAMAHACHI,removable-prosthetics,acrylic-teeth,material,approved_rule,legacy_category_rule,,unmatched,false,,材料,材料,塑鋼牙
YMH-T24-1,SIM-P 新型塑鋼臼齒單顆綜合 A2-28 (16包),YAMAHACHI,removable-prosthetics,acrylic-teeth,material,approved_rule,legacy_category_rule,,unmatched,false,,材料,材料,塑鋼牙
YMH-T25-1,SIM-P 新型塑鋼臼齒單顆綜合 A3-28 (16包),YAMAHACHI,removable-prosthetics,acrylic-teeth,material,approved_rule,legacy_category_rule,,unmatched,false,,材料,材料,塑鋼牙
YMH-T25-2,SIM-P 新型塑鋼臼齒單顆綜合 A3-30 (16包),YAMAHACHI,removable-prosthetics,acrylic-teeth,material,approved_rule,legacy_category_rule,,unmatched,false,,材料,材料,塑鋼牙
YMH-T25-3,SIM-P 新型塑鋼臼齒單顆綜合 A3-32 (16包),YAMAHACHI,removable-prosthetics,acrylic-teeth,material,approved_rule,legacy_category_rule,,unmatched,false,,材料,材料,塑鋼牙
YMH-T26-1,SIM-P 新型塑鋼臼齒單顆綜合 A3.5-28 (16包),YAMAHACHI,removable-prosthetics,acrylic-teeth,material,approved_rule,legacy_category_rule,,unmatched,false,,材料,材料,塑鋼牙
YMH-T27-56,FX 半塑鋼前齒-56,YAMAHACHI,removable-prosthetics,acrylic-teeth,material,approved_rule,legacy_category_rule,,unmatched,false,,材料,材料,塑鋼牙
YMH-T27-A1,FX 半塑鋼前齒-A1,YAMAHACHI,removable-prosthetics,acrylic-teeth,material,approved_rule,legacy_category_rule,,unmatched,false,,材料,材料,塑鋼牙
YMH-T27-A1-T5,FX 半塑鋼前齒-A1-T5,YAMAHACHI,removable-prosthetics,acrylic-teeth,material,approved_rule,legacy_category_rule,YMH-FX,exact_unique,false,,材料,材料,塑鋼牙
YMH-T27-A2,FX 半塑鋼前齒-A2,YAMAHACHI,removable-prosthetics,acrylic-teeth,material,approved_rule,legacy_category_rule,,unmatched,false,,材料,材料,塑鋼牙
YMH-T27-A2-C4,FX 半塑鋼前齒-A2 C4,YAMAHACHI,removable-prosthetics,acrylic-teeth,material,approved_rule,legacy_category_rule,YMH-FX,exact_unique,false,,材料,材料,塑鋼牙
YMH-T27-A2-C5,FX 半塑鋼前齒-A2 C5,YAMAHACHI,removable-prosthetics,acrylic-teeth,material,approved_rule,legacy_category_rule,YMH-FX,exact_unique,false,,材料,材料,塑鋼牙
YMH-T27-A2-C6,FX 半塑鋼前齒-A2 C6,YAMAHACHI,removable-prosthetics,acrylic-teeth,material,approved_rule,legacy_category_rule,YMH-FX,exact_unique,false,,材料,材料,塑鋼牙
YMH-T27-A2-C7,FX 半塑鋼前齒-A2 C7,YAMAHACHI,removable-prosthetics,acrylic-teeth,material,approved_rule,legacy_category_rule,YMH-FX,exact_unique,false,,材料,材料,塑鋼牙
YMH-T27-A2-LA4,FX 半塑鋼前齒-A2 LA4,YAMAHACHI,removable-prosthetics,acrylic-teeth,material,approved_rule,legacy_category_rule,YMH-FX,exact_unique,false,,材料,材料,塑鋼牙
YMH-T27-A2-LA45,FX 半塑鋼前齒-A2 LA5,YAMAHACHI,removable-prosthetics,acrylic-teeth,material,approved_rule,legacy_category_rule,YMH-FX,exact_unique,false,,材料,材料,塑鋼牙
YMH-T27-A2-LA6,FX 半塑鋼前齒-A2 LA6,YAMAHACHI,removable-prosthetics,acrylic-teeth,material,approved_rule,legacy_category_rule,YMH-FX,exact_unique,false,,材料,材料,塑鋼牙
YMH-T27-A2-LA7,FX 半塑鋼前齒-A2 LA7,YAMAHACHI,removable-prosthetics,acrylic-teeth,material,approved_rule,legacy_category_rule,YMH-FX,exact_unique,false,,材料,材料,塑鋼牙
YMH-T27-A2-LB4,FX 半塑鋼前齒-A2 LB4,YAMAHACHI,removable-prosthetics,acrylic-teeth,material,approved_rule,legacy_category_rule,YMH-FX,exact_unique,false,,材料,材料,塑鋼牙
YMH-T27-A2-LB5,FX 半塑鋼前齒-A2 LB5,YAMAHACHI,removable-prosthetics,acrylic-teeth,material,approved_rule,legacy_category_rule,YMH-FX,exact_unique,false,,材料,材料,塑鋼牙
YMH-T27-A2-LB6,FX 半塑鋼前齒-A2 LB6,YAMAHACHI,removable-prosthetics,acrylic-teeth,material,approved_rule,legacy_category_rule,YMH-FX,exact_unique,false,,材料,材料,塑鋼牙
YMH-T27-A2-LB7,FX 半塑鋼前齒-A2 LB7,YAMAHACHI,removable-prosthetics,acrylic-teeth,material,approved_rule,legacy_category_rule,YMH-FX,exact_unique,false,,材料,材料,塑鋼牙
YMH-T27-A2-S4,FX 半塑鋼前齒-A2 S4,YAMAHACHI,removable-prosthetics,acrylic-teeth,material,approved_rule,legacy_category_rule,YMH-FX,exact_unique,false,,材料,材料,塑鋼牙
YMH-T27-A2-S5,FX 半塑鋼前齒-A2 S5,YAMAHACHI,removable-prosthetics,acrylic-teeth,material,approved_rule,legacy_category_rule,YMH-FX,exact_unique,false,,材料,材料,塑鋼牙
YMH-T27-A2-S6,FX 半塑鋼前齒-A2 S6,YAMAHACHI,removable-prosthetics,acrylic-teeth,material,approved_rule,legacy_category_rule,YMH-FX,exact_unique,false,,材料,材料,塑鋼牙
YMH-T27-A2-S7,FX 半塑鋼前齒-A2 S7,YAMAHACHI,removable-prosthetics,acrylic-teeth,material,approved_rule,legacy_category_rule,YMH-FX,exact_unique,false,,材料,材料,塑鋼牙
YMH-T27-A2-SS4,FX 半塑鋼前齒-A2 SS4,YAMAHACHI,removable-prosthetics,acrylic-teeth,material,approved_rule,legacy_category_rule,YMH-FX,exact_unique,false,,材料,材料,塑鋼牙
YMH-T27-A2-SS5,FX 半塑鋼前齒-A2 SS5,YAMAHACHI,removable-prosthetics,acrylic-teeth,material,approved_rule,legacy_category_rule,YMH-FX,exact_unique,false,,材料,材料,塑鋼牙
YMH-T27-A2-SS6,FX 半塑鋼前齒-A2 SS6,YAMAHACHI,removable-prosthetics,acrylic-teeth,material,approved_rule,legacy_category_rule,YMH-FX,exact_unique,false,,材料,材料,塑鋼牙
YMH-T27-A2-SS7,FX 半塑鋼前齒-A2 SS7,YAMAHACHI,removable-prosthetics,acrylic-teeth,material,approved_rule,legacy_category_rule,YMH-FX,exact_unique,false,,材料,材料,塑鋼牙
YMH-T27-A2-T4,FX 半塑鋼前齒-A2 T4,YAMAHACHI,removable-prosthetics,acrylic-teeth,material,approved_rule,legacy_category_rule,YMH-FX,exact_unique,false,,材料,材料,塑鋼牙
YMH-T27-A2-T5,FX 半塑鋼前齒-A2 T5,YAMAHACHI,removable-prosthetics,acrylic-teeth,material,approved_rule,legacy_category_rule,YMH-FX,exact_unique,false,,材料,材料,塑鋼牙
YMH-T27-A2-T6,FX 半塑鋼前齒-A2 T6,YAMAHACHI,removable-prosthetics,acrylic-teeth,material,approved_rule,legacy_category_rule,YMH-FX,exact_unique,false,,材料,材料,塑鋼牙
YMH-T27-A2-T7,FX 半塑鋼前齒-A2 T7,YAMAHACHI,removable-prosthetics,acrylic-teeth,material,approved_rule,legacy_category_rule,YMH-FX,exact_unique,false,,材料,材料,塑鋼牙
YMH-T27-A3,FX 半塑鋼前齒-A3,YAMAHACHI,removable-prosthetics,acrylic-teeth,material,approved_rule,legacy_category_rule,,unmatched,false,,材料,材料,塑鋼牙
YMH-T27-A3-C4,FX 半塑鋼前齒-A3 C4,YAMAHACHI,removable-prosthetics,acrylic-teeth,material,approved_rule,legacy_category_rule,YMH-FX,exact_unique,false,,材料,材料,塑鋼牙
YMH-T27-A3-C5,FX 半塑鋼前齒-A3 C5,YAMAHACHI,removable-prosthetics,acrylic-teeth,material,approved_rule,legacy_category_rule,YMH-FX,exact_unique,false,,材料,材料,塑鋼牙
YMH-T27-A3-C6,FX 半塑鋼前齒-A3 C6,YAMAHACHI,removable-prosthetics,acrylic-teeth,material,approved_rule,legacy_category_rule,YMH-FX,exact_unique,false,,材料,材料,塑鋼牙
YMH-T27-A3-C7,FX 半塑鋼前齒-A3 C7,YAMAHACHI,removable-prosthetics,acrylic-teeth,material,approved_rule,legacy_category_rule,YMH-FX,exact_unique,false,,材料,材料,塑鋼牙
YMH-T27-A3-LA4,FX 半塑鋼前齒-A3 LA4,YAMAHACHI,removable-prosthetics,acrylic-teeth,material,approved_rule,legacy_category_rule,YMH-FX,exact_unique,false,,材料,材料,塑鋼牙
YMH-T27-A3-LA5,FX 半塑鋼前齒-A3 LA5,YAMAHACHI,removable-prosthetics,acrylic-teeth,material,approved_rule,legacy_category_rule,YMH-FX,exact_unique,false,,材料,材料,塑鋼牙
YMH-T27-A3-LA6,FX 半塑鋼前齒-A3 LA6,YAMAHACHI,removable-prosthetics,acrylic-teeth,material,approved_rule,legacy_category_rule,YMH-FX,exact_unique,false,,材料,材料,塑鋼牙
YMH-T27-A3-LA7,FX 半塑鋼前齒-A3 LA7,YAMAHACHI,removable-prosthetics,acrylic-teeth,material,approved_rule,legacy_category_rule,YMH-FX,exact_unique,false,,材料,材料,塑鋼牙
YMH-T27-A3-LB4,FX 半塑鋼前齒-A3 LB4,YAMAHACHI,removable-prosthetics,acrylic-teeth,material,approved_rule,legacy_category_rule,YMH-FX,exact_unique,false,,材料,材料,塑鋼牙
YMH-T27-A3-LB5,FX 半塑鋼前齒-A3 LB5,YAMAHACHI,removable-prosthetics,acrylic-teeth,material,approved_rule,legacy_category_rule,YMH-FX,exact_unique,false,,材料,材料,塑鋼牙
YMH-T27-A3-LB6,FX 半塑鋼前齒-A3 LB6,YAMAHACHI,removable-prosthetics,acrylic-teeth,material,approved_rule,legacy_category_rule,YMH-FX,exact_unique,false,,材料,材料,塑鋼牙
YMH-T27-A3-LB7,FX 半塑鋼前齒-A3 LB7,YAMAHACHI,removable-prosthetics,acrylic-teeth,material,approved_rule,legacy_category_rule,YMH-FX,exact_unique,false,,材料,材料,塑鋼牙
YMH-T27-A3-S4,FX 半塑鋼前齒-A3 S4,YAMAHACHI,removable-prosthetics,acrylic-teeth,material,approved_rule,legacy_category_rule,YMH-FX,exact_unique,false,,材料,材料,塑鋼牙
YMH-T27-A3-S5,FX 半塑鋼前齒-A3 S5,YAMAHACHI,removable-prosthetics,acrylic-teeth,material,approved_rule,legacy_category_rule,YMH-FX,exact_unique,false,,材料,材料,塑鋼牙
YMH-T27-A3-S6,FX 半塑鋼前齒-A3 S6,YAMAHACHI,removable-prosthetics,acrylic-teeth,material,approved_rule,legacy_category_rule,YMH-FX,exact_unique,false,,材料,材料,塑鋼牙
YMH-T27-A3-S7,FX 半塑鋼前齒-A3 S7,YAMAHACHI,removable-prosthetics,acrylic-teeth,material,approved_rule,legacy_category_rule,YMH-FX,exact_unique,false,,材料,材料,塑鋼牙
YMH-T27-A3-SS4,FX 半塑鋼前齒-A3 SS4,YAMAHACHI,removable-prosthetics,acrylic-teeth,material,approved_rule,legacy_category_rule,YMH-FX,exact_unique,false,,材料,材料,塑鋼牙
YMH-T27-A3-SS5,FX 半塑鋼前齒-A3 SS5,YAMAHACHI,removable-prosthetics,acrylic-teeth,material,approved_rule,legacy_category_rule,YMH-FX,exact_unique,false,,材料,材料,塑鋼牙
YMH-T27-A3-SS6,FX 半塑鋼前齒-A3 SS6,YAMAHACHI,removable-prosthetics,acrylic-teeth,material,approved_rule,legacy_category_rule,YMH-FX,exact_unique,false,,材料,材料,塑鋼牙
YMH-T27-A3-SS7,FX 半塑鋼前齒-A3 SS7,YAMAHACHI,removable-prosthetics,acrylic-teeth,material,approved_rule,legacy_category_rule,YMH-FX,exact_unique,false,,材料,材料,塑鋼牙
YMH-T27-A3-T4,FX 半塑鋼前齒-A3 T4,YAMAHACHI,removable-prosthetics,acrylic-teeth,material,approved_rule,legacy_category_rule,YMH-FX,exact_unique,false,,材料,材料,塑鋼牙
YMH-T27-A3-T5,FX 半塑鋼前齒-A3 T5,YAMAHACHI,removable-prosthetics,acrylic-teeth,material,approved_rule,legacy_category_rule,YMH-FX,exact_unique,false,,材料,材料,塑鋼牙
YMH-T27-A3-T6,FX 半塑鋼前齒-A3 T6,YAMAHACHI,removable-prosthetics,acrylic-teeth,material,approved_rule,legacy_category_rule,YMH-FX,exact_unique,false,,材料,材料,塑鋼牙
YMH-T27-A3-T7,FX 半塑鋼前齒-A3 T7,YAMAHACHI,removable-prosthetics,acrylic-teeth,material,approved_rule,legacy_category_rule,YMH-FX,exact_unique,false,,材料,材料,塑鋼牙
YMH-T27-A3.5,FX 半塑鋼前齒-A3.5,YAMAHACHI,removable-prosthetics,acrylic-teeth,material,approved_rule,legacy_category_rule,,unmatched,false,,材料,材料,塑鋼牙
YMH-T27-A3.5-C4,FX 半塑鋼前齒-A3.5 C4,YAMAHACHI,removable-prosthetics,acrylic-teeth,material,approved_rule,legacy_category_rule,YMH-FX,exact_unique,false,,材料,材料,塑鋼牙
YMH-T27-A3.5-C5,FX 半塑鋼前齒-A3.5 C5,YAMAHACHI,removable-prosthetics,acrylic-teeth,material,approved_rule,legacy_category_rule,YMH-FX,exact_unique,false,,材料,材料,塑鋼牙
YMH-T27-A3.5-C6,FX 半塑鋼前齒-A3.5 C6,YAMAHACHI,removable-prosthetics,acrylic-teeth,material,approved_rule,legacy_category_rule,YMH-FX,exact_unique,false,,材料,材料,塑鋼牙
YMH-T27-A3.5-C7,FX 半塑鋼前齒-A3.5 C7,YAMAHACHI,removable-prosthetics,acrylic-teeth,material,approved_rule,legacy_category_rule,YMH-FX,exact_unique,false,,材料,材料,塑鋼牙
YMH-T27-A3.5-LA4,FX 半塑鋼前齒-A3.5 LA4,YAMAHACHI,removable-prosthetics,acrylic-teeth,material,approved_rule,legacy_category_rule,YMH-FX,exact_unique,false,,材料,材料,塑鋼牙
YMH-T27-A3.5-LA5,FX 半塑鋼前齒-A3.5 LA5,YAMAHACHI,removable-prosthetics,acrylic-teeth,material,approved_rule,legacy_category_rule,YMH-FX,exact_unique,false,,材料,材料,塑鋼牙
YMH-T27-A3.5-LA6,FX 半塑鋼前齒-A3.5 LA6,YAMAHACHI,removable-prosthetics,acrylic-teeth,material,approved_rule,legacy_category_rule,YMH-FX,exact_unique,false,,材料,材料,塑鋼牙
YMH-T27-A3.5-LA7,FX 半塑鋼前齒-A3.5 LA7,YAMAHACHI,removable-prosthetics,acrylic-teeth,material,approved_rule,legacy_category_rule,YMH-FX,exact_unique,false,,材料,材料,塑鋼牙
YMH-T27-A3.5-LB4,FX 半塑鋼前齒-A3.5 LB4,YAMAHACHI,removable-prosthetics,acrylic-teeth,material,approved_rule,legacy_category_rule,YMH-FX,exact_unique,false,,材料,材料,塑鋼牙
YMH-T27-A3.5-LB5,FX 半塑鋼前齒-A3.5 LB5,YAMAHACHI,removable-prosthetics,acrylic-teeth,material,approved_rule,legacy_category_rule,YMH-FX,exact_unique,false,,材料,材料,塑鋼牙
YMH-T27-A3.5-LB6,FX 半塑鋼前齒-A3.5 LB6,YAMAHACHI,removable-prosthetics,acrylic-teeth,material,approved_rule,legacy_category_rule,YMH-FX,exact_unique,false,,材料,材料,塑鋼牙
YMH-T27-A3.5-LB7,FX 半塑鋼前齒-A3.5 LB7,YAMAHACHI,removable-prosthetics,acrylic-teeth,material,approved_rule,legacy_category_rule,YMH-FX,exact_unique,false,,材料,材料,塑鋼牙
YMH-T27-A3.5-S4,FX 半塑鋼前齒-A3.5 S4,YAMAHACHI,removable-prosthetics,acrylic-teeth,material,approved_rule,legacy_category_rule,YMH-FX,exact_unique,false,,材料,材料,塑鋼牙
YMH-T27-A3.5-S5,FX 半塑鋼前齒-A3.5 S5,YAMAHACHI,removable-prosthetics,acrylic-teeth,material,approved_rule,legacy_category_rule,YMH-FX,exact_unique,false,,材料,材料,塑鋼牙
YMH-T27-A3.5-S6,FX 半塑鋼前齒-A3.5 S6,YAMAHACHI,removable-prosthetics,acrylic-teeth,material,approved_rule,legacy_category_rule,YMH-FX,exact_unique,false,,材料,材料,塑鋼牙
YMH-T27-A3.5-S7,FX 半塑鋼前齒-A3.5 S7,YAMAHACHI,removable-prosthetics,acrylic-teeth,material,approved_rule,legacy_category_rule,YMH-FX,exact_unique,false,,材料,材料,塑鋼牙
YMH-T27-A3.5-SS4,FX 半塑鋼前齒-A3.5 SS4,YAMAHACHI,removable-prosthetics,acrylic-teeth,material,approved_rule,legacy_category_rule,YMH-FX,exact_unique,false,,材料,材料,塑鋼牙
YMH-T27-A3.5-SS5,FX 半塑鋼前齒-A3.5 SS5,YAMAHACHI,removable-prosthetics,acrylic-teeth,material,approved_rule,legacy_category_rule,YMH-FX,exact_unique,false,,材料,材料,塑鋼牙
YMH-T27-A3.5-SS6,FX 半塑鋼前齒-A3.5 SS6,YAMAHACHI,removable-prosthetics,acrylic-teeth,material,approved_rule,legacy_category_rule,YMH-FX,exact_unique,false,,材料,材料,塑鋼牙
YMH-T27-A3.5-SS7,FX 半塑鋼前齒-A3.5 SS7,YAMAHACHI,removable-prosthetics,acrylic-teeth,material,approved_rule,legacy_category_rule,YMH-FX,exact_unique,false,,材料,材料,塑鋼牙
YMH-T27-A3.5-T4,FX 半塑鋼前齒-A3.5 T4,YAMAHACHI,removable-prosthetics,acrylic-teeth,material,approved_rule,legacy_category_rule,YMH-FX,exact_unique,false,,材料,材料,塑鋼牙
YMH-T27-A3.5-T5,FX 半塑鋼前齒-A3.5 T5,YAMAHACHI,removable-prosthetics,acrylic-teeth,material,approved_rule,legacy_category_rule,YMH-FX,exact_unique,false,,材料,材料,塑鋼牙
YMH-T27-A3.5-T6,FX 半塑鋼前齒-A3.5 T6,YAMAHACHI,removable-prosthetics,acrylic-teeth,material,approved_rule,legacy_category_rule,YMH-FX,exact_unique,false,,材料,材料,塑鋼牙
YMH-T27-A3.5-T7,FX 半塑鋼前齒-A3.5 T7,YAMAHACHI,removable-prosthetics,acrylic-teeth,material,approved_rule,legacy_category_rule,YMH-FX,exact_unique,false,,材料,材料,塑鋼牙
YMH-T27-A4,FX 半塑鋼前齒-A4,YAMAHACHI,removable-prosthetics,acrylic-teeth,material,approved_rule,legacy_category_rule,,unmatched,false,,材料,材料,塑鋼牙
YMH-T27-A4-C4,FX 半塑鋼前齒-A4 C4,YAMAHACHI,removable-prosthetics,acrylic-teeth,material,approved_rule,legacy_category_rule,YMH-FX,exact_unique,false,,材料,材料,塑鋼牙
YMH-T27-A4-C5,FX 半塑鋼前齒-A4 C5,YAMAHACHI,removable-prosthetics,acrylic-teeth,material,approved_rule,legacy_category_rule,YMH-FX,exact_unique,false,,材料,材料,塑鋼牙
YMH-T27-A4-C6,FX 半塑鋼前齒-A4 C6,YAMAHACHI,removable-prosthetics,acrylic-teeth,material,approved_rule,legacy_category_rule,YMH-FX,exact_unique,false,,材料,材料,塑鋼牙
YMH-T27-A4-C7,FX 半塑鋼前齒-A4 C7,YAMAHACHI,removable-prosthetics,acrylic-teeth,material,approved_rule,legacy_category_rule,YMH-FX,exact_unique,false,,材料,材料,塑鋼牙
YMH-T27-A4-LA4,FX 半塑鋼前齒-A4 LA4,YAMAHACHI,removable-prosthetics,acrylic-teeth,material,approved_rule,legacy_category_rule,YMH-FX,exact_unique,false,,材料,材料,塑鋼牙
YMH-T27-A4-LA5,FX 半塑鋼前齒-A4 LA5,YAMAHACHI,removable-prosthetics,acrylic-teeth,material,approved_rule,legacy_category_rule,YMH-FX,exact_unique,false,,材料,材料,塑鋼牙
YMH-T27-A4-LA6,FX 半塑鋼前齒-A4 LA6,YAMAHACHI,removable-prosthetics,acrylic-teeth,material,approved_rule,legacy_category_rule,YMH-FX,exact_unique,false,,材料,材料,塑鋼牙
YMH-T27-A4-LA7,FX 半塑鋼前齒-A4 LA7,YAMAHACHI,removable-prosthetics,acrylic-teeth,material,approved_rule,legacy_category_rule,YMH-FX,exact_unique,false,,材料,材料,塑鋼牙
YMH-T27-A4-LB4,FX 半塑鋼前齒-A4 LB4,YAMAHACHI,removable-prosthetics,acrylic-teeth,material,approved_rule,legacy_category_rule,YMH-FX,exact_unique,false,,材料,材料,塑鋼牙
YMH-T27-A4-LB5,FX 半塑鋼前齒-A4 LB5,YAMAHACHI,removable-prosthetics,acrylic-teeth,material,approved_rule,legacy_category_rule,YMH-FX,exact_unique,false,,材料,材料,塑鋼牙
YMH-T27-A4-LB6,FX 半塑鋼前齒-A4 LB6,YAMAHACHI,removable-prosthetics,acrylic-teeth,material,approved_rule,legacy_category_rule,YMH-FX,exact_unique,false,,材料,材料,塑鋼牙
YMH-T27-A4-LB7,FX 半塑鋼前齒-A4 LB7,YAMAHACHI,removable-prosthetics,acrylic-teeth,material,approved_rule,legacy_category_rule,YMH-FX,exact_unique,false,,材料,材料,塑鋼牙
YMH-T27-A4-S4,FX 半塑鋼前齒-A4 S4,YAMAHACHI,removable-prosthetics,acrylic-teeth,material,approved_rule,legacy_category_rule,YMH-FX,exact_unique,false,,材料,材料,塑鋼牙
YMH-T27-A4-S5,FX 半塑鋼前齒-A4 S5,YAMAHACHI,removable-prosthetics,acrylic-teeth,material,approved_rule,legacy_category_rule,YMH-FX,exact_unique,false,,材料,材料,塑鋼牙
YMH-T27-A4-S6,FX 半塑鋼前齒-A4 S6,YAMAHACHI,removable-prosthetics,acrylic-teeth,material,approved_rule,legacy_category_rule,YMH-FX,exact_unique,false,,材料,材料,塑鋼牙
YMH-T27-A4-S7,FX 半塑鋼前齒-A4 S7,YAMAHACHI,removable-prosthetics,acrylic-teeth,material,approved_rule,legacy_category_rule,YMH-FX,exact_unique,false,,材料,材料,塑鋼牙
YMH-T27-A4-SS4,FX 半塑鋼前齒-A4 SS4,YAMAHACHI,removable-prosthetics,acrylic-teeth,material,approved_rule,legacy_category_rule,YMH-FX,exact_unique,false,,材料,材料,塑鋼牙
YMH-T27-A4-SS5,FX 半塑鋼前齒-A4 SS5,YAMAHACHI,removable-prosthetics,acrylic-teeth,material,approved_rule,legacy_category_rule,YMH-FX,exact_unique,false,,材料,材料,塑鋼牙
YMH-T27-A4-SS6,FX 半塑鋼前齒-A4 SS6,YAMAHACHI,removable-prosthetics,acrylic-teeth,material,approved_rule,legacy_category_rule,YMH-FX,exact_unique,false,,材料,材料,塑鋼牙
YMH-T27-A4-SS7,FX 半塑鋼前齒-A4 SS7,YAMAHACHI,removable-prosthetics,acrylic-teeth,material,approved_rule,legacy_category_rule,YMH-FX,exact_unique,false,,材料,材料,塑鋼牙
YMH-T27-A4-T4,FX 半塑鋼前齒-A4 T4,YAMAHACHI,removable-prosthetics,acrylic-teeth,material,approved_rule,legacy_category_rule,YMH-FX,exact_unique,false,,材料,材料,塑鋼牙
YMH-T27-A4-T5,FX 半塑鋼前齒-A4 T5,YAMAHACHI,removable-prosthetics,acrylic-teeth,material,approved_rule,legacy_category_rule,YMH-FX,exact_unique,false,,材料,材料,塑鋼牙
YMH-T27-A4-T6,FX 半塑鋼前齒-A4 T6,YAMAHACHI,removable-prosthetics,acrylic-teeth,material,approved_rule,legacy_category_rule,YMH-FX,exact_unique,false,,材料,材料,塑鋼牙
YMH-T27-A4-T7,FX 半塑鋼前齒-A4 T7,YAMAHACHI,removable-prosthetics,acrylic-teeth,material,approved_rule,legacy_category_rule,YMH-FX,exact_unique,false,,材料,材料,塑鋼牙
YMH-T28-56,FX 半塑鋼前齒綜合-56 (24排),YAMAHACHI,removable-prosthetics,acrylic-teeth,material,approved_rule,legacy_category_rule,YMH-T28,exact_unique,false,,材料,材料,塑鋼牙
YMH-T28-A2,FX 半塑鋼前齒綜合-A2 (24排),YAMAHACHI,removable-prosthetics,acrylic-teeth,material,approved_rule,legacy_category_rule,YMH-T28,exact_unique,false,,材料,材料,塑鋼牙
YMH-T28-A3,FX 半塑鋼前齒綜合-A3 (24排),YAMAHACHI,removable-prosthetics,acrylic-teeth,material,approved_rule,legacy_category_rule,YMH-T28,exact_unique,false,,材料,材料,塑鋼牙
YMH-T28-A3.5,FX 半塑鋼前齒綜合-A3.5 (24排),YAMAHACHI,removable-prosthetics,acrylic-teeth,material,approved_rule,legacy_category_rule,YMH-T28,exact_unique,false,,材料,材料,塑鋼牙
YMH-T28-A4,FX 半塑鋼前齒綜合-A4 (24排),YAMAHACHI,removable-prosthetics,acrylic-teeth,material,approved_rule,legacy_category_rule,YMH-T28,exact_unique,false,,材料,材料,塑鋼牙
YMH-T29-1,FX 半塑鋼臼齒 A2-28,YAMAHACHI,removable-prosthetics,acrylic-teeth,material,approved_rule,legacy_category_rule,,unmatched,false,,材料,材料,塑鋼牙
YMH-T29-2,FX 半塑鋼臼齒 A2-30,YAMAHACHI,removable-prosthetics,acrylic-teeth,material,approved_rule,legacy_category_rule,,unmatched,false,,材料,材料,塑鋼牙
YMH-T29-3,FX 半塑鋼臼齒 A2-32,YAMAHACHI,removable-prosthetics,acrylic-teeth,material,approved_rule,legacy_category_rule,,unmatched,false,,材料,材料,塑鋼牙
YMH-T29-4,FX 半塑鋼臼齒 A2-33,YAMAHACHI,removable-prosthetics,acrylic-teeth,material,approved_rule,legacy_category_rule,,unmatched,false,,材料,材料,塑鋼牙
YMH-T30-1,FX 半塑鋼臼齒 A3-28,YAMAHACHI,removable-prosthetics,acrylic-teeth,material,approved_rule,legacy_category_rule,,unmatched,false,,材料,材料,塑鋼牙
YMH-T30-2,FX 半塑鋼臼齒 A3-30,YAMAHACHI,removable-prosthetics,acrylic-teeth,material,approved_rule,legacy_category_rule,,unmatched,false,,材料,材料,塑鋼牙
YMH-T30-3,FX 半塑鋼臼齒 A3-32,YAMAHACHI,removable-prosthetics,acrylic-teeth,material,approved_rule,legacy_category_rule,,unmatched,false,,材料,材料,塑鋼牙
YMH-T30-4,FX 半塑鋼臼齒 A3-33,YAMAHACHI,removable-prosthetics,acrylic-teeth,material,approved_rule,legacy_category_rule,,unmatched,false,,材料,材料,塑鋼牙
YMH-T30-5,FX 半塑鋼臼齒 A3-34,YAMAHACHI,removable-prosthetics,acrylic-teeth,material,approved_rule,legacy_category_rule,,unmatched,false,,材料,材料,塑鋼牙
YMH-T30-A2-28L,FX 半塑鋼臼齒 A2-28下,YAMAHACHI,removable-prosthetics,acrylic-teeth,material,approved_rule,legacy_category_rule,YMH-FXP,exact_unique,false,,材料,材料,塑鋼牙
YMH-T30-A2-28U,FX 半塑鋼臼齒 A2-28上,YAMAHACHI,removable-prosthetics,acrylic-teeth,material,approved_rule,legacy_category_rule,YMH-FXP,exact_unique,false,,材料,材料,塑鋼牙
YMH-T30-A2-30L,FX 半塑鋼臼齒 A2-30下,YAMAHACHI,removable-prosthetics,acrylic-teeth,material,approved_rule,legacy_category_rule,YMH-FXP,exact_unique,false,,材料,材料,塑鋼牙
YMH-T30-A2-30U,FX 半塑鋼臼齒 A2-30上,YAMAHACHI,removable-prosthetics,acrylic-teeth,material,approved_rule,legacy_category_rule,YMH-FXP,exact_unique,false,,材料,材料,塑鋼牙
YMH-T30-A2-32L,FX 半塑鋼臼齒 A2-32下,YAMAHACHI,removable-prosthetics,acrylic-teeth,material,approved_rule,legacy_category_rule,YMH-FXP,exact_unique,false,,材料,材料,塑鋼牙
YMH-T30-A2-32U,FX 半塑鋼臼齒 A2-32上,YAMAHACHI,removable-prosthetics,acrylic-teeth,material,approved_rule,legacy_category_rule,YMH-FXP,exact_unique,false,,材料,材料,塑鋼牙
YMH-T30-A2-33L,FX 半塑鋼臼齒 A2-33下,YAMAHACHI,removable-prosthetics,acrylic-teeth,material,approved_rule,legacy_category_rule,YMH-FXP,exact_unique,false,,材料,材料,塑鋼牙
YMH-T30-A2-33U,FX 半塑鋼臼齒 A2-33上,YAMAHACHI,removable-prosthetics,acrylic-teeth,material,approved_rule,legacy_category_rule,YMH-FXP,exact_unique,false,,材料,材料,塑鋼牙
YMH-T30-A2-34L,FX 半塑鋼臼齒 A2-34下,YAMAHACHI,removable-prosthetics,acrylic-teeth,material,approved_rule,legacy_category_rule,YMH-FXP,exact_unique,false,,材料,材料,塑鋼牙
YMH-T30-A2-34U,FX 半塑鋼臼齒 A2-34上,YAMAHACHI,removable-prosthetics,acrylic-teeth,material,approved_rule,legacy_category_rule,YMH-FXP,exact_unique,false,,材料,材料,塑鋼牙
YMH-T30-A3-28L,FX 半塑鋼臼齒 A3-28下,YAMAHACHI,removable-prosthetics,acrylic-teeth,material,approved_rule,legacy_category_rule,YMH-FXP,exact_unique,false,,材料,材料,塑鋼牙
YMH-T30-A3-28U,FX 半塑鋼臼齒 A3-28上,YAMAHACHI,removable-prosthetics,acrylic-teeth,material,approved_rule,legacy_category_rule,YMH-FXP,exact_unique,false,,材料,材料,塑鋼牙
YMH-T30-A3-30L,FX 半塑鋼臼齒 A3-30下,YAMAHACHI,removable-prosthetics,acrylic-teeth,material,approved_rule,legacy_category_rule,YMH-FXP,exact_unique,false,,材料,材料,塑鋼牙
YMH-T30-A3-30U,FX 半塑鋼臼齒 A3-30上,YAMAHACHI,removable-prosthetics,acrylic-teeth,material,approved_rule,legacy_category_rule,YMH-FXP,exact_unique,false,,材料,材料,塑鋼牙
YMH-T30-A3-32L,FX 半塑鋼臼齒 A3-32下,YAMAHACHI,removable-prosthetics,acrylic-teeth,material,approved_rule,legacy_category_rule,YMH-FXP,exact_unique,false,,材料,材料,塑鋼牙
YMH-T30-A3-32U,FX 半塑鋼臼齒 A3-32上,YAMAHACHI,removable-prosthetics,acrylic-teeth,material,approved_rule,legacy_category_rule,YMH-FXP,exact_unique,false,,材料,材料,塑鋼牙
YMH-T30-A3-33L,FX 半塑鋼臼齒 A3-33下,YAMAHACHI,removable-prosthetics,acrylic-teeth,material,approved_rule,legacy_category_rule,YMH-FXP,exact_unique,false,,材料,材料,塑鋼牙
YMH-T30-A3-33U,FX 半塑鋼臼齒 A3-33上,YAMAHACHI,removable-prosthetics,acrylic-teeth,material,approved_rule,legacy_category_rule,YMH-FXP,exact_unique,false,,材料,材料,塑鋼牙
YMH-T30-A3-34L,FX 半塑鋼臼齒 A3-34下,YAMAHACHI,removable-prosthetics,acrylic-teeth,material,approved_rule,legacy_category_rule,YMH-FXP,exact_unique,false,,材料,材料,塑鋼牙
YMH-T30-A3-34U,FX 半塑鋼臼齒 A3-34上,YAMAHACHI,removable-prosthetics,acrylic-teeth,material,approved_rule,legacy_category_rule,YMH-FXP,exact_unique,false,,材料,材料,塑鋼牙
YMH-T30-A3-36L,FX 半塑鋼臼齒 A3-36下,YAMAHACHI,removable-prosthetics,acrylic-teeth,material,approved_rule,legacy_category_rule,YMH-FXP,exact_unique,false,,材料,材料,塑鋼牙
YMH-T30-A3-36U,FX 半塑鋼臼齒 A3-36上,YAMAHACHI,removable-prosthetics,acrylic-teeth,material,approved_rule,legacy_category_rule,YMH-FXP,exact_unique,false,,材料,材料,塑鋼牙
YMH-T30-A3.5-28L,FX 半塑鋼臼齒 A3.5-28下,YAMAHACHI,removable-prosthetics,acrylic-teeth,material,approved_rule,legacy_category_rule,YMH-FXP,exact_unique,false,,材料,材料,塑鋼牙
YMH-T30-A3.5-28U,FX 半塑鋼臼齒 A3.5-28上,YAMAHACHI,removable-prosthetics,acrylic-teeth,material,approved_rule,legacy_category_rule,YMH-FXP,exact_unique,false,,材料,材料,塑鋼牙
YMH-T30-A3.5-30L,FX 半塑鋼臼齒 A3.5-30下,YAMAHACHI,removable-prosthetics,acrylic-teeth,material,approved_rule,legacy_category_rule,YMH-FXP,exact_unique,false,,材料,材料,塑鋼牙
YMH-T30-A3.5-30U,FX 半塑鋼臼齒 A3.5-30上,YAMAHACHI,removable-prosthetics,acrylic-teeth,material,approved_rule,legacy_category_rule,YMH-FXP,exact_unique,false,,材料,材料,塑鋼牙
YMH-T30-A3.5-32L,FX 半塑鋼臼齒 A3.5-32下,YAMAHACHI,removable-prosthetics,acrylic-teeth,material,approved_rule,legacy_category_rule,YMH-FXP,exact_unique,false,,材料,材料,塑鋼牙
YMH-T30-A3.5-32U,FX 半塑鋼臼齒 A3.5-32上,YAMAHACHI,removable-prosthetics,acrylic-teeth,material,approved_rule,legacy_category_rule,YMH-FXP,exact_unique,false,,材料,材料,塑鋼牙
YMH-T30-A3.5-33L,FX 半塑鋼臼齒 A3.5-33下,YAMAHACHI,removable-prosthetics,acrylic-teeth,material,approved_rule,legacy_category_rule,YMH-FXP,exact_unique,false,,材料,材料,塑鋼牙
YMH-T30-A3.5-33U,FX 半塑鋼臼齒 A3.5-33上,YAMAHACHI,removable-prosthetics,acrylic-teeth,material,approved_rule,legacy_category_rule,YMH-FXP,exact_unique,false,,材料,材料,塑鋼牙
YMH-T30-A3.5-34L,FX 半塑鋼臼齒 A3.5-34下,YAMAHACHI,removable-prosthetics,acrylic-teeth,material,approved_rule,legacy_category_rule,YMH-FXP,exact_unique,false,,材料,材料,塑鋼牙
YMH-T30-A3.5-34U,FX 半塑鋼臼齒 A3.5-34上,YAMAHACHI,removable-prosthetics,acrylic-teeth,material,approved_rule,legacy_category_rule,YMH-FXP,exact_unique,false,,材料,材料,塑鋼牙
YMH-T30-A4-34L,FX 半塑鋼臼齒 A4-34下,YAMAHACHI,removable-prosthetics,acrylic-teeth,material,approved_rule,legacy_category_rule,,unmatched,false,,材料,材料,塑鋼牙
YMH-T30-A4-34U,FX 半塑鋼臼齒 A4-34上,YAMAHACHI,removable-prosthetics,acrylic-teeth,material,approved_rule,legacy_category_rule,,unmatched,false,,材料,材料,塑鋼牙
YMH-T31-1,FX 半塑鋼臼齒 A3.5-28,YAMAHACHI,removable-prosthetics,acrylic-teeth,material,approved_rule,legacy_category_rule,,unmatched,false,,材料,材料,塑鋼牙
YMH-T31-2,FX 半塑鋼臼齒 A3.5-30,YAMAHACHI,removable-prosthetics,acrylic-teeth,material,approved_rule,legacy_category_rule,,unmatched,false,,材料,材料,塑鋼牙
YMH-T31-3,FX 半塑鋼臼齒 A3.5-32,YAMAHACHI,removable-prosthetics,acrylic-teeth,material,approved_rule,legacy_category_rule,,unmatched,false,,材料,材料,塑鋼牙
YMH-T31-4,FX 半塑鋼臼齒 A3.5-33,YAMAHACHI,removable-prosthetics,acrylic-teeth,material,approved_rule,legacy_category_rule,,unmatched,false,,材料,材料,塑鋼牙
YMH-T32-1,FX 半塑鋼臼齒 A4-28,YAMAHACHI,removable-prosthetics,acrylic-teeth,material,approved_rule,legacy_category_rule,,unmatched,false,,材料,材料,塑鋼牙
YMH-T32-2,FX 半塑鋼臼齒 A4-30,YAMAHACHI,removable-prosthetics,acrylic-teeth,material,approved_rule,legacy_category_rule,,unmatched,false,,材料,材料,塑鋼牙
YMH-T32-3,FX 半塑鋼臼齒 A4-32,YAMAHACHI,removable-prosthetics,acrylic-teeth,material,approved_rule,legacy_category_rule,,unmatched,false,,材料,材料,塑鋼牙
YMH-T32-4,FX 半塑鋼臼齒 A4-33,YAMAHACHI,removable-prosthetics,acrylic-teeth,material,approved_rule,legacy_category_rule,,unmatched,false,,材料,材料,塑鋼牙
YMH-T32-A4-28L,FX 半塑鋼臼齒 A4-28下,YAMAHACHI,removable-prosthetics,acrylic-teeth,material,approved_rule,legacy_category_rule,YMH-FXP,exact_unique,false,,材料,材料,塑鋼牙
YMH-T32-A4-28U,FX 半塑鋼臼齒 A4-28上,YAMAHACHI,removable-prosthetics,acrylic-teeth,material,approved_rule,legacy_category_rule,YMH-FXP,exact_unique,false,,材料,材料,塑鋼牙
YMH-T32-A4-30L,FX 半塑鋼臼齒 A4-30下,YAMAHACHI,removable-prosthetics,acrylic-teeth,material,approved_rule,legacy_category_rule,,unmatched,false,,材料,材料,塑鋼牙
YMH-T32-A4-30U,FX 半塑鋼臼齒 A4-30上,YAMAHACHI,removable-prosthetics,acrylic-teeth,material,approved_rule,legacy_category_rule,,unmatched,false,,材料,材料,塑鋼牙
YMH-T32-A4-32L,FX 半塑鋼臼齒 A4-32下,YAMAHACHI,removable-prosthetics,acrylic-teeth,material,approved_rule,legacy_category_rule,,unmatched,false,,材料,材料,塑鋼牙
YMH-T32-A4-32U,FX 半塑鋼臼齒 A4-32上,YAMAHACHI,removable-prosthetics,acrylic-teeth,material,approved_rule,legacy_category_rule,,unmatched,false,,材料,材料,塑鋼牙
YMH-T32-A4-33L,FX 半塑鋼臼齒 A4-33下,YAMAHACHI,removable-prosthetics,acrylic-teeth,material,approved_rule,legacy_category_rule,,unmatched,false,,材料,材料,塑鋼牙
YMH-T32-A4-33U,FX 半塑鋼臼齒 A4-33上,YAMAHACHI,removable-prosthetics,acrylic-teeth,material,approved_rule,legacy_category_rule,,unmatched,false,,材料,材料,塑鋼牙
YMH-T33-55,MILLION 塑脂前齒-55,YAMAHACHI,removable-prosthetics,acrylic-teeth,material,approved_rule,legacy_category_rule,YMH-T33,exact_unique,false,,材料,材料,塑鋼牙
YMH-T33-56,MILLION 塑脂前齒-56,YAMAHACHI,removable-prosthetics,acrylic-teeth,material,approved_rule,legacy_category_rule,YMH-T33,exact_unique,false,,材料,材料,塑鋼牙
YMH-T34-2,FX 半塑鋼臼齒 A1-30,YAMAHACHI,removable-prosthetics,acrylic-teeth,material,approved_rule,legacy_category_rule,,unmatched,false,,材料,材料,塑鋼牙
YMH-T34-3,FX 半塑鋼臼齒 A1-32,YAMAHACHI,removable-prosthetics,acrylic-teeth,material,approved_rule,legacy_category_rule,,unmatched,false,,材料,材料,塑鋼牙
YMH-T34-4,FX 半塑鋼臼齒 A1-33,YAMAHACHI,removable-prosthetics,acrylic-teeth,material,approved_rule,legacy_category_rule,,unmatched,false,,材料,材料,塑鋼牙
YMH-T35-1,MILLION 塑脂臼齒 3-28,YAMAHACHI,removable-prosthetics,acrylic-teeth,material,approved_rule,legacy_category_rule,,unmatched,false,,材料,材料,塑鋼牙
YMH-T35-2,MILLION 塑脂臼齒 3-29,YAMAHACHI,removable-prosthetics,acrylic-teeth,material,approved_rule,legacy_category_rule,,unmatched,false,,材料,材料,塑鋼牙
YMH-T35-3,MILLION 塑脂臼齒 3-30,YAMAHACHI,removable-prosthetics,acrylic-teeth,material,approved_rule,legacy_category_rule,,unmatched,false,,材料,材料,塑鋼牙
YMH-T35-4,MILLION 塑脂臼齒 3-31,YAMAHACHI,removable-prosthetics,acrylic-teeth,material,approved_rule,legacy_category_rule,,unmatched,false,,材料,材料,塑鋼牙
YMH-T35-5,MILLION 塑脂臼齒 3-32,YAMAHACHI,removable-prosthetics,acrylic-teeth,material,approved_rule,legacy_category_rule,,unmatched,false,,材料,材料,塑鋼牙
YMH-T36-1,MILLION 塑脂臼齒 4-28,YAMAHACHI,removable-prosthetics,acrylic-teeth,material,approved_rule,legacy_category_rule,,unmatched,false,,材料,材料,塑鋼牙
YMH-T36-2,MILLION 塑脂臼齒 4-29,YAMAHACHI,removable-prosthetics,acrylic-teeth,material,approved_rule,legacy_category_rule,,unmatched,false,,材料,材料,塑鋼牙
YMH-T36-3,MILLION 塑脂臼齒 4-30,YAMAHACHI,removable-prosthetics,acrylic-teeth,material,approved_rule,legacy_category_rule,,unmatched,false,,材料,材料,塑鋼牙
YMH-T36-4,MILLION 塑脂臼齒 4-31,YAMAHACHI,removable-prosthetics,acrylic-teeth,material,approved_rule,legacy_category_rule,,unmatched,false,,材料,材料,塑鋼牙
YMH-T36-5,MILLION 塑脂臼齒 4-32,YAMAHACHI,removable-prosthetics,acrylic-teeth,material,approved_rule,legacy_category_rule,,unmatched,false,,材料,材料,塑鋼牙
YMH-T37-1,MILLION 塑脂臼齒單顆 4-29 (50顆),YAMAHACHI,removable-prosthetics,acrylic-teeth,material,approved_rule,legacy_category_rule,,unmatched,false,,材料,材料,塑鋼牙
YMH-T37-2,MILLION 塑脂臼齒單顆 4-30 (50顆),YAMAHACHI,removable-prosthetics,acrylic-teeth,material,approved_rule,legacy_category_rule,,unmatched,false,,材料,材料,塑鋼牙
YMH-T37-3,MILLION 塑脂臼齒單顆 4-31 (50顆),YAMAHACHI,removable-prosthetics,acrylic-teeth,material,approved_rule,legacy_category_rule,,unmatched,false,,材料,材料,塑鋼牙
YMH-T37-4,MILLION 塑脂臼齒單顆 4-32 (50顆),YAMAHACHI,removable-prosthetics,acrylic-teeth,material,approved_rule,legacy_category_rule,,unmatched,false,,材料,材料,塑鋼牙
YMH-T38-1,MILLION 細窄型前齒-4 (10顆),YAMAHACHI,removable-prosthetics,acrylic-teeth,material,approved_rule,legacy_category_rule,YMH-T38,exact_unique,false,,材料,材料,塑鋼牙
YMH-T38-2,MILLION 細窄型臼齒-4 (8顆),YAMAHACHI,removable-prosthetics,acrylic-teeth,material,approved_rule,legacy_category_rule,,unmatched,false,,材料,材料,塑鋼牙
YMH-T38-3,MILLION 扁平型臼齒-4,YAMAHACHI,removable-prosthetics,acrylic-teeth,material,approved_rule,legacy_category_rule,,unmatched,false,,材料,材料,塑鋼牙
YMH-T40-1,AC 半塑鋼臼齒 A2-34,YAMAHACHI,removable-prosthetics,acrylic-teeth,material,approved_rule,legacy_category_rule,,unmatched,false,,材料,材料,塑鋼牙
YMH-T40-A2-32L,AC 半塑鋼臼齒 A2-32下,YAMAHACHI,removable-prosthetics,acrylic-teeth,material,approved_rule,legacy_category_rule,YMH-ACP,exact_unique,false,,材料,材料,塑鋼牙
YMH-T40-A2-32U,AC 半塑鋼臼齒 A2-32上,YAMAHACHI,removable-prosthetics,acrylic-teeth,material,approved_rule,legacy_category_rule,YMH-ACP,exact_unique,false,,材料,材料,塑鋼牙
YMH-T40-A2-34L,AC 半塑鋼臼齒 A2-34下,YAMAHACHI,removable-prosthetics,acrylic-teeth,material,approved_rule,legacy_category_rule,YMH-ACP,exact_unique,false,,材料,材料,塑鋼牙
YMH-T40-A2-34U,AC 半塑鋼臼齒 A2-34上,YAMAHACHI,removable-prosthetics,acrylic-teeth,material,approved_rule,legacy_category_rule,YMH-ACP,exact_unique,false,,材料,材料,塑鋼牙
YMH-T41-1,AC 半塑鋼臼齒 A3-34,YAMAHACHI,removable-prosthetics,acrylic-teeth,material,approved_rule,legacy_category_rule,,unmatched,false,,材料,材料,塑鋼牙
YMH-T41-2,AC 半塑鋼臼齒 A3-32,YAMAHACHI,removable-prosthetics,acrylic-teeth,material,approved_rule,legacy_category_rule,,unmatched,false,,材料,材料,塑鋼牙
YMH-T41-3,AC 半塑鋼臼齒 A3-36,YAMAHACHI,removable-prosthetics,acrylic-teeth,material,approved_rule,legacy_category_rule,,unmatched,false,,材料,材料,塑鋼牙
YMH-T41-A3-32L,AC 半塑鋼臼齒 A3-32下,YAMAHACHI,removable-prosthetics,acrylic-teeth,material,approved_rule,legacy_category_rule,YMH-ACP,exact_unique,false,,材料,材料,塑鋼牙
YMH-T41-A3-32U,AC 半塑鋼臼齒 A3-32上,YAMAHACHI,removable-prosthetics,acrylic-teeth,material,approved_rule,legacy_category_rule,YMH-ACP,exact_unique,false,,材料,材料,塑鋼牙
YMH-T41-A3-34L,AC 半塑鋼臼齒 A3-34下,YAMAHACHI,removable-prosthetics,acrylic-teeth,material,approved_rule,legacy_category_rule,YMH-ACP,exact_unique,false,,材料,材料,塑鋼牙
YMH-T41-A3-34U,AC 半塑鋼臼齒 A3-34上,YAMAHACHI,removable-prosthetics,acrylic-teeth,material,approved_rule,legacy_category_rule,YMH-ACP,exact_unique,false,,材料,材料,塑鋼牙
YMH-T41-A3-36L,AC 半塑鋼臼齒 A3-36下,YAMAHACHI,removable-prosthetics,acrylic-teeth,material,approved_rule,legacy_category_rule,YMH-ACP,exact_unique,false,,材料,材料,塑鋼牙
YMH-T41-A3-36U,AC 半塑鋼臼齒 A3-36上,YAMAHACHI,removable-prosthetics,acrylic-teeth,material,approved_rule,legacy_category_rule,YMH-ACP,exact_unique,false,,材料,材料,塑鋼牙
YMH-T41-A3.5-32L,AC 半塑鋼臼齒 A3.5-32下,YAMAHACHI,removable-prosthetics,acrylic-teeth,material,approved_rule,legacy_category_rule,YMH-ACP,exact_unique,false,,材料,材料,塑鋼牙
YMH-T41-A3.5-32U,AC 半塑鋼臼齒 A3.5-32上,YAMAHACHI,removable-prosthetics,acrylic-teeth,material,approved_rule,legacy_category_rule,YMH-ACP,exact_unique,false,,材料,材料,塑鋼牙
YMH-T41-A3.5-34L,AC 半塑鋼臼齒 A3.5-34下,YAMAHACHI,removable-prosthetics,acrylic-teeth,material,approved_rule,legacy_category_rule,YMH-ACP,exact_unique,false,,材料,材料,塑鋼牙
YMH-T41-A3.5-34U,AC 半塑鋼臼齒 A3.5-34上,YAMAHACHI,removable-prosthetics,acrylic-teeth,material,approved_rule,legacy_category_rule,YMH-ACP,exact_unique,false,,材料,材料,塑鋼牙
YMH-T41-A4-32L,AC 半塑鋼臼齒 A4-32下,YAMAHACHI,removable-prosthetics,acrylic-teeth,material,approved_rule,legacy_category_rule,YMH-ACP,exact_unique,false,,材料,材料,塑鋼牙
YMH-T41-A4-32U,AC 半塑鋼臼齒 A4-32上,YAMAHACHI,removable-prosthetics,acrylic-teeth,material,approved_rule,legacy_category_rule,YMH-ACP,exact_unique,false,,材料,材料,塑鋼牙
YMH-T41-A4-34L,AC 半塑鋼臼齒 A4-34下,YAMAHACHI,removable-prosthetics,acrylic-teeth,material,approved_rule,legacy_category_rule,YMH-ACP,exact_unique,false,,材料,材料,塑鋼牙
YMH-T41-A4-34U,AC 半塑鋼臼齒 A4-34上,YAMAHACHI,removable-prosthetics,acrylic-teeth,material,approved_rule,legacy_category_rule,YMH-ACP,exact_unique,false,,材料,材料,塑鋼牙
YMH-T42-1,AC 半塑鋼臼齒 A3.5-34,YAMAHACHI,removable-prosthetics,acrylic-teeth,material,approved_rule,legacy_category_rule,,unmatched,false,,材料,材料,塑鋼牙
YMH-T42-2,AC 半塑鋼臼齒 A3.5-32,YAMAHACHI,removable-prosthetics,acrylic-teeth,material,approved_rule,legacy_category_rule,,unmatched,false,,材料,材料,塑鋼牙
YMH-T43-1,EFC-P 塑鋼臼齒 56-32,YAMAHACHI,removable-prosthetics,acrylic-teeth,material,approved_rule,legacy_category_rule,,unmatched,false,,材料,材料,塑鋼牙
YMH-T43-2,EFC-P 塑鋼臼齒 56-30,YAMAHACHI,removable-prosthetics,acrylic-teeth,material,approved_rule,legacy_category_rule,,unmatched,false,,材料,材料,塑鋼牙
YMH-T44-1,AC 半塑鋼臼齒 A4-34,YAMAHACHI,removable-prosthetics,acrylic-teeth,material,approved_rule,legacy_category_rule,,unmatched,false,,材料,材料,塑鋼牙
YMH-T44-1-LL6,AC 半塑鋼臼齒 A3-32 左下6,YAMAHACHI,removable-prosthetics,acrylic-teeth,material,approved_rule,legacy_category_rule,,unmatched,false,,材料,材料,塑鋼牙
YMH-T44-1-LL6-1,AC 半塑鋼臼齒 A3-34 左下6(20顆),YAMAHACHI,removable-prosthetics,acrylic-teeth,material,approved_rule,legacy_category_rule,,unmatched,false,,材料,材料,塑鋼牙
YMH-T44-1-LL7,AC 半塑鋼臼齒 A3-32 左下7,YAMAHACHI,removable-prosthetics,acrylic-teeth,material,approved_rule,legacy_category_rule,,unmatched,false,,材料,材料,塑鋼牙
YMH-T44-1-LU6,AC 半塑鋼臼齒 A3-32 左上6,YAMAHACHI,removable-prosthetics,acrylic-teeth,material,approved_rule,legacy_category_rule,,unmatched,false,,材料,材料,塑鋼牙
YMH-T44-1-LU6-1,AC 半塑鋼臼齒 A3-34 左上6(20顆),YAMAHACHI,removable-prosthetics,acrylic-teeth,material,approved_rule,legacy_category_rule,,unmatched,false,,材料,材料,塑鋼牙
YMH-T44-1-LU7,AC 半塑鋼臼齒 A3-32 左上7,YAMAHACHI,removable-prosthetics,acrylic-teeth,material,approved_rule,legacy_category_rule,,unmatched,false,,材料,材料,塑鋼牙
YMH-T44-1-RL6,AC 半塑鋼臼齒 A3-32 右下6,YAMAHACHI,removable-prosthetics,acrylic-teeth,material,approved_rule,legacy_category_rule,,unmatched,false,,材料,材料,塑鋼牙
YMH-T44-1-RL6-1,AC 半塑鋼臼齒 A3-34 右下6(20顆),YAMAHACHI,removable-prosthetics,acrylic-teeth,material,approved_rule,legacy_category_rule,,unmatched,false,,材料,材料,塑鋼牙
YMH-T44-1-RL7,AC 半塑鋼臼齒 A3-32 右下7,YAMAHACHI,removable-prosthetics,acrylic-teeth,material,approved_rule,legacy_category_rule,,unmatched,false,,材料,材料,塑鋼牙
YMH-T44-1-RU6,AC 半塑鋼臼齒 A3-32 右上6,YAMAHACHI,removable-prosthetics,acrylic-teeth,material,approved_rule,legacy_category_rule,,unmatched,false,,材料,材料,塑鋼牙
YMH-T44-1-RU6-1,AC 半塑鋼臼齒 A3-34 右上6(20顆),YAMAHACHI,removable-prosthetics,acrylic-teeth,material,approved_rule,legacy_category_rule,,unmatched,false,,材料,材料,塑鋼牙
YMH-T44-1-RU7,AC 半塑鋼臼齒 A3-32 右上7,YAMAHACHI,removable-prosthetics,acrylic-teeth,material,approved_rule,legacy_category_rule,,unmatched,false,,材料,材料,塑鋼牙
YMH-T44-2-LL4,AC 半塑鋼臼齒 A3-34 左下4,YAMAHACHI,removable-prosthetics,acrylic-teeth,material,approved_rule,legacy_category_rule,,unmatched,false,,材料,材料,塑鋼牙
YMH-T44-2-LL4-1,AC 半塑鋼臼齒 A3-34 左下4(20顆),YAMAHACHI,removable-prosthetics,acrylic-teeth,material,approved_rule,legacy_category_rule,,unmatched,false,,材料,材料,塑鋼牙
YMH-T44-2-LL5,AC 半塑鋼臼齒 A3-34 左下5,YAMAHACHI,removable-prosthetics,acrylic-teeth,material,approved_rule,legacy_category_rule,,unmatched,false,,材料,材料,塑鋼牙
YMH-T44-2-LL5-1,AC 半塑鋼臼齒 A3-34 左下5(20顆),YAMAHACHI,removable-prosthetics,acrylic-teeth,material,approved_rule,legacy_category_rule,,unmatched,false,,材料,材料,塑鋼牙
YMH-T44-2-LU4,AC 半塑鋼臼齒 A3-34 左上4,YAMAHACHI,removable-prosthetics,acrylic-teeth,material,approved_rule,legacy_category_rule,,unmatched,false,,材料,材料,塑鋼牙
YMH-T44-2-LU4-1,AC 半塑鋼臼齒 A3-34 左上4(20顆),YAMAHACHI,removable-prosthetics,acrylic-teeth,material,approved_rule,legacy_category_rule,,unmatched,false,,材料,材料,塑鋼牙
YMH-T44-2-LU5,AC 半塑鋼臼齒 A3-34 左上5,YAMAHACHI,removable-prosthetics,acrylic-teeth,material,approved_rule,legacy_category_rule,,unmatched,false,,材料,材料,塑鋼牙
YMH-T44-2-LU5-1,AC 半塑鋼臼齒 A3-34 左上5(20顆),YAMAHACHI,removable-prosthetics,acrylic-teeth,material,approved_rule,legacy_category_rule,,unmatched,false,,材料,材料,塑鋼牙
YMH-T44-2-RL4,AC 半塑鋼臼齒 A3-34 右下4,YAMAHACHI,removable-prosthetics,acrylic-teeth,material,approved_rule,legacy_category_rule,,unmatched,false,,材料,材料,塑鋼牙
YMH-T44-2-RL4-1,AC 半塑鋼臼齒 A3-34 右下4(20顆),YAMAHACHI,removable-prosthetics,acrylic-teeth,material,approved_rule,legacy_category_rule,,unmatched,false,,材料,材料,塑鋼牙
YMH-T44-2-RL5,AC 半塑鋼臼齒 A3-34 右下5,YAMAHACHI,removable-prosthetics,acrylic-teeth,material,approved_rule,legacy_category_rule,,unmatched,false,,材料,材料,塑鋼牙
YMH-T44-2-RL5-1,AC 半塑鋼臼齒 A3-34 右下5(20顆),YAMAHACHI,removable-prosthetics,acrylic-teeth,material,approved_rule,legacy_category_rule,,unmatched,false,,材料,材料,塑鋼牙
YMH-T44-2-RU4,AC 半塑鋼臼齒 A3-34 右上4,YAMAHACHI,removable-prosthetics,acrylic-teeth,material,approved_rule,legacy_category_rule,,unmatched,false,,材料,材料,塑鋼牙
YMH-T44-2-RU4-1,AC 半塑鋼臼齒 A3-34 右上4(20顆),YAMAHACHI,removable-prosthetics,acrylic-teeth,material,approved_rule,legacy_category_rule,,unmatched,false,,材料,材料,塑鋼牙
YMH-T44-2-RU5,AC 半塑鋼臼齒 A3-34 右上5,YAMAHACHI,removable-prosthetics,acrylic-teeth,material,approved_rule,legacy_category_rule,,unmatched,false,,材料,材料,塑鋼牙
YMH-T44-2-RU5-1,AC 半塑鋼臼齒 A3-34 右上5(20顆),YAMAHACHI,removable-prosthetics,acrylic-teeth,material,approved_rule,legacy_category_rule,,unmatched,false,,材料,材料,塑鋼牙
YMH-T45,FX半塑鋼(4排/全口),YAMAHACHI,fixed-restorative,ceramic-material,material,approved_rule,legacy_category_rule,,unmatched,false,,材料,材料,瓷粉 / 陶瓷
YMH-T45-1,AC 半塑鋼臼齒 A1-34,YAMAHACHI,removable-prosthetics,acrylic-teeth,material,approved_rule,legacy_category_rule,,unmatched,false,,材料,材料,塑鋼牙
YMH-T46,MILLION 塑脂全口,YAMAHACHI,removable-prosthetics,acrylic-teeth,material,approved_rule,legacy_category_rule,,unmatched,false,,材料,材料,塑鋼牙
YMH-T47,MILLION 塑脂牙,YAMAHACHI,removable-prosthetics,acrylic-teeth,material,approved_rule,legacy_category_rule,,unmatched,false,,材料,材料,塑鋼牙
YMH-T47-3,FX 半塑鋼臼齒 56-32,YAMAHACHI,removable-prosthetics,acrylic-teeth,material,approved_rule,legacy_category_rule,,unmatched,false,,材料,材料,塑鋼牙
YMH-T48-32-LL6,FX 半塑鋼臼齒 A3-32 左下6,YAMAHACHI,removable-prosthetics,acrylic-teeth,material,approved_rule,legacy_category_rule,,unmatched,false,,材料,材料,塑鋼牙
YMH-T48-32-LL6-1,FX 半塑鋼臼齒 A3-32 左下6(20顆),YAMAHACHI,removable-prosthetics,acrylic-teeth,material,approved_rule,legacy_category_rule,,unmatched,false,,材料,材料,塑鋼牙
YMH-T48-32-LL7,FX 半塑鋼臼齒 A3-32 左下7,YAMAHACHI,removable-prosthetics,acrylic-teeth,material,approved_rule,legacy_category_rule,,unmatched,false,,材料,材料,塑鋼牙
YMH-T48-32-LU6,FX 半塑鋼臼齒 A3-32 左上6,YAMAHACHI,removable-prosthetics,acrylic-teeth,material,approved_rule,legacy_category_rule,,unmatched,false,,材料,材料,塑鋼牙
YMH-T48-32-LU6-1,FX 半塑鋼臼齒 A3-32 左上6(20顆),YAMAHACHI,removable-prosthetics,acrylic-teeth,material,approved_rule,legacy_category_rule,,unmatched,false,,材料,材料,塑鋼牙
YMH-T48-32-LU7,FX 半塑鋼臼齒 A3-32 左上7,YAMAHACHI,removable-prosthetics,acrylic-teeth,material,approved_rule,legacy_category_rule,,unmatched,false,,材料,材料,塑鋼牙
YMH-T48-32-RL6,FX 半塑鋼臼齒 A3-32 右下6,YAMAHACHI,removable-prosthetics,acrylic-teeth,material,approved_rule,legacy_category_rule,,unmatched,false,,材料,材料,塑鋼牙
YMH-T48-32-RL6-1,FX 半塑鋼臼齒 A3-32 右下6(20顆),YAMAHACHI,removable-prosthetics,acrylic-teeth,material,approved_rule,legacy_category_rule,,unmatched,false,,材料,材料,塑鋼牙
YMH-T48-32-RL7,FX 半塑鋼臼齒 A3-32 右下7,YAMAHACHI,removable-prosthetics,acrylic-teeth,material,approved_rule,legacy_category_rule,,unmatched,false,,材料,材料,塑鋼牙
YMH-T48-32-RU6,FX 半塑鋼臼齒 A3-32 右上6,YAMAHACHI,removable-prosthetics,acrylic-teeth,material,approved_rule,legacy_category_rule,,unmatched,false,,材料,材料,塑鋼牙
YMH-T48-32-RU6-1,FX 半塑鋼臼齒 A3-32 右上6(20顆),YAMAHACHI,removable-prosthetics,acrylic-teeth,material,approved_rule,legacy_category_rule,,unmatched,false,,材料,材料,塑鋼牙
YMH-T48-32-RU7,FX 半塑鋼臼齒 A3-32 右上7,YAMAHACHI,removable-prosthetics,acrylic-teeth,material,approved_rule,legacy_category_rule,,unmatched,false,,材料,材料,塑鋼牙
YMH-T49-1,RH 塑鋼臼齒單顆綜合(孔) A2-28 (16包),YAMAHACHI,removable-prosthetics,acrylic-teeth,material,approved_rule,legacy_category_rule,,unmatched,false,,材料,材料,塑鋼牙
YMH-T49-2,RH 塑鋼臼齒單顆綜合(孔) A2-30 (16包),YAMAHACHI,removable-prosthetics,acrylic-teeth,material,approved_rule,legacy_category_rule,,unmatched,false,,材料,材料,塑鋼牙
YMH-T49-3,RH 塑鋼臼齒單顆綜合(孔) A2-32 (16包),YAMAHACHI,removable-prosthetics,acrylic-teeth,material,approved_rule,legacy_category_rule,,unmatched,false,,材料,材料,塑鋼牙
YMH-T50-1,RH 塑鋼臼齒單顆綜合(孔) A3-28 (16包),YAMAHACHI,removable-prosthetics,acrylic-teeth,material,approved_rule,legacy_category_rule,,unmatched,false,,材料,材料,塑鋼牙
YMH-T50-2,RH 塑鋼臼齒單顆綜合(孔) A3-30 (16包),YAMAHACHI,removable-prosthetics,acrylic-teeth,material,approved_rule,legacy_category_rule,,unmatched,false,,材料,材料,塑鋼牙
YMH-T50-3,RH 塑鋼臼齒單顆綜合(孔) A3-32 (16包),YAMAHACHI,removable-prosthetics,acrylic-teeth,material,approved_rule,legacy_category_rule,,unmatched,false,,材料,材料,塑鋼牙
YMH-T51-1,RH 塑鋼臼齒單顆綜合(孔) A3.5-28 (16包),YAMAHACHI,removable-prosthetics,acrylic-teeth,material,approved_rule,legacy_category_rule,,unmatched,false,,材料,材料,塑鋼牙
YMH-T51-2,RH 塑鋼臼齒單顆綜合(孔) A3.5-30 (16包),YAMAHACHI,removable-prosthetics,acrylic-teeth,material,approved_rule,legacy_category_rule,,unmatched,false,,材料,材料,塑鋼牙
YMH-T51-3,RH 塑鋼臼齒單顆綜合(孔) A3.5-32 (16包),YAMAHACHI,removable-prosthetics,acrylic-teeth,material,approved_rule,legacy_category_rule,,unmatched,false,,材料,材料,塑鋼牙
YMH-T54-1,RH 塑鋼臼齒單顆(孔) A3-28 (20顆),YAMAHACHI,removable-prosthetics,acrylic-teeth,material,approved_rule,legacy_category_rule,,unmatched,false,,材料,材料,塑鋼牙
YMH-T54-2,RH 塑鋼臼齒單顆(孔) A3-30 (20顆),YAMAHACHI,removable-prosthetics,acrylic-teeth,material,approved_rule,legacy_category_rule,,unmatched,false,,材料,材料,塑鋼牙
YMH-T54-3,RH 塑鋼臼齒單顆(孔) A3-32 (20顆),YAMAHACHI,removable-prosthetics,acrylic-teeth,material,approved_rule,legacy_category_rule,,unmatched,false,,材料,材料,塑鋼牙
YMH-T55-1,Soluute PX 塑鋼牙A2-28,YAMAHACHI,removable-prosthetics,acrylic-teeth,material,approved_rule,legacy_category_rule,,unmatched,false,,材料,材料,塑鋼牙
YMH-T55-1-28L,Soluute PX 塑鋼牙A2-28下,YAMAHACHI,removable-prosthetics,acrylic-teeth,material,approved_rule,legacy_category_rule,,unmatched,false,,材料,材料,塑鋼牙
YMH-T55-1-28U,Soluute PX 塑鋼牙A2-28上,YAMAHACHI,removable-prosthetics,acrylic-teeth,material,approved_rule,legacy_category_rule,,unmatched,false,,材料,材料,塑鋼牙
YMH-T56-1,Soluute PX 塑鋼牙A3-28,YAMAHACHI,removable-prosthetics,acrylic-teeth,material,approved_rule,legacy_category_rule,,unmatched,false,,材料,材料,塑鋼牙
YMH-T56-1-28L,Soluute PX 塑鋼牙A3-28下,YAMAHACHI,removable-prosthetics,acrylic-teeth,material,approved_rule,legacy_category_rule,,unmatched,false,,材料,材料,塑鋼牙
YMH-T56-1-28U,Soluute PX 塑鋼牙A3-28上,YAMAHACHI,removable-prosthetics,acrylic-teeth,material,approved_rule,legacy_category_rule,,unmatched,false,,材料,材料,塑鋼牙
YMH-T56-2,Soluute PX 塑鋼牙A3-30,YAMAHACHI,removable-prosthetics,acrylic-teeth,material,approved_rule,legacy_category_rule,,unmatched,false,,材料,材料,塑鋼牙
YMH-T56-2-30L,Soluute PX 塑鋼牙A3-30下,YAMAHACHI,removable-prosthetics,acrylic-teeth,material,approved_rule,legacy_category_rule,,unmatched,false,,材料,材料,塑鋼牙
YMH-T56-2-30U,Soluute PX 塑鋼牙A3-30上,YAMAHACHI,removable-prosthetics,acrylic-teeth,material,approved_rule,legacy_category_rule,,unmatched,false,,材料,材料,塑鋼牙
YMH-T56-3,Soluute PX 塑鋼牙A3-32,YAMAHACHI,removable-prosthetics,acrylic-teeth,material,approved_rule,legacy_category_rule,,unmatched,false,,材料,材料,塑鋼牙
YMH-T56-3-32L,Soluute PX 塑鋼牙A3-32下,YAMAHACHI,removable-prosthetics,acrylic-teeth,material,approved_rule,legacy_category_rule,,unmatched,false,,材料,材料,塑鋼牙
YMH-T56-3-32U,Soluute PX 塑鋼牙A3-32上,YAMAHACHI,removable-prosthetics,acrylic-teeth,material,approved_rule,legacy_category_rule,,unmatched,false,,材料,材料,塑鋼牙
YMH-T57-A2-28L,EFUCERA PX 塑鋼牙A2-28下,YAMAHACHI,removable-prosthetics,acrylic-teeth,material,approved_rule,legacy_category_rule,,unmatched,false,,材料,材料,塑鋼牙
YMH-T57-A2-28U,EFUCERA PX 塑鋼牙A2-28上,YAMAHACHI,removable-prosthetics,acrylic-teeth,material,approved_rule,legacy_category_rule,,unmatched,false,,材料,材料,塑鋼牙
YMH-T57-A2-30L,EFUCERA PX 塑鋼牙A2-30下,YAMAHACHI,removable-prosthetics,acrylic-teeth,material,approved_rule,legacy_category_rule,,unmatched,false,,材料,材料,塑鋼牙
YMH-T57-A2-30U,EFUCERA PX 塑鋼牙A2-30上,YAMAHACHI,removable-prosthetics,acrylic-teeth,material,approved_rule,legacy_category_rule,,unmatched,false,,材料,材料,塑鋼牙
YMH-T57-A2-32L,EFUCERA PX 塑鋼牙A2-32下,YAMAHACHI,removable-prosthetics,acrylic-teeth,material,approved_rule,legacy_category_rule,,unmatched,false,,材料,材料,塑鋼牙
YMH-T57-A2-32U,EFUCERA PX 塑鋼牙A2-32上,YAMAHACHI,removable-prosthetics,acrylic-teeth,material,approved_rule,legacy_category_rule,,unmatched,false,,材料,材料,塑鋼牙
YMH-T57-A2-34L,EFUCERA PX 塑鋼牙A2-34下,YAMAHACHI,removable-prosthetics,acrylic-teeth,material,approved_rule,legacy_category_rule,,unmatched,false,,材料,材料,塑鋼牙
YMH-T57-A2-34U,EFUCERA PX 塑鋼牙A2-34上,YAMAHACHI,removable-prosthetics,acrylic-teeth,material,approved_rule,legacy_category_rule,,unmatched,false,,材料,材料,塑鋼牙
YMH-T57-A2-36L,EFUCERA PX 塑鋼牙A2-36下,YAMAHACHI,removable-prosthetics,acrylic-teeth,material,approved_rule,legacy_category_rule,,unmatched,false,,材料,材料,塑鋼牙
YMH-T57-A2-36U,EFUCERA PX 塑鋼牙A2-36上,YAMAHACHI,removable-prosthetics,acrylic-teeth,material,approved_rule,legacy_category_rule,,unmatched,false,,材料,材料,塑鋼牙
YMH-T57-A3-28L,EFUCERA PX 塑鋼牙A3-28下,YAMAHACHI,removable-prosthetics,acrylic-teeth,material,approved_rule,legacy_category_rule,,unmatched,false,,材料,材料,塑鋼牙
YMH-T57-A3-28U,EFUCERA PX 塑鋼牙A3-28上,YAMAHACHI,removable-prosthetics,acrylic-teeth,material,approved_rule,legacy_category_rule,,unmatched,false,,材料,材料,塑鋼牙
YMH-T57-A3-30L,EFUCERA PX 塑鋼牙A3-30下,YAMAHACHI,removable-prosthetics,acrylic-teeth,material,approved_rule,legacy_category_rule,,unmatched,false,,材料,材料,塑鋼牙
YMH-T57-A3-30U,EFUCERA PX 塑鋼牙A3-30上,YAMAHACHI,removable-prosthetics,acrylic-teeth,material,approved_rule,legacy_category_rule,,unmatched,false,,材料,材料,塑鋼牙
YMH-T57-A3-32L,EFUCERA PX 塑鋼牙A3-32下,YAMAHACHI,removable-prosthetics,acrylic-teeth,material,approved_rule,legacy_category_rule,,unmatched,false,,材料,材料,塑鋼牙
YMH-T57-A3-32U,EFUCERA PX 塑鋼牙A3-32上,YAMAHACHI,removable-prosthetics,acrylic-teeth,material,approved_rule,legacy_category_rule,,unmatched,false,,材料,材料,塑鋼牙
YMH-T57-A3-34L,EFUCERA PX 塑鋼牙A3-34下,YAMAHACHI,removable-prosthetics,acrylic-teeth,material,approved_rule,legacy_category_rule,,unmatched,false,,材料,材料,塑鋼牙
YMH-T57-A3-34U,EFUCERA PX 塑鋼牙A3-34上,YAMAHACHI,removable-prosthetics,acrylic-teeth,material,approved_rule,legacy_category_rule,,unmatched,false,,材料,材料,塑鋼牙
YMH-T57-A3-36L,EFUCERA PX 塑鋼牙A3-36下,YAMAHACHI,removable-prosthetics,acrylic-teeth,material,approved_rule,legacy_category_rule,,unmatched,false,,材料,材料,塑鋼牙
YMH-T57-A3-36U,EFUCERA PX 塑鋼牙A3-36上,YAMAHACHI,removable-prosthetics,acrylic-teeth,material,approved_rule,legacy_category_rule,,unmatched,false,,材料,材料,塑鋼牙
YMH-T57-A3.5-28L,EFUCERA PX 塑鋼牙A3.5-28下,YAMAHACHI,removable-prosthetics,acrylic-teeth,material,approved_rule,legacy_category_rule,,unmatched,false,,材料,材料,塑鋼牙
YMH-T57-A3.5-28U,EFUCERA PX 塑鋼牙A3.5-28上,YAMAHACHI,removable-prosthetics,acrylic-teeth,material,approved_rule,legacy_category_rule,,unmatched,false,,材料,材料,塑鋼牙
YMH-T57-A3.5-30L,EFUCERA PX 塑鋼牙A3.5-30下,YAMAHACHI,removable-prosthetics,acrylic-teeth,material,approved_rule,legacy_category_rule,,unmatched,false,,材料,材料,塑鋼牙
YMH-T57-A3.5-30U,EFUCERA PX 塑鋼牙A3.5-30上,YAMAHACHI,removable-prosthetics,acrylic-teeth,material,approved_rule,legacy_category_rule,,unmatched,false,,材料,材料,塑鋼牙
YMH-T57-A3.5-32L,EFUCERA PX 塑鋼牙A3.5-32下,YAMAHACHI,removable-prosthetics,acrylic-teeth,material,approved_rule,legacy_category_rule,,unmatched,false,,材料,材料,塑鋼牙
YMH-T57-A3.5-32U,EFUCERA PX 塑鋼牙A3.5-32上,YAMAHACHI,removable-prosthetics,acrylic-teeth,material,approved_rule,legacy_category_rule,,unmatched,false,,材料,材料,塑鋼牙
YMH-T57-A3.5-34L,EFUCERA PX 塑鋼牙A3.5-34下,YAMAHACHI,removable-prosthetics,acrylic-teeth,material,approved_rule,legacy_category_rule,,unmatched,false,,材料,材料,塑鋼牙
YMH-T57-A3.5-34U,EFUCERA PX 塑鋼牙A3.5-34上,YAMAHACHI,removable-prosthetics,acrylic-teeth,material,approved_rule,legacy_category_rule,,unmatched,false,,材料,材料,塑鋼牙
YMH-T57-A3.5-36L,EFUCERA PX 塑鋼牙A3.5-36下,YAMAHACHI,removable-prosthetics,acrylic-teeth,material,approved_rule,legacy_category_rule,,unmatched,false,,材料,材料,塑鋼牙
YMH-T57-A3.5-36U,EFUCERA PX 塑鋼牙A3.5-36上,YAMAHACHI,removable-prosthetics,acrylic-teeth,material,approved_rule,legacy_category_rule,,unmatched,false,,材料,材料,塑鋼牙
YMH-T57-A4-28L,EFUCERA PX 塑鋼牙A4-28下,YAMAHACHI,removable-prosthetics,acrylic-teeth,material,approved_rule,legacy_category_rule,,unmatched,false,,材料,材料,塑鋼牙
YMH-T57-A4-28U,EFUCERA PX 塑鋼牙A4-28上,YAMAHACHI,removable-prosthetics,acrylic-teeth,material,approved_rule,legacy_category_rule,,unmatched,false,,材料,材料,塑鋼牙
YMH-T57-A4-30L,EFUCERA PX 塑鋼牙A4-30下,YAMAHACHI,removable-prosthetics,acrylic-teeth,material,approved_rule,legacy_category_rule,,unmatched,false,,材料,材料,塑鋼牙
YMH-T57-A4-30U,EFUCERA PX 塑鋼牙A4-30上,YAMAHACHI,removable-prosthetics,acrylic-teeth,material,approved_rule,legacy_category_rule,,unmatched,false,,材料,材料,塑鋼牙
YMH-T57-A4-32L,EFUCERA PX 塑鋼牙A4-32下,YAMAHACHI,removable-prosthetics,acrylic-teeth,material,approved_rule,legacy_category_rule,,unmatched,false,,材料,材料,塑鋼牙
YMH-T57-A4-32U,EFUCERA PX 塑鋼牙A4-32上,YAMAHACHI,removable-prosthetics,acrylic-teeth,material,approved_rule,legacy_category_rule,,unmatched,false,,材料,材料,塑鋼牙
YMH-T57-A4-34L,EFUCERA PX 塑鋼牙A4-34下,YAMAHACHI,removable-prosthetics,acrylic-teeth,material,approved_rule,legacy_category_rule,,unmatched,false,,材料,材料,塑鋼牙
YMH-T57-A4-34U,EFUCERA PX 塑鋼牙A4-34上,YAMAHACHI,removable-prosthetics,acrylic-teeth,material,approved_rule,legacy_category_rule,,unmatched,false,,材料,材料,塑鋼牙
YMH-T57-A4-36L,EFUCERA PX 塑鋼牙A4-36下,YAMAHACHI,removable-prosthetics,acrylic-teeth,material,approved_rule,legacy_category_rule,,unmatched,false,,材料,材料,塑鋼牙
YMH-T57-A4-36U,EFUCERA PX 塑鋼牙A4-36上,YAMAHACHI,removable-prosthetics,acrylic-teeth,material,approved_rule,legacy_category_rule,,unmatched,false,,材料,材料,塑鋼牙
YMH-T60-A2,Crown PX 塑鋼前齒-A2,YAMAHACHI,removable-prosthetics,acrylic-teeth,material,approved_rule,legacy_category_rule,,unmatched,false,,材料,材料,塑鋼牙
YMH-T60-A2-C41,Crown PX 塑鋼前齒-A2-C41,YAMAHACHI,removable-prosthetics,acrylic-teeth,material,approved_rule,legacy_category_rule,YMH-CROWNPX,exact_unique,false,,材料,材料,塑鋼牙
YMH-T60-A2-C41-1,Crown PX 塑鋼前齒-A2-C41-1,YAMAHACHI,removable-prosthetics,acrylic-teeth,material,approved_rule,legacy_category_rule,,unmatched,false,,材料,材料,塑鋼牙
YMH-T60-A2-C42,Crown PX 塑鋼前齒-A2-C42,YAMAHACHI,removable-prosthetics,acrylic-teeth,material,approved_rule,legacy_category_rule,YMH-CROWNPX,exact_unique,false,,材料,材料,塑鋼牙
YMH-T60-A2-C51,Crown PX 塑鋼前齒-A2-C51,YAMAHACHI,removable-prosthetics,acrylic-teeth,material,approved_rule,legacy_category_rule,YMH-CROWNPX,exact_unique,false,,材料,材料,塑鋼牙
YMH-T60-A2-C61,Crown PX 塑鋼前齒-A2-C61,YAMAHACHI,removable-prosthetics,acrylic-teeth,material,approved_rule,legacy_category_rule,YMH-CROWNPX,exact_unique,false,,材料,材料,塑鋼牙
YMH-T60-A2-N31,Crown PX 塑鋼前齒-A2-N31,YAMAHACHI,removable-prosthetics,acrylic-teeth,material,approved_rule,legacy_category_rule,YMH-CROWNPX,exact_unique,false,,材料,材料,塑鋼牙
YMH-T60-A2-N31S,Crown PX 塑鋼前齒-A2-N31S,YAMAHACHI,removable-prosthetics,acrylic-teeth,material,approved_rule,legacy_category_rule,YMH-CROWNPX,exact_unique,false,,材料,材料,塑鋼牙
YMH-T60-A2-N32,Crown PX 塑鋼前齒-A2-N32,YAMAHACHI,removable-prosthetics,acrylic-teeth,material,approved_rule,legacy_category_rule,YMH-CROWNPX,exact_unique,false,,材料,材料,塑鋼牙
YMH-T60-A2-N32-1,Crown PX 塑鋼前齒-A2-N32-1,YAMAHACHI,removable-prosthetics,acrylic-teeth,material,approved_rule,legacy_category_rule,,unmatched,false,,材料,材料,塑鋼牙
YMH-T60-A2-N41,Crown PX 塑鋼前齒-A2-N41,YAMAHACHI,removable-prosthetics,acrylic-teeth,material,approved_rule,legacy_category_rule,YMH-CROWNPX,exact_unique,false,,材料,材料,塑鋼牙
YMH-T60-A2-N42,Crown PX 塑鋼前齒-A2-N42,YAMAHACHI,removable-prosthetics,acrylic-teeth,material,approved_rule,legacy_category_rule,YMH-CROWNPX,exact_unique,false,,材料,材料,塑鋼牙
YMH-T60-A2-N61S,Crown PX 塑鋼前齒-A2-N61S,YAMAHACHI,removable-prosthetics,acrylic-teeth,material,approved_rule,legacy_category_rule,YMH-CROWNPX,exact_unique,false,,材料,材料,塑鋼牙
YMH-T60-A2-N61S-1,Crown PX 塑鋼前齒-A2-N61S-1,YAMAHACHI,removable-prosthetics,acrylic-teeth,material,approved_rule,legacy_category_rule,,unmatched,false,,材料,材料,塑鋼牙
YMH-T60-A2-N71L,Crown PX 塑鋼前齒-A2-N71L,YAMAHACHI,removable-prosthetics,acrylic-teeth,material,approved_rule,legacy_category_rule,YMH-CROWNPX,exact_unique,false,,材料,材料,塑鋼牙
YMH-T60-A2-N81,Crown PX 塑鋼前齒-A2-N81,YAMAHACHI,removable-prosthetics,acrylic-teeth,material,approved_rule,legacy_category_rule,YMH-CROWNPX,exact_unique,false,,材料,材料,塑鋼牙
YMH-T60-A2-N81-1,Crown PX 塑鋼前齒-A2-N81-1,YAMAHACHI,removable-prosthetics,acrylic-teeth,material,approved_rule,legacy_category_rule,,unmatched,false,,材料,材料,塑鋼牙
YMH-T60-A2-O31S,Crown PX 塑鋼前齒-A2-O31S,YAMAHACHI,removable-prosthetics,acrylic-teeth,material,approved_rule,legacy_category_rule,YMH-CROWNPX,exact_unique,false,,材料,材料,塑鋼牙
YMH-T60-A2-O31S-1,Crown PX 塑鋼前齒-A2-O31S-1,YAMAHACHI,removable-prosthetics,acrylic-teeth,material,approved_rule,legacy_category_rule,,unmatched,false,,材料,材料,塑鋼牙
YMH-T60-A2-O41,Crown PX 塑鋼前齒-A2-O41,YAMAHACHI,removable-prosthetics,acrylic-teeth,material,approved_rule,legacy_category_rule,YMH-CROWNPX,exact_unique,false,,材料,材料,塑鋼牙
YMH-T60-A2-O41-1,Crown PX 塑鋼前齒-A2-O41-1,YAMAHACHI,removable-prosthetics,acrylic-teeth,material,approved_rule,legacy_category_rule,,unmatched,false,,材料,材料,塑鋼牙
YMH-T60-A2-O51S,Crown PX 塑鋼前齒-A2-O51S,YAMAHACHI,removable-prosthetics,acrylic-teeth,material,approved_rule,legacy_category_rule,YMH-CROWNPX,exact_unique,false,,材料,材料,塑鋼牙
YMH-T60-A2-O51S-1,Crown PX 塑鋼前齒-A2-O51S-1,YAMAHACHI,removable-prosthetics,acrylic-teeth,material,approved_rule,legacy_category_rule,,unmatched,false,,材料,材料,塑鋼牙
YMH-T60-A2-O61S,Crown PX 塑鋼前齒-A2-O61S,YAMAHACHI,removable-prosthetics,acrylic-teeth,material,approved_rule,legacy_category_rule,YMH-CROWNPX,exact_unique,false,,材料,材料,塑鋼牙
YMH-T60-A2-O61S-1,Crown PX 塑鋼前齒-A2-O61S-1,YAMAHACHI,removable-prosthetics,acrylic-teeth,material,approved_rule,legacy_category_rule,,unmatched,false,,材料,材料,塑鋼牙
YMH-T60-A2-S41S,Crown PX 塑鋼前齒-A2-S41S,YAMAHACHI,removable-prosthetics,acrylic-teeth,material,approved_rule,legacy_category_rule,YMH-CROWNPX,exact_unique,false,,材料,材料,塑鋼牙
YMH-T60-A2-S41S-1,Crown PX 塑鋼前齒-A2-S41S-1,YAMAHACHI,removable-prosthetics,acrylic-teeth,material,approved_rule,legacy_category_rule,,unmatched,false,,材料,材料,塑鋼牙
YMH-T60-A2-S42S,Crown PX 塑鋼前齒-A2-S42S,YAMAHACHI,removable-prosthetics,acrylic-teeth,material,approved_rule,legacy_category_rule,YMH-CROWNPX,exact_unique,false,,材料,材料,塑鋼牙
YMH-T60-A2-S42S-1,Crown PX 塑鋼前齒-A2-S42S-1,YAMAHACHI,removable-prosthetics,acrylic-teeth,material,approved_rule,legacy_category_rule,,unmatched,false,,材料,材料,塑鋼牙
YMH-T60-A2-S43S,Crown PX 塑鋼前齒-A2-S43S,YAMAHACHI,removable-prosthetics,acrylic-teeth,material,approved_rule,legacy_category_rule,YMH-CROWNPX,exact_unique,false,,材料,材料,塑鋼牙
YMH-T60-A2-S43S-1,Crown PX 塑鋼前齒-A2-S43S-1,YAMAHACHI,removable-prosthetics,acrylic-teeth,material,approved_rule,legacy_category_rule,,unmatched,false,,材料,材料,塑鋼牙
YMH-T60-A2-S44S,Crown PX 塑鋼前齒-A2-S44S,YAMAHACHI,removable-prosthetics,acrylic-teeth,material,approved_rule,legacy_category_rule,YMH-CROWNPX,exact_unique,false,,材料,材料,塑鋼牙
YMH-T60-A2-S51,Crown PX 塑鋼前齒-A2-S51,YAMAHACHI,removable-prosthetics,acrylic-teeth,material,approved_rule,legacy_category_rule,YMH-CROWNPX,exact_unique,false,,材料,材料,塑鋼牙
YMH-T60-A2-S51-1,Crown PX 塑鋼前齒-A2-S51-1,YAMAHACHI,removable-prosthetics,acrylic-teeth,material,approved_rule,legacy_category_rule,,unmatched,false,,材料,材料,塑鋼牙
YMH-T60-A2-S51S,Crown PX 塑鋼前齒-A2-S51S,YAMAHACHI,removable-prosthetics,acrylic-teeth,material,approved_rule,legacy_category_rule,YMH-CROWNPX,exact_unique,false,,材料,材料,塑鋼牙
YMH-T60-A2-S52S,Crown PX 塑鋼前齒-A2-S52S,YAMAHACHI,removable-prosthetics,acrylic-teeth,material,approved_rule,legacy_category_rule,YMH-CROWNPX,exact_unique,false,,材料,材料,塑鋼牙
YMH-T60-A2-S61S,Crown PX 塑鋼前齒-A2-S61S,YAMAHACHI,removable-prosthetics,acrylic-teeth,material,approved_rule,legacy_category_rule,YMH-CROWNPX,exact_unique,false,,材料,材料,塑鋼牙
YMH-T60-A2-S71,Crown PX 塑鋼前齒-A2-S71,YAMAHACHI,removable-prosthetics,acrylic-teeth,material,approved_rule,legacy_category_rule,YMH-CROWNPX,exact_unique,false,,材料,材料,塑鋼牙
YMH-T60-A2-S81,Crown PX 塑鋼前齒-A2-S81,YAMAHACHI,removable-prosthetics,acrylic-teeth,material,approved_rule,legacy_category_rule,YMH-CROWNPX,exact_unique,false,,材料,材料,塑鋼牙
YMH-T60-A2-T41,Crown PX 塑鋼前齒-A2-T41,YAMAHACHI,removable-prosthetics,acrylic-teeth,material,approved_rule,legacy_category_rule,YMH-CROWNPX,exact_unique,false,,材料,材料,塑鋼牙
YMH-T60-A2-T41S,Crown PX 塑鋼前齒-A2-T41S,YAMAHACHI,removable-prosthetics,acrylic-teeth,material,approved_rule,legacy_category_rule,YMH-CROWNPX,exact_unique,false,,材料,材料,塑鋼牙
YMH-T60-A2-T51,Crown PX 塑鋼前齒-A2-T51,YAMAHACHI,removable-prosthetics,acrylic-teeth,material,approved_rule,legacy_category_rule,YMH-CROWNPX,exact_unique,false,,材料,材料,塑鋼牙
YMH-T60-A2-T51S,Crown PX 塑鋼前齒-A2-T51S,YAMAHACHI,removable-prosthetics,acrylic-teeth,material,approved_rule,legacy_category_rule,YMH-CROWNPX,exact_unique,false,,材料,材料,塑鋼牙
YMH-T60-A2-T61,Crown PX 塑鋼前齒-A2-T61,YAMAHACHI,removable-prosthetics,acrylic-teeth,material,approved_rule,legacy_category_rule,YMH-CROWNPX,exact_unique,false,,材料,材料,塑鋼牙
YMH-T60-A2-T61S,Crown PX 塑鋼前齒-A2-T61S,YAMAHACHI,removable-prosthetics,acrylic-teeth,material,approved_rule,legacy_category_rule,YMH-CROWNPX,exact_unique,false,,材料,材料,塑鋼牙
YMH-T60-A3,Crown PX 塑鋼前齒-A3,YAMAHACHI,removable-prosthetics,acrylic-teeth,material,approved_rule,legacy_category_rule,,unmatched,false,,材料,材料,塑鋼牙
YMH-T60-A3-C41,Crown PX 塑鋼前齒-A3-C41,YAMAHACHI,removable-prosthetics,acrylic-teeth,material,approved_rule,legacy_category_rule,YMH-CROWNPX,exact_unique,false,,材料,材料,塑鋼牙
YMH-T60-A3-C41-1,Crown PX 塑鋼前齒-A3-C41-1,YAMAHACHI,removable-prosthetics,acrylic-teeth,material,approved_rule,legacy_category_rule,,unmatched,false,,材料,材料,塑鋼牙
YMH-T60-A3-C42,Crown PX 塑鋼前齒-A3-C42,YAMAHACHI,removable-prosthetics,acrylic-teeth,material,approved_rule,legacy_category_rule,YMH-CROWNPX,exact_unique,false,,材料,材料,塑鋼牙
YMH-T60-A3-C51,Crown PX 塑鋼前齒-A3-C51,YAMAHACHI,removable-prosthetics,acrylic-teeth,material,approved_rule,legacy_category_rule,YMH-CROWNPX,exact_unique,false,,材料,材料,塑鋼牙
YMH-T60-A3-C61,Crown PX 塑鋼前齒-A3-C61,YAMAHACHI,removable-prosthetics,acrylic-teeth,material,approved_rule,legacy_category_rule,YMH-CROWNPX,exact_unique,false,,材料,材料,塑鋼牙
YMH-T60-A3-N31,Crown PX 塑鋼前齒-A3-N31,YAMAHACHI,removable-prosthetics,acrylic-teeth,material,approved_rule,legacy_category_rule,YMH-CROWNPX,exact_unique,false,,材料,材料,塑鋼牙
YMH-T60-A3-N31-1,Crown PX 塑鋼前齒-A3-N31-1,YAMAHACHI,removable-prosthetics,acrylic-teeth,material,approved_rule,legacy_category_rule,,unmatched,false,,材料,材料,塑鋼牙
YMH-T60-A3-N31S,Crown PX 塑鋼前齒-A3-N31S,YAMAHACHI,removable-prosthetics,acrylic-teeth,material,approved_rule,legacy_category_rule,YMH-CROWNPX,exact_unique,false,,材料,材料,塑鋼牙
YMH-T60-A3-N31S-1,Crown PX 塑鋼前齒-A3-N31S-1,YAMAHACHI,removable-prosthetics,acrylic-teeth,material,approved_rule,legacy_category_rule,,unmatched,false,,材料,材料,塑鋼牙
YMH-T60-A3-N32,Crown PX 塑鋼前齒-A3-N32,YAMAHACHI,removable-prosthetics,acrylic-teeth,material,approved_rule,legacy_category_rule,YMH-CROWNPX,exact_unique,false,,材料,材料,塑鋼牙
YMH-T60-A3-N32-1,Crown PX 塑鋼前齒-A3-N32-1,YAMAHACHI,removable-prosthetics,acrylic-teeth,material,approved_rule,legacy_category_rule,,unmatched,false,,材料,材料,塑鋼牙
YMH-T60-A3-N41,Crown PX 塑鋼前齒-A3-N41,YAMAHACHI,removable-prosthetics,acrylic-teeth,material,approved_rule,legacy_category_rule,YMH-CROWNPX,exact_unique,false,,材料,材料,塑鋼牙
YMH-T60-A3-N41-1,Crown PX 塑鋼前齒-A3-N41-1,YAMAHACHI,removable-prosthetics,acrylic-teeth,material,approved_rule,legacy_category_rule,,unmatched,false,,材料,材料,塑鋼牙
YMH-T60-A3-N42,Crown PX 塑鋼前齒-A3-N42,YAMAHACHI,removable-prosthetics,acrylic-teeth,material,approved_rule,legacy_category_rule,YMH-CROWNPX,exact_unique,false,,材料,材料,塑鋼牙
YMH-T60-A3-N42-1,Crown PX 塑鋼前齒-A3-N42-1,YAMAHACHI,removable-prosthetics,acrylic-teeth,material,approved_rule,legacy_category_rule,,unmatched,false,,材料,材料,塑鋼牙
YMH-T60-A3-N61S,Crown PX 塑鋼前齒-A3-N61S,YAMAHACHI,removable-prosthetics,acrylic-teeth,material,approved_rule,legacy_category_rule,YMH-CROWNPX,exact_unique,false,,材料,材料,塑鋼牙
YMH-T60-A3-N61S-1,Crown PX 塑鋼前齒-A3-N61S-1,YAMAHACHI,removable-prosthetics,acrylic-teeth,material,approved_rule,legacy_category_rule,,unmatched,false,,材料,材料,塑鋼牙
YMH-T60-A3-N71L,Crown PX 塑鋼前齒-A3-N71L,YAMAHACHI,removable-prosthetics,acrylic-teeth,material,approved_rule,legacy_category_rule,YMH-CROWNPX,exact_unique,false,,材料,材料,塑鋼牙
YMH-T60-A3-N71L-1,Crown PX 塑鋼前齒-A3-N71L-1,YAMAHACHI,removable-prosthetics,acrylic-teeth,material,approved_rule,legacy_category_rule,,unmatched,false,,材料,材料,塑鋼牙
YMH-T60-A3-N81,Crown PX 塑鋼前齒-A3-N81,YAMAHACHI,removable-prosthetics,acrylic-teeth,material,approved_rule,legacy_category_rule,YMH-CROWNPX,exact_unique,false,,材料,材料,塑鋼牙
YMH-T60-A3-N81-1,Crown PX 塑鋼前齒-A3-N81-1,YAMAHACHI,removable-prosthetics,acrylic-teeth,material,approved_rule,legacy_category_rule,,unmatched,false,,材料,材料,塑鋼牙
YMH-T60-A3-O31S,Crown PX 塑鋼前齒-A3-O31S,YAMAHACHI,removable-prosthetics,acrylic-teeth,material,approved_rule,legacy_category_rule,YMH-CROWNPX,exact_unique,false,,材料,材料,塑鋼牙
YMH-T60-A3-O31S-1,Crown PX 塑鋼前齒-A3-O31S-1,YAMAHACHI,removable-prosthetics,acrylic-teeth,material,approved_rule,legacy_category_rule,,unmatched,false,,材料,材料,塑鋼牙
YMH-T60-A3-O41,Crown PX 塑鋼前齒-A3-O41,YAMAHACHI,removable-prosthetics,acrylic-teeth,material,approved_rule,legacy_category_rule,YMH-CROWNPX,exact_unique,false,,材料,材料,塑鋼牙
YMH-T60-A3-O41-1,Crown PX 塑鋼前齒-A3-O41-1,YAMAHACHI,removable-prosthetics,acrylic-teeth,material,approved_rule,legacy_category_rule,,unmatched,false,,材料,材料,塑鋼牙
YMH-T60-A3-O51S,Crown PX 塑鋼前齒-A3-O51S,YAMAHACHI,removable-prosthetics,acrylic-teeth,material,approved_rule,legacy_category_rule,YMH-CROWNPX,exact_unique,false,,材料,材料,塑鋼牙
YMH-T60-A3-O51S-1,Crown PX 塑鋼前齒-A3-O51S-1,YAMAHACHI,removable-prosthetics,acrylic-teeth,material,approved_rule,legacy_category_rule,,unmatched,false,,材料,材料,塑鋼牙
YMH-T60-A3-O61S,Crown PX 塑鋼前齒-A3-O61S,YAMAHACHI,removable-prosthetics,acrylic-teeth,material,approved_rule,legacy_category_rule,YMH-CROWNPX,exact_unique,false,,材料,材料,塑鋼牙
YMH-T60-A3-O61S-1,Crown PX 塑鋼前齒-A3-O61S-1,YAMAHACHI,removable-prosthetics,acrylic-teeth,material,approved_rule,legacy_category_rule,,unmatched,false,,材料,材料,塑鋼牙
YMH-T60-A3-S41S,Crown PX 塑鋼前齒-A3-S41S,YAMAHACHI,removable-prosthetics,acrylic-teeth,material,approved_rule,legacy_category_rule,YMH-CROWNPX,exact_unique,false,,材料,材料,塑鋼牙
YMH-T60-A3-S41S-1,Crown PX 塑鋼前齒-A3-S41S-1,YAMAHACHI,removable-prosthetics,acrylic-teeth,material,approved_rule,legacy_category_rule,,unmatched,false,,材料,材料,塑鋼牙
YMH-T60-A3-S42S,Crown PX 塑鋼前齒-A3-S42S,YAMAHACHI,removable-prosthetics,acrylic-teeth,material,approved_rule,legacy_category_rule,YMH-CROWNPX,exact_unique,false,,材料,材料,塑鋼牙
YMH-T60-A3-S42S-1,Crown PX 塑鋼前齒-A3-S42S-1,YAMAHACHI,removable-prosthetics,acrylic-teeth,material,approved_rule,legacy_category_rule,,unmatched,false,,材料,材料,塑鋼牙
YMH-T60-A3-S43S,Crown PX 塑鋼前齒-A3-S43S,YAMAHACHI,removable-prosthetics,acrylic-teeth,material,approved_rule,legacy_category_rule,YMH-CROWNPX,exact_unique,false,,材料,材料,塑鋼牙
YMH-T60-A3-S43S-1,Crown PX 塑鋼前齒-A3-S43S-1,YAMAHACHI,removable-prosthetics,acrylic-teeth,material,approved_rule,legacy_category_rule,,unmatched,false,,材料,材料,塑鋼牙
YMH-T60-A3-S44S,Crown PX 塑鋼前齒-A3-S44S,YAMAHACHI,removable-prosthetics,acrylic-teeth,material,approved_rule,legacy_category_rule,YMH-CROWNPX,exact_unique,false,,材料,材料,塑鋼牙
YMH-T60-A3-S51,Crown PX 塑鋼前齒-A3-S51,YAMAHACHI,removable-prosthetics,acrylic-teeth,material,approved_rule,legacy_category_rule,YMH-CROWNPX,exact_unique,false,,材料,材料,塑鋼牙
YMH-T60-A3-S51-1,Crown PX 塑鋼前齒-A3-S51-1,YAMAHACHI,removable-prosthetics,acrylic-teeth,material,approved_rule,legacy_category_rule,,unmatched,false,,材料,材料,塑鋼牙
YMH-T60-A3-S51S,Crown PX 塑鋼前齒-A3-S51S,YAMAHACHI,removable-prosthetics,acrylic-teeth,material,approved_rule,legacy_category_rule,YMH-CROWNPX,exact_unique,false,,材料,材料,塑鋼牙
YMH-T60-A3-S51S-1,Crown PX 塑鋼前齒-A3-S51S-1,YAMAHACHI,removable-prosthetics,acrylic-teeth,material,approved_rule,legacy_category_rule,,unmatched,false,,材料,材料,塑鋼牙
YMH-T60-A3-S52S,Crown PX 塑鋼前齒-A3-S52S,YAMAHACHI,removable-prosthetics,acrylic-teeth,material,approved_rule,legacy_category_rule,YMH-CROWNPX,exact_unique,false,,材料,材料,塑鋼牙
YMH-T60-A3-S52S-1,Crown PX 塑鋼前齒-A3-S52S-1,YAMAHACHI,removable-prosthetics,acrylic-teeth,material,approved_rule,legacy_category_rule,,unmatched,false,,材料,材料,塑鋼牙
YMH-T60-A3-S61S,Crown PX 塑鋼前齒-A3-S61S,YAMAHACHI,removable-prosthetics,acrylic-teeth,material,approved_rule,legacy_category_rule,YMH-CROWNPX,exact_unique,false,,材料,材料,塑鋼牙
YMH-T60-A3-S61S-1,Crown PX 塑鋼前齒-A3-S61S-1,YAMAHACHI,removable-prosthetics,acrylic-teeth,material,approved_rule,legacy_category_rule,,unmatched,false,,材料,材料,塑鋼牙
YMH-T60-A3-S71,Crown PX 塑鋼前齒-A3-S71,YAMAHACHI,removable-prosthetics,acrylic-teeth,material,approved_rule,legacy_category_rule,YMH-CROWNPX,exact_unique,false,,材料,材料,塑鋼牙
YMH-T60-A3-S71-1,Crown PX 塑鋼前齒-A3-S71-1,YAMAHACHI,removable-prosthetics,acrylic-teeth,material,approved_rule,legacy_category_rule,,unmatched,false,,材料,材料,塑鋼牙
YMH-T60-A3-S81,Crown PX 塑鋼前齒-A3-S81,YAMAHACHI,removable-prosthetics,acrylic-teeth,material,approved_rule,legacy_category_rule,YMH-CROWNPX,exact_unique,false,,材料,材料,塑鋼牙
YMH-T60-A3-S81-1,Crown PX 塑鋼前齒-A3-S81-1,YAMAHACHI,removable-prosthetics,acrylic-teeth,material,approved_rule,legacy_category_rule,,unmatched,false,,材料,材料,塑鋼牙
YMH-T60-A3-T41,Crown PX 塑鋼前齒-A3-T41,YAMAHACHI,removable-prosthetics,acrylic-teeth,material,approved_rule,legacy_category_rule,YMH-CROWNPX,exact_unique,false,,材料,材料,塑鋼牙
YMH-T60-A3-T41S,Crown PX 塑鋼前齒-A3-T41S,YAMAHACHI,removable-prosthetics,acrylic-teeth,material,approved_rule,legacy_category_rule,YMH-CROWNPX,exact_unique,false,,材料,材料,塑鋼牙
YMH-T60-A3-T51,Crown PX 塑鋼前齒-A3-T51,YAMAHACHI,removable-prosthetics,acrylic-teeth,material,approved_rule,legacy_category_rule,YMH-CROWNPX,exact_unique,false,,材料,材料,塑鋼牙
YMH-T60-A3-T51S,Crown PX 塑鋼前齒-A3-T51S,YAMAHACHI,removable-prosthetics,acrylic-teeth,material,approved_rule,legacy_category_rule,YMH-CROWNPX,exact_unique,false,,材料,材料,塑鋼牙
YMH-T60-A3-T61,Crown PX 塑鋼前齒-A3-T61,YAMAHACHI,removable-prosthetics,acrylic-teeth,material,approved_rule,legacy_category_rule,YMH-CROWNPX,exact_unique,false,,材料,材料,塑鋼牙
YMH-T60-A3-T61S,Crown PX 塑鋼前齒-A3-T61S,YAMAHACHI,removable-prosthetics,acrylic-teeth,material,approved_rule,legacy_category_rule,YMH-CROWNPX,exact_unique,false,,材料,材料,塑鋼牙
YMH-T60-A3.5-C41,Crown PX 塑鋼前齒-A3.5-C41,YAMAHACHI,removable-prosthetics,acrylic-teeth,material,approved_rule,legacy_category_rule,YMH-CROWNPX,exact_unique,false,,材料,材料,塑鋼牙
YMH-T60-A3.5-C42,Crown PX 塑鋼前齒-A3.5-C42,YAMAHACHI,removable-prosthetics,acrylic-teeth,material,approved_rule,legacy_category_rule,YMH-CROWNPX,exact_unique,false,,材料,材料,塑鋼牙
YMH-T60-A3.5-C51,Crown PX 塑鋼前齒-A3.5-C51,YAMAHACHI,removable-prosthetics,acrylic-teeth,material,approved_rule,legacy_category_rule,YMH-CROWNPX,exact_unique,false,,材料,材料,塑鋼牙
YMH-T60-A3.5-C61,Crown PX 塑鋼前齒-A3.5-C61,YAMAHACHI,removable-prosthetics,acrylic-teeth,material,approved_rule,legacy_category_rule,YMH-CROWNPX,exact_unique,false,,材料,材料,塑鋼牙
YMH-T60-A3.5-N31,Crown PX 塑鋼前齒-A3.5-N31,YAMAHACHI,removable-prosthetics,acrylic-teeth,material,approved_rule,legacy_category_rule,YMH-CROWNPX,exact_unique,false,,材料,材料,塑鋼牙
YMH-T60-A3.5-N31S,Crown PX 塑鋼前齒-A3.5-N31S,YAMAHACHI,removable-prosthetics,acrylic-teeth,material,approved_rule,legacy_category_rule,YMH-CROWNPX,exact_unique,false,,材料,材料,塑鋼牙
YMH-T60-A3.5-N32,Crown PX 塑鋼前齒-A3.5-N32,YAMAHACHI,removable-prosthetics,acrylic-teeth,material,approved_rule,legacy_category_rule,YMH-CROWNPX,exact_unique,false,,材料,材料,塑鋼牙
YMH-T60-A3.5-N41,Crown PX 塑鋼前齒-A3.5-N41,YAMAHACHI,removable-prosthetics,acrylic-teeth,material,approved_rule,legacy_category_rule,YMH-CROWNPX,exact_unique,false,,材料,材料,塑鋼牙
YMH-T60-A3.5-N42,Crown PX 塑鋼前齒-A3.5-N42,YAMAHACHI,removable-prosthetics,acrylic-teeth,material,approved_rule,legacy_category_rule,YMH-CROWNPX,exact_unique,false,,材料,材料,塑鋼牙
YMH-T60-A3.5-N61S,Crown PX 塑鋼前齒-A3.5-N61S,YAMAHACHI,removable-prosthetics,acrylic-teeth,material,approved_rule,legacy_category_rule,YMH-CROWNPX,exact_unique,false,,材料,材料,塑鋼牙
YMH-T60-A3.5-N71L,Crown PX 塑鋼前齒-A3.5-N71L,YAMAHACHI,removable-prosthetics,acrylic-teeth,material,approved_rule,legacy_category_rule,YMH-CROWNPX,exact_unique,false,,材料,材料,塑鋼牙
YMH-T60-A3.5-N81,Crown PX 塑鋼前齒-A3.5-N81,YAMAHACHI,removable-prosthetics,acrylic-teeth,material,approved_rule,legacy_category_rule,YMH-CROWNPX,exact_unique,false,,材料,材料,塑鋼牙
YMH-T60-A3.5-O31S,Crown PX 塑鋼前齒-A3.5-O31S,YAMAHACHI,removable-prosthetics,acrylic-teeth,material,approved_rule,legacy_category_rule,YMH-CROWNPX,exact_unique,false,,材料,材料,塑鋼牙
YMH-T60-A3.5-O41,Crown PX 塑鋼前齒-A3.5-O41,YAMAHACHI,removable-prosthetics,acrylic-teeth,material,approved_rule,legacy_category_rule,YMH-CROWNPX,exact_unique,false,,材料,材料,塑鋼牙
YMH-T60-A3.5-O51S,Crown PX 塑鋼前齒-A3.5-O51S,YAMAHACHI,removable-prosthetics,acrylic-teeth,material,approved_rule,legacy_category_rule,YMH-CROWNPX,exact_unique,false,,材料,材料,塑鋼牙
YMH-T60-A3.5-O61S,Crown PX 塑鋼前齒-A3.5-O61S,YAMAHACHI,removable-prosthetics,acrylic-teeth,material,approved_rule,legacy_category_rule,YMH-CROWNPX,exact_unique,false,,材料,材料,塑鋼牙
YMH-T60-A3.5-S41S,Crown PX 塑鋼前齒-A3.5-S41S,YAMAHACHI,removable-prosthetics,acrylic-teeth,material,approved_rule,legacy_category_rule,YMH-CROWNPX,exact_unique,false,,材料,材料,塑鋼牙
YMH-T60-A3.5-S42S,Crown PX 塑鋼前齒-A3.5-S42S,YAMAHACHI,removable-prosthetics,acrylic-teeth,material,approved_rule,legacy_category_rule,YMH-CROWNPX,exact_unique,false,,材料,材料,塑鋼牙
YMH-T60-A3.5-S43S,Crown PX 塑鋼前齒-A3.5-S43S,YAMAHACHI,removable-prosthetics,acrylic-teeth,material,approved_rule,legacy_category_rule,YMH-CROWNPX,exact_unique,false,,材料,材料,塑鋼牙
YMH-T60-A3.5-S44S,Crown PX 塑鋼前齒-A3.5-S44S,YAMAHACHI,removable-prosthetics,acrylic-teeth,material,approved_rule,legacy_category_rule,YMH-CROWNPX,exact_unique,false,,材料,材料,塑鋼牙
YMH-T60-A3.5-S51,Crown PX 塑鋼前齒-A3.5-S51,YAMAHACHI,removable-prosthetics,acrylic-teeth,material,approved_rule,legacy_category_rule,YMH-CROWNPX,exact_unique,false,,材料,材料,塑鋼牙
YMH-T60-A3.5-S51S,Crown PX 塑鋼前齒-A3.5-S51S,YAMAHACHI,removable-prosthetics,acrylic-teeth,material,approved_rule,legacy_category_rule,YMH-CROWNPX,exact_unique,false,,材料,材料,塑鋼牙
YMH-T60-A3.5-S52S,Crown PX 塑鋼前齒-A3.5-S52S,YAMAHACHI,removable-prosthetics,acrylic-teeth,material,approved_rule,legacy_category_rule,YMH-CROWNPX,exact_unique,false,,材料,材料,塑鋼牙
YMH-T60-A3.5-S61S,Crown PX 塑鋼前齒-A3.5-S61S,YAMAHACHI,removable-prosthetics,acrylic-teeth,material,approved_rule,legacy_category_rule,YMH-CROWNPX,exact_unique,false,,材料,材料,塑鋼牙
YMH-T60-A3.5-S71,Crown PX 塑鋼前齒-A3.5-S71,YAMAHACHI,removable-prosthetics,acrylic-teeth,material,approved_rule,legacy_category_rule,YMH-CROWNPX,exact_unique,false,,材料,材料,塑鋼牙
YMH-T60-A3.5-S81,Crown PX 塑鋼前齒-A3.5-S81,YAMAHACHI,removable-prosthetics,acrylic-teeth,material,approved_rule,legacy_category_rule,YMH-CROWNPX,exact_unique,false,,材料,材料,塑鋼牙
YMH-T60-A3.5-T41,Crown PX 塑鋼前齒-A3.5-T41,YAMAHACHI,removable-prosthetics,acrylic-teeth,material,approved_rule,legacy_category_rule,YMH-CROWNPX,exact_unique,false,,材料,材料,塑鋼牙
YMH-T60-A3.5-T41S,Crown PX 塑鋼前齒-A3.5-T41S,YAMAHACHI,removable-prosthetics,acrylic-teeth,material,approved_rule,legacy_category_rule,YMH-CROWNPX,exact_unique,false,,材料,材料,塑鋼牙
YMH-T60-A3.5-T51,Crown PX 塑鋼前齒-A3.5-T51,YAMAHACHI,removable-prosthetics,acrylic-teeth,material,approved_rule,legacy_category_rule,YMH-CROWNPX,exact_unique,false,,材料,材料,塑鋼牙
YMH-T60-A3.5-T51S,Crown PX 塑鋼前齒-A3.5-T51S,YAMAHACHI,removable-prosthetics,acrylic-teeth,material,approved_rule,legacy_category_rule,YMH-CROWNPX,exact_unique,false,,材料,材料,塑鋼牙
YMH-T60-A3.5-T61,Crown PX 塑鋼前齒-A3.5-T61,YAMAHACHI,removable-prosthetics,acrylic-teeth,material,approved_rule,legacy_category_rule,YMH-CROWNPX,exact_unique,false,,材料,材料,塑鋼牙
YMH-T60-A3.5-T61S,Crown PX 塑鋼前齒-A3.5-T61S,YAMAHACHI,removable-prosthetics,acrylic-teeth,material,approved_rule,legacy_category_rule,YMH-CROWNPX,exact_unique,false,,材料,材料,塑鋼牙
YMH-T60-A4-C41,Crown PX 塑鋼前齒-A4-C41,YAMAHACHI,removable-prosthetics,acrylic-teeth,material,approved_rule,legacy_category_rule,YMH-CROWNPX,exact_unique,false,,材料,材料,塑鋼牙
YMH-T60-A4-C42,Crown PX 塑鋼前齒-A4-C42,YAMAHACHI,removable-prosthetics,acrylic-teeth,material,approved_rule,legacy_category_rule,YMH-CROWNPX,exact_unique,false,,材料,材料,塑鋼牙
YMH-T60-A4-C51,Crown PX 塑鋼前齒-A4-C51,YAMAHACHI,removable-prosthetics,acrylic-teeth,material,approved_rule,legacy_category_rule,YMH-CROWNPX,exact_unique,false,,材料,材料,塑鋼牙
YMH-T60-A4-C61,Crown PX 塑鋼前齒-A4-C61,YAMAHACHI,removable-prosthetics,acrylic-teeth,material,approved_rule,legacy_category_rule,YMH-CROWNPX,exact_unique,false,,材料,材料,塑鋼牙
YMH-T60-A4-N31,Crown PX 塑鋼前齒-A4-N31,YAMAHACHI,removable-prosthetics,acrylic-teeth,material,approved_rule,legacy_category_rule,YMH-CROWNPX,exact_unique,false,,材料,材料,塑鋼牙
YMH-T60-A4-N31S,Crown PX 塑鋼前齒-A4-N31S,YAMAHACHI,removable-prosthetics,acrylic-teeth,material,approved_rule,legacy_category_rule,YMH-CROWNPX,exact_unique,false,,材料,材料,塑鋼牙
YMH-T60-A4-N32,Crown PX 塑鋼前齒-A4-N32,YAMAHACHI,removable-prosthetics,acrylic-teeth,material,approved_rule,legacy_category_rule,YMH-CROWNPX,exact_unique,false,,材料,材料,塑鋼牙
YMH-T60-A4-N41,Crown PX 塑鋼前齒-A4-N41,YAMAHACHI,removable-prosthetics,acrylic-teeth,material,approved_rule,legacy_category_rule,YMH-CROWNPX,exact_unique,false,,材料,材料,塑鋼牙
YMH-T60-A4-N42,Crown PX 塑鋼前齒-A4-N42,YAMAHACHI,removable-prosthetics,acrylic-teeth,material,approved_rule,legacy_category_rule,YMH-CROWNPX,exact_unique,false,,材料,材料,塑鋼牙
YMH-T60-A4-N61S,Crown PX 塑鋼前齒-A4-N61S,YAMAHACHI,removable-prosthetics,acrylic-teeth,material,approved_rule,legacy_category_rule,YMH-CROWNPX,exact_unique,false,,材料,材料,塑鋼牙
YMH-T60-A4-N71L,Crown PX 塑鋼前齒-A4-N71L,YAMAHACHI,removable-prosthetics,acrylic-teeth,material,approved_rule,legacy_category_rule,YMH-CROWNPX,exact_unique,false,,材料,材料,塑鋼牙
YMH-T60-A4-N81,Crown PX 塑鋼前齒-A4-N81,YAMAHACHI,removable-prosthetics,acrylic-teeth,material,approved_rule,legacy_category_rule,YMH-CROWNPX,exact_unique,false,,材料,材料,塑鋼牙
YMH-T60-A4-O31S,Crown PX 塑鋼前齒-A4-O31S,YAMAHACHI,removable-prosthetics,acrylic-teeth,material,approved_rule,legacy_category_rule,YMH-CROWNPX,exact_unique,false,,材料,材料,塑鋼牙
YMH-T60-A4-O41,Crown PX 塑鋼前齒-A4-O41,YAMAHACHI,removable-prosthetics,acrylic-teeth,material,approved_rule,legacy_category_rule,YMH-CROWNPX,exact_unique,false,,材料,材料,塑鋼牙
YMH-T60-A4-O51S,Crown PX 塑鋼前齒-A4-O51S,YAMAHACHI,removable-prosthetics,acrylic-teeth,material,approved_rule,legacy_category_rule,YMH-CROWNPX,exact_unique,false,,材料,材料,塑鋼牙
YMH-T60-A4-O61S,Crown PX 塑鋼前齒-A4-O61S,YAMAHACHI,removable-prosthetics,acrylic-teeth,material,approved_rule,legacy_category_rule,YMH-CROWNPX,exact_unique,false,,材料,材料,塑鋼牙
YMH-T60-A4-S41S,Crown PX 塑鋼前齒-A4-S41S,YAMAHACHI,removable-prosthetics,acrylic-teeth,material,approved_rule,legacy_category_rule,YMH-CROWNPX,exact_unique,false,,材料,材料,塑鋼牙
YMH-T60-A4-S42S,Crown PX 塑鋼前齒-A4-S42S,YAMAHACHI,removable-prosthetics,acrylic-teeth,material,approved_rule,legacy_category_rule,YMH-CROWNPX,exact_unique,false,,材料,材料,塑鋼牙
YMH-T60-A4-S43S,Crown PX 塑鋼前齒-A4-S43S,YAMAHACHI,removable-prosthetics,acrylic-teeth,material,approved_rule,legacy_category_rule,YMH-CROWNPX,exact_unique,false,,材料,材料,塑鋼牙
YMH-T60-A4-S44S,Crown PX 塑鋼前齒-A4-S44S,YAMAHACHI,removable-prosthetics,acrylic-teeth,material,approved_rule,legacy_category_rule,YMH-CROWNPX,exact_unique,false,,材料,材料,塑鋼牙
YMH-T60-A4-S51,Crown PX 塑鋼前齒-A4-S51,YAMAHACHI,removable-prosthetics,acrylic-teeth,material,approved_rule,legacy_category_rule,YMH-CROWNPX,exact_unique,false,,材料,材料,塑鋼牙
YMH-T60-A4-S51S,Crown PX 塑鋼前齒-A4-S51S,YAMAHACHI,removable-prosthetics,acrylic-teeth,material,approved_rule,legacy_category_rule,YMH-CROWNPX,exact_unique,false,,材料,材料,塑鋼牙
YMH-T60-A4-S52S,Crown PX 塑鋼前齒-A4-S52S,YAMAHACHI,removable-prosthetics,acrylic-teeth,material,approved_rule,legacy_category_rule,YMH-CROWNPX,exact_unique,false,,材料,材料,塑鋼牙
YMH-T60-A4-S61S,Crown PX 塑鋼前齒-A4-S61S,YAMAHACHI,removable-prosthetics,acrylic-teeth,material,approved_rule,legacy_category_rule,YMH-CROWNPX,exact_unique,false,,材料,材料,塑鋼牙
YMH-T60-A4-S71,Crown PX 塑鋼前齒-A4-S71,YAMAHACHI,removable-prosthetics,acrylic-teeth,material,approved_rule,legacy_category_rule,YMH-CROWNPX,exact_unique,false,,材料,材料,塑鋼牙
YMH-T60-A4-S81,Crown PX 塑鋼前齒-A4-S81,YAMAHACHI,removable-prosthetics,acrylic-teeth,material,approved_rule,legacy_category_rule,YMH-CROWNPX,exact_unique,false,,材料,材料,塑鋼牙
YMH-T60-A4-T41,Crown PX 塑鋼前齒-A4-T41,YAMAHACHI,removable-prosthetics,acrylic-teeth,material,approved_rule,legacy_category_rule,YMH-CROWNPX,exact_unique,false,,材料,材料,塑鋼牙
YMH-T60-A4-T41S,Crown PX 塑鋼前齒-A4-T41S,YAMAHACHI,removable-prosthetics,acrylic-teeth,material,approved_rule,legacy_category_rule,YMH-CROWNPX,exact_unique,false,,材料,材料,塑鋼牙
YMH-T60-A4-T51,Crown PX 塑鋼前齒-A4-T51,YAMAHACHI,removable-prosthetics,acrylic-teeth,material,approved_rule,legacy_category_rule,YMH-CROWNPX,exact_unique,false,,材料,材料,塑鋼牙
YMH-T60-A4-T51S,Crown PX 塑鋼前齒-A4-T51S,YAMAHACHI,removable-prosthetics,acrylic-teeth,material,approved_rule,legacy_category_rule,YMH-CROWNPX,exact_unique,false,,材料,材料,塑鋼牙
YMH-T60-A4-T61,Crown PX 塑鋼前齒-A4-T61,YAMAHACHI,removable-prosthetics,acrylic-teeth,material,approved_rule,legacy_category_rule,YMH-CROWNPX,exact_unique,false,,材料,材料,塑鋼牙
YMH-T60-A4-T61S,Crown PX 塑鋼前齒-A4-T61S,YAMAHACHI,removable-prosthetics,acrylic-teeth,material,approved_rule,legacy_category_rule,YMH-CROWNPX,exact_unique,false,,材料,材料,塑鋼牙
YMH-T61-A2,Crown PX A2 全口,YAMAHACHI,removable-prosthetics,acrylic-teeth,material,approved_rule,legacy_category_rule,,unmatched,false,,材料,材料,塑鋼牙
YMH-T61-A3,Crown PX A3 全口,YAMAHACHI,removable-prosthetics,acrylic-teeth,material,approved_rule,legacy_category_rule,,unmatched,false,,材料,材料,塑鋼牙
YMH-T61-A3.5,Crown PX A3.5 全口,YAMAHACHI,removable-prosthetics,acrylic-teeth,material,approved_rule,legacy_category_rule,,unmatched,false,,材料,材料,塑鋼牙
YMH-T70-A2-02,New Ace 樹脂前齒上 A2-02,YAMAHACHI,removable-prosthetics,acrylic-teeth,material,approved_rule,legacy_category_rule,YMH-NEWACE,exact_unique,false,,材料,材料,塑鋼牙
YMH-T70-A2-03,New Ace 樹脂前齒上 A2-03,YAMAHACHI,removable-prosthetics,acrylic-teeth,material,approved_rule,legacy_category_rule,YMH-NEWACE,exact_unique,false,,材料,材料,塑鋼牙
YMH-T70-A2-04,New Ace 樹脂前齒上 A2-04,YAMAHACHI,removable-prosthetics,acrylic-teeth,material,approved_rule,legacy_category_rule,YMH-NEWACE,exact_unique,false,,材料,材料,塑鋼牙
YMH-T70-A2-05,New Ace 樹脂前齒上 A2-05,YAMAHACHI,removable-prosthetics,acrylic-teeth,material,approved_rule,legacy_category_rule,YMH-NEWACE,exact_unique,false,,材料,材料,塑鋼牙
YMH-T70-A2-1,New Ace 樹脂前齒 A2-上,YAMAHACHI,removable-prosthetics,acrylic-teeth,material,approved_rule,legacy_category_rule,YMH-NEWACE,exact_unique,false,,材料,材料,塑鋼牙
YMH-T70-A2-2,New Ace 樹脂前齒 A2-下,YAMAHACHI,removable-prosthetics,acrylic-teeth,material,approved_rule,legacy_category_rule,YMH-NEWACE,exact_unique,false,,材料,材料,塑鋼牙
YMH-T70-A2-L2,New Ace 樹脂前齒下 A2-L2,YAMAHACHI,removable-prosthetics,acrylic-teeth,material,approved_rule,legacy_category_rule,YMH-NEWACE,exact_unique,false,,材料,材料,塑鋼牙
YMH-T70-A2-L3,New Ace 樹脂前齒下 A2-L3,YAMAHACHI,removable-prosthetics,acrylic-teeth,material,approved_rule,legacy_category_rule,YMH-NEWACE,exact_unique,false,,材料,材料,塑鋼牙
YMH-T70-A2-L4,New Ace 樹脂前齒下 A2-L4,YAMAHACHI,removable-prosthetics,acrylic-teeth,material,approved_rule,legacy_category_rule,YMH-NEWACE,exact_unique,false,,材料,材料,塑鋼牙
YMH-T70-A2-L5,New Ace 樹脂前齒下 A2-L5,YAMAHACHI,removable-prosthetics,acrylic-teeth,material,approved_rule,legacy_category_rule,YMH-NEWACE,exact_unique,false,,材料,材料,塑鋼牙
YMH-T70-A2-L6,New Ace 樹脂前齒下 A2-L6,YAMAHACHI,removable-prosthetics,acrylic-teeth,material,approved_rule,legacy_category_rule,YMH-NEWACE,exact_unique,false,,材料,材料,塑鋼牙
YMH-T70-A2-L7,New Ace 樹脂前齒下 A2-L7,YAMAHACHI,removable-prosthetics,acrylic-teeth,material,approved_rule,legacy_category_rule,YMH-NEWACE,exact_unique,false,,材料,材料,塑鋼牙
YMH-T70-A2-L8,New Ace 樹脂前齒下 A2-L8,YAMAHACHI,removable-prosthetics,acrylic-teeth,material,approved_rule,legacy_category_rule,YMH-NEWACE,exact_unique,false,,材料,材料,塑鋼牙
YMH-T70-A2-S2,New Ace 樹脂前齒下 A2-S2,YAMAHACHI,removable-prosthetics,acrylic-teeth,material,approved_rule,legacy_category_rule,YMH-NEWACE,exact_unique,false,,材料,材料,塑鋼牙
YMH-T70-A2-S3,New Ace 樹脂前齒下 A2-S3,YAMAHACHI,removable-prosthetics,acrylic-teeth,material,approved_rule,legacy_category_rule,YMH-NEWACE,exact_unique,false,,材料,材料,塑鋼牙
YMH-T70-A2-S3L,New Ace 樹脂前齒下 A2-S3下,YAMAHACHI,removable-prosthetics,acrylic-teeth,material,approved_rule,legacy_category_rule,YMH-NEWACE,exact_unique,false,,材料,材料,塑鋼牙
YMH-T70-A2-S4,New Ace 樹脂前齒下 A2-S4,YAMAHACHI,removable-prosthetics,acrylic-teeth,material,approved_rule,legacy_category_rule,YMH-NEWACE,exact_unique,false,,材料,材料,塑鋼牙
YMH-T70-A2-S4L,New Ace 樹脂前齒下 A2-S4下,YAMAHACHI,removable-prosthetics,acrylic-teeth,material,approved_rule,legacy_category_rule,YMH-NEWACE,exact_unique,false,,材料,材料,塑鋼牙
YMH-T70-A2-S5,New Ace 樹脂前齒下 A2-S5,YAMAHACHI,removable-prosthetics,acrylic-teeth,material,approved_rule,legacy_category_rule,YMH-NEWACE,exact_unique,false,,材料,材料,塑鋼牙
YMH-T70-A2-S6,New Ace 樹脂前齒下 A2-S6,YAMAHACHI,removable-prosthetics,acrylic-teeth,material,approved_rule,legacy_category_rule,YMH-NEWACE,exact_unique,false,,材料,材料,塑鋼牙
YMH-T70-A2-SS2,New Ace 樹脂前齒上 A2-SS2,YAMAHACHI,removable-prosthetics,acrylic-teeth,material,approved_rule,legacy_category_rule,YMH-NEWACE,exact_unique,false,,材料,材料,塑鋼牙
YMH-T70-A2-SS3,New Ace 樹脂前齒上 A2-SS3,YAMAHACHI,removable-prosthetics,acrylic-teeth,material,approved_rule,legacy_category_rule,YMH-NEWACE,exact_unique,false,,材料,材料,塑鋼牙
YMH-T70-A2-T1,New Ace 樹脂前齒上 A2-T1,YAMAHACHI,removable-prosthetics,acrylic-teeth,material,approved_rule,legacy_category_rule,YMH-NEWACE,exact_unique,false,,材料,材料,塑鋼牙
YMH-T70-A2-T2,New Ace 樹脂前齒上 A2-T2,YAMAHACHI,removable-prosthetics,acrylic-teeth,material,approved_rule,legacy_category_rule,YMH-NEWACE,exact_unique,false,,材料,材料,塑鋼牙
YMH-T70-A2-T3,New Ace 樹脂前齒上 A2-T3,YAMAHACHI,removable-prosthetics,acrylic-teeth,material,approved_rule,legacy_category_rule,YMH-NEWACE,exact_unique,false,,材料,材料,塑鋼牙
YMH-T70-A2-T4,New Ace 樹脂前齒上 A2-T4,YAMAHACHI,removable-prosthetics,acrylic-teeth,material,approved_rule,legacy_category_rule,YMH-NEWACE,exact_unique,false,,材料,材料,塑鋼牙
YMH-T70-A2-T5,New Ace 樹脂前齒上 A2-T5,YAMAHACHI,removable-prosthetics,acrylic-teeth,material,approved_rule,legacy_category_rule,YMH-NEWACE,exact_unique,false,,材料,材料,塑鋼牙
YMH-T70-A2-T6,New Ace 樹脂前齒上 A2-T6,YAMAHACHI,removable-prosthetics,acrylic-teeth,material,approved_rule,legacy_category_rule,YMH-NEWACE,exact_unique,false,,材料,材料,塑鋼牙
YMH-T70-A2-TL4,New Ace 樹脂前齒上 A2-TL4,YAMAHACHI,removable-prosthetics,acrylic-teeth,material,approved_rule,legacy_category_rule,YMH-NEWACE,exact_unique,false,,材料,材料,塑鋼牙
YMH-T70-A2-TL5,New Ace 樹脂前齒上 A2-TL5,YAMAHACHI,removable-prosthetics,acrylic-teeth,material,approved_rule,legacy_category_rule,YMH-NEWACE,exact_unique,false,,材料,材料,塑鋼牙
YMH-T70-A2-TL6,New Ace 樹脂前齒上 A2-TL6,YAMAHACHI,removable-prosthetics,acrylic-teeth,material,approved_rule,legacy_category_rule,YMH-NEWACE,exact_unique,false,,材料,材料,塑鋼牙
YMH-T70-A3-1,New Ace 樹脂前齒 A3-上,YAMAHACHI,removable-prosthetics,acrylic-teeth,material,approved_rule,legacy_category_rule,YMH-NEWACE,exact_unique,false,,材料,材料,塑鋼牙
YMH-T70-A3-2,New Ace 樹脂前齒 A3-下,YAMAHACHI,removable-prosthetics,acrylic-teeth,material,approved_rule,legacy_category_rule,YMH-NEWACE,exact_unique,false,,材料,材料,塑鋼牙
YMH-T70-A3-L2,New Ace 樹脂前齒下 A3-L2,YAMAHACHI,removable-prosthetics,acrylic-teeth,material,approved_rule,legacy_category_rule,YMH-NEWACE,exact_unique,false,,材料,材料,塑鋼牙
YMH-T70-A3-L3,New Ace 樹脂前齒下 A3-L3,YAMAHACHI,removable-prosthetics,acrylic-teeth,material,approved_rule,legacy_category_rule,YMH-NEWACE,exact_unique,false,,材料,材料,塑鋼牙
YMH-T70-A3-L4,New Ace 樹脂前齒下 A3-L4,YAMAHACHI,removable-prosthetics,acrylic-teeth,material,approved_rule,legacy_category_rule,YMH-NEWACE,exact_unique,false,,材料,材料,塑鋼牙
YMH-T70-A3-L5,New Ace 樹脂前齒下 A3-L5,YAMAHACHI,removable-prosthetics,acrylic-teeth,material,approved_rule,legacy_category_rule,YMH-NEWACE,exact_unique,false,,材料,材料,塑鋼牙
YMH-T70-A3-L6,New Ace 樹脂前齒下 A3-L6,YAMAHACHI,removable-prosthetics,acrylic-teeth,material,approved_rule,legacy_category_rule,YMH-NEWACE,exact_unique,false,,材料,材料,塑鋼牙
YMH-T70-A3-L7,New Ace 樹脂前齒下 A3-L7,YAMAHACHI,removable-prosthetics,acrylic-teeth,material,approved_rule,legacy_category_rule,YMH-NEWACE,exact_unique,false,,材料,材料,塑鋼牙
YMH-T70-A3-L8,New Ace 樹脂前齒下 A3-L8,YAMAHACHI,removable-prosthetics,acrylic-teeth,material,approved_rule,legacy_category_rule,YMH-NEWACE,exact_unique,false,,材料,材料,塑鋼牙
YMH-T70-A3-O2,New Ace 樹脂前齒上 A3-O2,YAMAHACHI,removable-prosthetics,acrylic-teeth,material,approved_rule,legacy_category_rule,YMH-NEWACE,exact_unique,false,,材料,材料,塑鋼牙
YMH-T70-A3-O3,New Ace 樹脂前齒下 A3-O3,YAMAHACHI,removable-prosthetics,acrylic-teeth,material,approved_rule,legacy_category_rule,YMH-NEWACE,exact_unique,false,,材料,材料,塑鋼牙
YMH-T70-A3-O4,New Ace 樹脂前齒下 A3-O4,YAMAHACHI,removable-prosthetics,acrylic-teeth,material,approved_rule,legacy_category_rule,YMH-NEWACE,exact_unique,false,,材料,材料,塑鋼牙
YMH-T70-A3-O5,New Ace 樹脂前齒下 A3-O5,YAMAHACHI,removable-prosthetics,acrylic-teeth,material,approved_rule,legacy_category_rule,YMH-NEWACE,exact_unique,false,,材料,材料,塑鋼牙
YMH-T70-A3-S2,New Ace 樹脂前齒下 A3-S2,YAMAHACHI,removable-prosthetics,acrylic-teeth,material,approved_rule,legacy_category_rule,YMH-NEWACE,exact_unique,false,,材料,材料,塑鋼牙
YMH-T70-A3-S3,New Ace 樹脂前齒下 A3-S3,YAMAHACHI,removable-prosthetics,acrylic-teeth,material,approved_rule,legacy_category_rule,YMH-NEWACE,exact_unique,false,,材料,材料,塑鋼牙
YMH-T70-A3-S3L,New Ace 樹脂前齒下 A3-S3下,YAMAHACHI,removable-prosthetics,acrylic-teeth,material,approved_rule,legacy_category_rule,YMH-NEWACE,exact_unique,false,,材料,材料,塑鋼牙
YMH-T70-A3-S4,New Ace 樹脂前齒下 A3-S4,YAMAHACHI,removable-prosthetics,acrylic-teeth,material,approved_rule,legacy_category_rule,YMH-NEWACE,exact_unique,false,,材料,材料,塑鋼牙
YMH-T70-A3-S4L,New Ace 樹脂前齒下 A3-S4下,YAMAHACHI,removable-prosthetics,acrylic-teeth,material,approved_rule,legacy_category_rule,YMH-NEWACE,exact_unique,false,,材料,材料,塑鋼牙
YMH-T70-A3-S5,New Ace 樹脂前齒下 A3-S5,YAMAHACHI,removable-prosthetics,acrylic-teeth,material,approved_rule,legacy_category_rule,YMH-NEWACE,exact_unique,false,,材料,材料,塑鋼牙
YMH-T70-A3-S6,New Ace 樹脂前齒下 A3-S6,YAMAHACHI,removable-prosthetics,acrylic-teeth,material,approved_rule,legacy_category_rule,YMH-NEWACE,exact_unique,false,,材料,材料,塑鋼牙
YMH-T70-A3-SS2,New Ace 樹脂前齒下 A3-SS2,YAMAHACHI,removable-prosthetics,acrylic-teeth,material,approved_rule,legacy_category_rule,YMH-NEWACE,exact_unique,false,,材料,材料,塑鋼牙
YMH-T70-A3-SS3,New Ace 樹脂前齒下 A3-SS3,YAMAHACHI,removable-prosthetics,acrylic-teeth,material,approved_rule,legacy_category_rule,YMH-NEWACE,exact_unique,false,,材料,材料,塑鋼牙
YMH-T70-A3-T1,New Ace 樹脂前齒上 A3-T1,YAMAHACHI,removable-prosthetics,acrylic-teeth,material,approved_rule,legacy_category_rule,YMH-NEWACE,exact_unique,false,,材料,材料,塑鋼牙
YMH-T70-A3-T2,New Ace 樹脂前齒上 A3-T2,YAMAHACHI,removable-prosthetics,acrylic-teeth,material,approved_rule,legacy_category_rule,YMH-NEWACE,exact_unique,false,,材料,材料,塑鋼牙
YMH-T70-A3-T3,New Ace 樹脂前齒上 A3-T3,YAMAHACHI,removable-prosthetics,acrylic-teeth,material,approved_rule,legacy_category_rule,YMH-NEWACE,exact_unique,false,,材料,材料,塑鋼牙
YMH-T70-A3-T4,New Ace 樹脂前齒上 A3-T4,YAMAHACHI,removable-prosthetics,acrylic-teeth,material,approved_rule,legacy_category_rule,YMH-NEWACE,exact_unique,false,,材料,材料,塑鋼牙
YMH-T70-A3-T5,New Ace 樹脂前齒上 A3-T5,YAMAHACHI,removable-prosthetics,acrylic-teeth,material,approved_rule,legacy_category_rule,YMH-NEWACE,exact_unique,false,,材料,材料,塑鋼牙
YMH-T70-A3-T6,New Ace 樹脂前齒上 A3-T6,YAMAHACHI,removable-prosthetics,acrylic-teeth,material,approved_rule,legacy_category_rule,YMH-NEWACE,exact_unique,false,,材料,材料,塑鋼牙
YMH-T70-A3-TL4,New Ace 樹脂前齒上 A3-TL4,YAMAHACHI,removable-prosthetics,acrylic-teeth,material,approved_rule,legacy_category_rule,YMH-NEWACE,exact_unique,false,,材料,材料,塑鋼牙
YMH-T70-A3-TL5,New Ace 樹脂前齒上 A3-TL5,YAMAHACHI,removable-prosthetics,acrylic-teeth,material,approved_rule,legacy_category_rule,YMH-NEWACE,exact_unique,false,,材料,材料,塑鋼牙
YMH-T70-A3-TL6,New Ace 樹脂前齒上 A3-TL6,YAMAHACHI,removable-prosthetics,acrylic-teeth,material,approved_rule,legacy_category_rule,YMH-NEWACE,exact_unique,false,,材料,材料,塑鋼牙
YMH-T70-A3.5-1,New Ace 樹脂前齒 A3.5-上,YAMAHACHI,removable-prosthetics,acrylic-teeth,material,approved_rule,legacy_category_rule,YMH-NEWACE,exact_unique,false,,材料,材料,塑鋼牙
YMH-T70-A3.5-2,New Ace 樹脂前齒 A3.5-下,YAMAHACHI,removable-prosthetics,acrylic-teeth,material,approved_rule,legacy_category_rule,YMH-NEWACE,exact_unique,false,,材料,材料,塑鋼牙
YMH-T70-A3.5-L2,New Ace 樹脂前齒下 A3.5-L2,YAMAHACHI,removable-prosthetics,acrylic-teeth,material,approved_rule,legacy_category_rule,YMH-NEWACE,exact_unique,false,,材料,材料,塑鋼牙
YMH-T70-A3.5-L3,New Ace 樹脂前齒下 A3.5-L3,YAMAHACHI,removable-prosthetics,acrylic-teeth,material,approved_rule,legacy_category_rule,YMH-NEWACE,exact_unique,false,,材料,材料,塑鋼牙
YMH-T70-A3.5-L4,New Ace 樹脂前齒下 A3.5-L4,YAMAHACHI,removable-prosthetics,acrylic-teeth,material,approved_rule,legacy_category_rule,YMH-NEWACE,exact_unique,false,,材料,材料,塑鋼牙
YMH-T70-A3.5-L5,New Ace 樹脂前齒下 A3.5-L5,YAMAHACHI,removable-prosthetics,acrylic-teeth,material,approved_rule,legacy_category_rule,YMH-NEWACE,exact_unique,false,,材料,材料,塑鋼牙
YMH-T70-A3.5-L6,New Ace 樹脂前齒下 A3.5-L6,YAMAHACHI,removable-prosthetics,acrylic-teeth,material,approved_rule,legacy_category_rule,YMH-NEWACE,exact_unique,false,,材料,材料,塑鋼牙
YMH-T70-A3.5-L7,New Ace 樹脂前齒下 A3.5-L7,YAMAHACHI,removable-prosthetics,acrylic-teeth,material,approved_rule,legacy_category_rule,YMH-NEWACE,exact_unique,false,,材料,材料,塑鋼牙
YMH-T70-A3.5-L8,New Ace 樹脂前齒下 A3.5-L8,YAMAHACHI,removable-prosthetics,acrylic-teeth,material,approved_rule,legacy_category_rule,YMH-NEWACE,exact_unique,false,,材料,材料,塑鋼牙
YMH-T70-A3.5-O2,New Ace 樹脂前齒上 A3.5-O2,YAMAHACHI,removable-prosthetics,acrylic-teeth,material,approved_rule,legacy_category_rule,YMH-NEWACE,exact_unique,false,,材料,材料,塑鋼牙
YMH-T70-A3.5-O3,New Ace 樹脂前齒上 A3.5-O3,YAMAHACHI,removable-prosthetics,acrylic-teeth,material,approved_rule,legacy_category_rule,YMH-NEWACE,exact_unique,false,,材料,材料,塑鋼牙
YMH-T70-A3.5-O4,New Ace 樹脂前齒上 A3.5-O4,YAMAHACHI,removable-prosthetics,acrylic-teeth,material,approved_rule,legacy_category_rule,YMH-NEWACE,exact_unique,false,,材料,材料,塑鋼牙
YMH-T70-A3.5-O5,New Ace 樹脂前齒上 A3.5-O5,YAMAHACHI,removable-prosthetics,acrylic-teeth,material,approved_rule,legacy_category_rule,YMH-NEWACE,exact_unique,false,,材料,材料,塑鋼牙
YMH-T70-A3.5-S2,New Ace 樹脂前齒上 A3.5-S2,YAMAHACHI,removable-prosthetics,acrylic-teeth,material,approved_rule,legacy_category_rule,YMH-NEWACE,exact_unique,false,,材料,材料,塑鋼牙
YMH-T70-A3.5-S3,New Ace 樹脂前齒上 A3.5-S3,YAMAHACHI,removable-prosthetics,acrylic-teeth,material,approved_rule,legacy_category_rule,YMH-NEWACE,exact_unique,false,,材料,材料,塑鋼牙
YMH-T70-A3.5-S3L,New Ace 樹脂前齒下 A3.5-S3下,YAMAHACHI,removable-prosthetics,acrylic-teeth,material,approved_rule,legacy_category_rule,YMH-NEWACE,exact_unique,false,,材料,材料,塑鋼牙
YMH-T70-A3.5-S4,New Ace 樹脂前齒上 A3.5-S4,YAMAHACHI,removable-prosthetics,acrylic-teeth,material,approved_rule,legacy_category_rule,YMH-NEWACE,exact_unique,false,,材料,材料,塑鋼牙
YMH-T70-A3.5-S4L,New Ace 樹脂前齒下 A3.5-S4下,YAMAHACHI,removable-prosthetics,acrylic-teeth,material,approved_rule,legacy_category_rule,YMH-NEWACE,exact_unique,false,,材料,材料,塑鋼牙
YMH-T70-A3.5-S5,New Ace 樹脂前齒上 A3.5-S5,YAMAHACHI,removable-prosthetics,acrylic-teeth,material,approved_rule,legacy_category_rule,YMH-NEWACE,exact_unique,false,,材料,材料,塑鋼牙
YMH-T70-A3.5-S6,New Ace 樹脂前齒上 A3.5-S6,YAMAHACHI,removable-prosthetics,acrylic-teeth,material,approved_rule,legacy_category_rule,YMH-NEWACE,exact_unique,false,,材料,材料,塑鋼牙
YMH-T70-A3.5-SS2,New Ace 樹脂前齒下 A3.5-SS2,YAMAHACHI,removable-prosthetics,acrylic-teeth,material,approved_rule,legacy_category_rule,YMH-NEWACE,exact_unique,false,,材料,材料,塑鋼牙
YMH-T70-A3.5-SS3,New Ace 樹脂前齒下 A3.5-SS3,YAMAHACHI,removable-prosthetics,acrylic-teeth,material,approved_rule,legacy_category_rule,YMH-NEWACE,exact_unique,false,,材料,材料,塑鋼牙
YMH-T70-A3.5-T1,New Ace 樹脂前齒上 A3.5-T1,YAMAHACHI,removable-prosthetics,acrylic-teeth,material,approved_rule,legacy_category_rule,YMH-NEWACE,exact_unique,false,,材料,材料,塑鋼牙
YMH-T70-A3.5-T2,New Ace 樹脂前齒上 A3.5-T2,YAMAHACHI,removable-prosthetics,acrylic-teeth,material,approved_rule,legacy_category_rule,YMH-NEWACE,exact_unique,false,,材料,材料,塑鋼牙
YMH-T70-A3.5-T3,New Ace 樹脂前齒上 A3.5-T3,YAMAHACHI,removable-prosthetics,acrylic-teeth,material,approved_rule,legacy_category_rule,YMH-NEWACE,exact_unique,false,,材料,材料,塑鋼牙
YMH-T70-A3.5-T4,New Ace 樹脂前齒上 A3.5-T4,YAMAHACHI,removable-prosthetics,acrylic-teeth,material,approved_rule,legacy_category_rule,YMH-NEWACE,exact_unique,false,,材料,材料,塑鋼牙
YMH-T70-A3.5-T5,New Ace 樹脂前齒上 A3.5-T5,YAMAHACHI,removable-prosthetics,acrylic-teeth,material,approved_rule,legacy_category_rule,YMH-NEWACE,exact_unique,false,,材料,材料,塑鋼牙
YMH-T70-A3.5-T6,New Ace 樹脂前齒上 A3.5-T6,YAMAHACHI,removable-prosthetics,acrylic-teeth,material,approved_rule,legacy_category_rule,YMH-NEWACE,exact_unique,false,,材料,材料,塑鋼牙
YMH-T70-A3.5-TL4,New Ace 樹脂前齒上 A3.5-TL4,YAMAHACHI,removable-prosthetics,acrylic-teeth,material,approved_rule,legacy_category_rule,YMH-NEWACE,exact_unique,false,,材料,材料,塑鋼牙
YMH-T70-A3.5-TL5,New Ace 樹脂前齒上 A3.5-TL5,YAMAHACHI,removable-prosthetics,acrylic-teeth,material,approved_rule,legacy_category_rule,YMH-NEWACE,exact_unique,false,,材料,材料,塑鋼牙
YMH-T70-A3.5-TL6,New Ace 樹脂前齒上 A3.5-TL6,YAMAHACHI,removable-prosthetics,acrylic-teeth,material,approved_rule,legacy_category_rule,YMH-NEWACE,exact_unique,false,,材料,材料,塑鋼牙
YMH-T75-1,MILLION 樹脂臼齒 A2-28,YAMAHACHI,removable-prosthetics,acrylic-teeth,material,approved_rule,legacy_category_rule,,unmatched,false,,材料,材料,塑鋼牙
YMH-T75-2,MILLION 樹脂臼齒 A2-29,YAMAHACHI,removable-prosthetics,acrylic-teeth,material,approved_rule,legacy_category_rule,,unmatched,false,,材料,材料,塑鋼牙
YMH-T75-3,MILLION 樹脂臼齒 A2-30,YAMAHACHI,removable-prosthetics,acrylic-teeth,material,approved_rule,legacy_category_rule,,unmatched,false,,材料,材料,塑鋼牙
YMH-T75-4,MILLION 樹脂臼齒 A2-31,YAMAHACHI,removable-prosthetics,acrylic-teeth,material,approved_rule,legacy_category_rule,,unmatched,false,,材料,材料,塑鋼牙
YMH-T75-5,MILLION 樹脂臼齒 A2-32,YAMAHACHI,removable-prosthetics,acrylic-teeth,material,approved_rule,legacy_category_rule,,unmatched,false,,材料,材料,塑鋼牙
YMH-T76-1,MILLION 樹脂臼齒 A3-28,YAMAHACHI,removable-prosthetics,acrylic-teeth,material,approved_rule,legacy_category_rule,,unmatched,false,,材料,材料,塑鋼牙
YMH-T76-2,MILLION 樹脂臼齒 A3-29,YAMAHACHI,removable-prosthetics,acrylic-teeth,material,approved_rule,legacy_category_rule,,unmatched,false,,材料,材料,塑鋼牙
YMH-T76-3,MILLION 樹脂臼齒 A3-30,YAMAHACHI,removable-prosthetics,acrylic-teeth,material,approved_rule,legacy_category_rule,,unmatched,false,,材料,材料,塑鋼牙
YMH-T76-4,MILLION 樹脂臼齒 A3-31,YAMAHACHI,removable-prosthetics,acrylic-teeth,material,approved_rule,legacy_category_rule,,unmatched,false,,材料,材料,塑鋼牙
YMH-T76-5,MILLION 樹脂臼齒 A3-32,YAMAHACHI,removable-prosthetics,acrylic-teeth,material,approved_rule,legacy_category_rule,,unmatched,false,,材料,材料,塑鋼牙
YMH-T76-A2-28L,MILLION 樹脂臼齒 A2-28下,YAMAHACHI,removable-prosthetics,acrylic-teeth,material,approved_rule,legacy_category_rule,YMH-MILLIONP,exact_unique,false,,材料,材料,塑鋼牙
YMH-T76-A2-28U,MILLION 樹脂臼齒 A2-28上,YAMAHACHI,removable-prosthetics,acrylic-teeth,material,approved_rule,legacy_category_rule,YMH-MILLIONP,exact_unique,false,,材料,材料,塑鋼牙
YMH-T76-A2-29L,MILLION 樹脂臼齒 A2-29下,YAMAHACHI,removable-prosthetics,acrylic-teeth,material,approved_rule,legacy_category_rule,YMH-MILLIONP,exact_unique,false,,材料,材料,塑鋼牙
YMH-T76-A2-29U,MILLION 樹脂臼齒 A2-29上,YAMAHACHI,removable-prosthetics,acrylic-teeth,material,approved_rule,legacy_category_rule,YMH-MILLIONP,exact_unique,false,,材料,材料,塑鋼牙
YMH-T76-A2-30L,MILLION 樹脂臼齒 A2-30下,YAMAHACHI,removable-prosthetics,acrylic-teeth,material,approved_rule,legacy_category_rule,YMH-MILLIONP,exact_unique,false,,材料,材料,塑鋼牙
YMH-T76-A2-30U,MILLION 樹脂臼齒 A2-30上,YAMAHACHI,removable-prosthetics,acrylic-teeth,material,approved_rule,legacy_category_rule,YMH-MILLIONP,exact_unique,false,,材料,材料,塑鋼牙
YMH-T76-A2-31L,MILLION 樹脂臼齒 A2-31下,YAMAHACHI,removable-prosthetics,acrylic-teeth,material,approved_rule,legacy_category_rule,YMH-MILLIONP,exact_unique,false,,材料,材料,塑鋼牙
YMH-T76-A2-31U,MILLION 樹脂臼齒 A2-31上,YAMAHACHI,removable-prosthetics,acrylic-teeth,material,approved_rule,legacy_category_rule,YMH-MILLIONP,exact_unique,false,,材料,材料,塑鋼牙
YMH-T76-A2-32L,MILLION 樹脂臼齒 A2-32下,YAMAHACHI,removable-prosthetics,acrylic-teeth,material,approved_rule,legacy_category_rule,YMH-MILLIONP,exact_unique,false,,材料,材料,塑鋼牙
YMH-T76-A2-32U,MILLION 樹脂臼齒 A2-32上,YAMAHACHI,removable-prosthetics,acrylic-teeth,material,approved_rule,legacy_category_rule,YMH-MILLIONP,exact_unique,false,,材料,材料,塑鋼牙
YMH-T76-A3-28L,MILLION 樹脂臼齒 A3-28下,YAMAHACHI,removable-prosthetics,acrylic-teeth,material,approved_rule,legacy_category_rule,YMH-MILLIONP,exact_unique,false,,材料,材料,塑鋼牙
YMH-T76-A3-28U,MILLION 樹脂臼齒 A3-28上,YAMAHACHI,removable-prosthetics,acrylic-teeth,material,approved_rule,legacy_category_rule,YMH-MILLIONP,exact_unique,false,,材料,材料,塑鋼牙
YMH-T76-A3-29L,MILLION 樹脂臼齒 A3-29下,YAMAHACHI,removable-prosthetics,acrylic-teeth,material,approved_rule,legacy_category_rule,YMH-MILLIONP,exact_unique,false,,材料,材料,塑鋼牙
YMH-T76-A3-29U,MILLION 樹脂臼齒 A3-29上,YAMAHACHI,removable-prosthetics,acrylic-teeth,material,approved_rule,legacy_category_rule,YMH-MILLIONP,exact_unique,false,,材料,材料,塑鋼牙
YMH-T76-A3-30L,MILLION 樹脂臼齒 A3-30下,YAMAHACHI,removable-prosthetics,acrylic-teeth,material,approved_rule,legacy_category_rule,YMH-MILLIONP,exact_unique,false,,材料,材料,塑鋼牙
YMH-T76-A3-30U,MILLION 樹脂臼齒 A3-30上,YAMAHACHI,removable-prosthetics,acrylic-teeth,material,approved_rule,legacy_category_rule,YMH-MILLIONP,exact_unique,false,,材料,材料,塑鋼牙
YMH-T76-A3-31L,MILLION 樹脂臼齒 A3-31下,YAMAHACHI,removable-prosthetics,acrylic-teeth,material,approved_rule,legacy_category_rule,YMH-MILLIONP,exact_unique,false,,材料,材料,塑鋼牙
YMH-T76-A3-31U,MILLION 樹脂臼齒 A3-31上,YAMAHACHI,removable-prosthetics,acrylic-teeth,material,approved_rule,legacy_category_rule,YMH-MILLIONP,exact_unique,false,,材料,材料,塑鋼牙
YMH-T76-A3-32L,MILLION 樹脂臼齒 A3-32下,YAMAHACHI,removable-prosthetics,acrylic-teeth,material,approved_rule,legacy_category_rule,YMH-MILLIONP,exact_unique,false,,材料,材料,塑鋼牙
YMH-T76-A3-32U,MILLION 樹脂臼齒 A3-32上,YAMAHACHI,removable-prosthetics,acrylic-teeth,material,approved_rule,legacy_category_rule,YMH-MILLIONP,exact_unique,false,,材料,材料,塑鋼牙
YMH-T77-1,MILLION 樹脂臼齒 A3.5-28,YAMAHACHI,removable-prosthetics,acrylic-teeth,material,approved_rule,legacy_category_rule,,unmatched,false,,材料,材料,塑鋼牙
YMH-T77-2,MILLION 樹脂臼齒 A3.5-29,YAMAHACHI,removable-prosthetics,acrylic-teeth,material,approved_rule,legacy_category_rule,,unmatched,false,,材料,材料,塑鋼牙
YMH-T77-3,MILLION 樹脂臼齒 A3.5-30,YAMAHACHI,removable-prosthetics,acrylic-teeth,material,approved_rule,legacy_category_rule,,unmatched,false,,材料,材料,塑鋼牙
YMH-T77-4,MILLION 樹脂臼齒 A3.5-31,YAMAHACHI,removable-prosthetics,acrylic-teeth,material,approved_rule,legacy_category_rule,,unmatched,false,,材料,材料,塑鋼牙
YMH-T77-5,MILLION 樹脂臼齒 A3.5-32,YAMAHACHI,removable-prosthetics,acrylic-teeth,material,approved_rule,legacy_category_rule,,unmatched,false,,材料,材料,塑鋼牙
YMH-T77-A3.5-28L,MILLION 樹脂臼齒 A3.5-28下,YAMAHACHI,removable-prosthetics,acrylic-teeth,material,approved_rule,legacy_category_rule,YMH-MILLIONP,exact_unique,false,,材料,材料,塑鋼牙
YMH-T77-A3.5-28U,MILLION 樹脂臼齒 A3.5-28上,YAMAHACHI,removable-prosthetics,acrylic-teeth,material,approved_rule,legacy_category_rule,YMH-MILLIONP,exact_unique,false,,材料,材料,塑鋼牙
YMH-T77-A3.5-29L,MILLION 樹脂臼齒 A3.5-29下,YAMAHACHI,removable-prosthetics,acrylic-teeth,material,approved_rule,legacy_category_rule,YMH-MILLIONP,exact_unique,false,,材料,材料,塑鋼牙
YMH-T77-A3.5-29U,MILLION 樹脂臼齒 A3.5-29上,YAMAHACHI,removable-prosthetics,acrylic-teeth,material,approved_rule,legacy_category_rule,YMH-MILLIONP,exact_unique,false,,材料,材料,塑鋼牙
YMH-T77-A3.5-30L,MILLION 樹脂臼齒 A3.5-30下,YAMAHACHI,removable-prosthetics,acrylic-teeth,material,approved_rule,legacy_category_rule,YMH-MILLIONP,exact_unique,false,,材料,材料,塑鋼牙
YMH-T77-A3.5-30U,MILLION 樹脂臼齒 A3.5-30上,YAMAHACHI,removable-prosthetics,acrylic-teeth,material,approved_rule,legacy_category_rule,YMH-MILLIONP,exact_unique,false,,材料,材料,塑鋼牙
YMH-T77-A3.5-31L,MILLION 樹脂臼齒 A3.5-31下,YAMAHACHI,removable-prosthetics,acrylic-teeth,material,approved_rule,legacy_category_rule,YMH-MILLIONP,exact_unique,false,,材料,材料,塑鋼牙
YMH-T77-A3.5-31U,MILLION 樹脂臼齒 A3.5-31上,YAMAHACHI,removable-prosthetics,acrylic-teeth,material,approved_rule,legacy_category_rule,YMH-MILLIONP,exact_unique,false,,材料,材料,塑鋼牙
YMH-T77-A3.5-32L,MILLION 樹脂臼齒 A3.5-32下,YAMAHACHI,removable-prosthetics,acrylic-teeth,material,approved_rule,legacy_category_rule,YMH-MILLIONP,exact_unique,false,,材料,材料,塑鋼牙
YMH-T77-A3.5-32U,MILLION 樹脂臼齒 A3.5-32上,YAMAHACHI,removable-prosthetics,acrylic-teeth,material,approved_rule,legacy_category_rule,YMH-MILLIONP,exact_unique,false,,材料,材料,塑鋼牙
YMH-T78,MILLION 塑脂臼齒綜合 A3-30(50顆),YAMAHACHI,removable-prosthetics,acrylic-teeth,material,approved_rule,legacy_category_rule,,unmatched,false,,材料,材料,塑鋼牙
YMH-T79-3,MILLION 塑脂臼齒綜合 A3-30(16包),YAMAHACHI,removable-prosthetics,acrylic-teeth,material,approved_rule,legacy_category_rule,,unmatched,false,,材料,材料,塑鋼牙
YMH-T79-4,MILLION 塑脂臼齒綜合 A3-31(16包),YAMAHACHI,removable-prosthetics,acrylic-teeth,material,approved_rule,legacy_category_rule,,unmatched,false,,材料,材料,塑鋼牙
YMH-T79-5,MILLION 塑脂臼齒綜合 A3-32(16包),YAMAHACHI,removable-prosthetics,acrylic-teeth,material,approved_rule,legacy_category_rule,,unmatched,false,,材料,材料,塑鋼牙
YMH-T80-A2,Crown NS A2 全口,YAMAHACHI,fixed-restorative,ceramic-material,material,approved_rule,legacy_category_rule,,unmatched,false,,材料,材料,瓷粉 / 陶瓷
YMH-T80-A3,Crown NS A3 全口,YAMAHACHI,fixed-restorative,ceramic-material,material,approved_rule,legacy_category_rule,,unmatched,false,,材料,材料,瓷粉 / 陶瓷
YMH-T81-2,Flat AC 臼齒 A3-30,YAMAHACHI,fixed-restorative,ceramic-material,material,approved_rule,legacy_category_rule,,unmatched,false,,材料,材料,瓷粉 / 陶瓷
YMH-T81-3,Flat AC 臼齒 A3-32,YAMAHACHI,fixed-restorative,ceramic-material,material,approved_rule,legacy_category_rule,,unmatched,false,,材料,材料,瓷粉 / 陶瓷
YMH-T82-A3.5-30,Systemic 21  A3.5-30,YAMAHACHI,fixed-restorative,ceramic-material,material,approved_rule,legacy_category_rule,,unmatched,false,,材料,材料,瓷粉 / 陶瓷
ZZ-46-02-1,Prettau Color Liquid Tissue A (20ml),Zirkonzahn,color-characterization,internal-stain,material,approved_rule,legacy_category_rule,,unmatched,false,,藥液,染液色料,染液 - 內染
ZZ-46-02-2,Prettau Color Liquid Tissue C (20ml),Zirkonzahn,color-characterization,internal-stain,material,approved_rule,legacy_category_rule,,unmatched,false,,藥液,染液色料,染液 - 內染
ZZ-46-02-3,Prettau Color Liquid Tissue B (20ml),Zirkonzahn,color-characterization,internal-stain,material,approved_rule,legacy_category_rule,,unmatched,false,,藥液,染液色料,染液 - 內染
ZZ-46-02-4,Prettau Color Liquid Orange 1 (20ml),Zirkonzahn,color-characterization,internal-stain,material,approved_rule,legacy_category_rule,,unmatched,false,,藥液,染液色料,染液 - 內染
ZZ-46-02-5,Prettau Color Liquid Brown 2 (20ml),Zirkonzahn,color-characterization,internal-stain,material,approved_rule,legacy_category_rule,,unmatched,false,,藥液,染液色料,染液 - 內染
ZZ-46-02-6,Prettau Color Liquid Grey (20ml),Zirkonzahn,color-characterization,internal-stain,material,approved_rule,legacy_category_rule,,unmatched,false,,藥液,染液色料,染液 - 內染
ZZ-46-02-7,Prettau Color Liquid Violet (20ml),Zirkonzahn,color-characterization,internal-stain,material,approved_rule,legacy_category_rule,,unmatched,false,,藥液,染液色料,染液 - 內染
ZZ-46-A1,Prettau Color Luquid A1 (50ml),Zirkonzahn,color-characterization,internal-stain,material,approved_rule,legacy_category_rule,,unmatched,false,,藥液,染液色料,染液 - 內染
ZZ-46-A2,Prettau Color Luquid A2 (50ml),Zirkonzahn,color-characterization,internal-stain,material,approved_rule,legacy_category_rule,,unmatched,false,,藥液,染液色料,染液 - 內染
ZZ-46-A3,Prettau Color Luquid A3 (50ml),Zirkonzahn,color-characterization,internal-stain,material,approved_rule,legacy_category_rule,,unmatched,false,,藥液,染液色料,染液 - 內染
ZZ-46-A3.5,Prettau Color Luquid A3.5 (50ml),Zirkonzahn,color-characterization,internal-stain,material,approved_rule,legacy_category_rule,,unmatched,false,,藥液,染液色料,染液 - 內染
ZZ-46-A4,Prettau Color Luquid A4 (50ml),Zirkonzahn,color-characterization,internal-stain,material,approved_rule,legacy_category_rule,,unmatched,false,,藥液,染液色料,染液 - 內染
ZZ-46-B1,Prettau Color Luquid B1 (50ml),Zirkonzahn,color-characterization,internal-stain,material,approved_rule,legacy_category_rule,,unmatched,false,,藥液,染液色料,染液 - 內染
ZZ-46-B2,Prettau Color Luquid B2 (50ml),Zirkonzahn,color-characterization,internal-stain,material,approved_rule,legacy_category_rule,,unmatched,false,,藥液,染液色料,染液 - 內染
ZZ-46-B3,Prettau Color Luquid B3 (50ml),Zirkonzahn,color-characterization,internal-stain,material,approved_rule,legacy_category_rule,,unmatched,false,,藥液,染液色料,染液 - 內染
ZZ-46-B4,Prettau Color Luquid B4 (50ml),Zirkonzahn,color-characterization,internal-stain,material,approved_rule,legacy_category_rule,,unmatched,false,,藥液,染液色料,染液 - 內染
ZZ-46-C1,Prettau Color Luquid C1 (50ml),Zirkonzahn,color-characterization,internal-stain,material,approved_rule,legacy_category_rule,,unmatched,false,,藥液,染液色料,染液 - 內染
ZZ-46-C2,Prettau Color Luquid C2 (50ml),Zirkonzahn,color-characterization,internal-stain,material,approved_rule,legacy_category_rule,,unmatched,false,,藥液,染液色料,染液 - 內染
ZZ-46-C3,Prettau Color Luquid C3 (50ml),Zirkonzahn,color-characterization,internal-stain,material,approved_rule,legacy_category_rule,,unmatched,false,,藥液,染液色料,染液 - 內染
ZZ-46-C4,Prettau Color Luquid C4(50ml),Zirkonzahn,color-characterization,internal-stain,material,approved_rule,legacy_category_rule,,unmatched,false,,藥液,染液色料,染液 - 內染
ZZ-46-D2,Prettau Color Luquid D2 (50ml),Zirkonzahn,color-characterization,internal-stain,material,approved_rule,legacy_category_rule,,unmatched,false,,藥液,染液色料,染液 - 內染
ZZ-46-D3,Prettau Color Luquid D3 (50ml),Zirkonzahn,color-characterization,internal-stain,material,approved_rule,legacy_category_rule,,unmatched,false,,藥液,染液色料,染液 - 內染
ZZ-46-D4,Prettau Color Luquid D4 (50ml),Zirkonzahn,color-characterization,internal-stain,material,approved_rule,legacy_category_rule,,unmatched,false,,藥液,染液色料,染液 - 內染
ZZ-47,Prettau Stain A2-A3.5 (1g),Zirkonzahn,color-characterization,external-stain,material,approved_rule,legacy_category_rule,,unmatched,false,,藥液,染液色料,染液 - 外染
ZZ-47-01,Prettau Stain B2-B4 (1g),Zirkonzahn,color-characterization,external-stain,material,approved_rule,legacy_category_rule,,unmatched,false,,藥液,染液色料,染液 - 外染
ZZ-47-02,Prettau Stain A1 (1g),Zirkonzahn,color-characterization,external-stain,material,approved_rule,legacy_category_rule,,unmatched,false,,藥液,染液色料,染液 - 外染
ZZ-47-03,Prettau Stain D2-D3 (1g),Zirkonzahn,color-characterization,external-stain,material,approved_rule,legacy_category_rule,,unmatched,false,,藥液,染液色料,染液 - 外染
ZZ-47-04,Prettau Stain C3-C4 (1g),Zirkonzahn,color-characterization,external-stain,material,approved_rule,legacy_category_rule,,unmatched,false,,藥液,染液色料,染液 - 外染
ZZ-47-05,Prettau Stain (10ml) 專用液(#MFAA1301),Zirkonzahn,color-characterization,external-stain,material,approved_rule,legacy_category_rule,,unmatched,false,,藥液,染液色料,染液 - 外染
ZZ-47-06,Prettau Stain C1-C2 (1g),Zirkonzahn,color-characterization,external-stain,material,approved_rule,legacy_category_rule,,unmatched,false,,藥液,染液色料,染液 - 外染
ZZ-47-07,Prettau Stain D4 (1g),Zirkonzahn,color-characterization,external-stain,material,approved_rule,legacy_category_rule,,unmatched,false,,藥液,染液色料,染液 - 外染
ZZ-47-08,Prettau Stain B1 (1g),Zirkonzahn,color-characterization,external-stain,material,approved_rule,legacy_category_rule,,unmatched,false,,藥液,染液色料,染液 - 外染
ZZ-48,Stain Glaze 釉膏 (3g),Zirkonzahn,color-characterization,external-stain,material,approved_rule,legacy_category_rule,,unmatched,false,,藥液,染液色料,染液 - 外染
ZZ-48-1,Stain Glaze Plus (3g),Zirkonzahn,color-characterization,external-stain,material,approved_rule,legacy_category_rule,,unmatched,false,,藥液,染液色料,染液 - 外染
ZZ-49,Prettau Stain Set(3g),Zirkonzahn,color-characterization,external-stain,material,approved_rule,legacy_category_rule,,unmatched,false,,藥液,染液色料,染液 - 外染
ZZ-49-1,Prettau Stain Set(1g),Zirkonzahn,color-characterization,external-stain,material,approved_rule,legacy_category_rule,,unmatched,false,,藥液,染液色料,染液 - 外染
ZZ-49-2,Prettau Stain,Zirkonzahn,color-characterization,external-stain,material,approved_rule,legacy_category_rule,,unmatched,false,,藥液,染液色料,染液 - 外染
ZZ-49-3D,3D Stain Set,Zirkonzahn,color-characterization,external-stain,material,approved_rule,legacy_category_rule,,unmatched,false,,藥液,染液色料,染液 - 外染
ZZ-49-3D-01,3D Stain White,Zirkonzahn,color-characterization,external-stain,material,approved_rule,legacy_category_rule,,unmatched,false,,藥液,染液色料,染液 - 外染
ZZ-49-3D-05,3D Stain Orange 1,Zirkonzahn,color-characterization,external-stain,material,approved_rule,legacy_category_rule,,unmatched,false,,藥液,染液色料,染液 - 外染
ZZ-49-3D-06,3D Stain Orange 2,Zirkonzahn,color-characterization,external-stain,material,approved_rule,legacy_category_rule,,unmatched,false,,藥液,染液色料,染液 - 外染
ZZ-49-3D-07,3D Stain Brown,Zirkonzahn,color-characterization,external-stain,material,approved_rule,legacy_category_rule,,unmatched,false,,藥液,染液色料,染液 - 外染
ZZ-49-3D-08,3D Stain Blue 1,Zirkonzahn,color-characterization,external-stain,material,approved_rule,legacy_category_rule,,unmatched,false,,藥液,染液色料,染液 - 外染
ZZ-49-3D-09,3D Stain Blue 2,Zirkonzahn,color-characterization,external-stain,material,approved_rule,legacy_category_rule,,unmatched,false,,藥液,染液色料,染液 - 外染
ZZ-49-3D-10,3D Stain LuNe,Zirkonzahn,color-characterization,external-stain,material,approved_rule,legacy_category_rule,,unmatched,false,,藥液,染液色料,染液 - 外染
ZZ-49-3D-11,3D Stain Black,Zirkonzahn,color-characterization,external-stain,material,approved_rule,legacy_category_rule,,unmatched,false,,藥液,染液色料,染液 - 外染
ZZ-49-3D-14,3D Stain Transpa 1,Zirkonzahn,color-characterization,external-stain,material,approved_rule,legacy_category_rule,,unmatched,false,,藥液,染液色料,染液 - 外染
ZZ-49-3D-15,3D Stain Transpa 3,Zirkonzahn,color-characterization,external-stain,material,approved_rule,legacy_category_rule,,unmatched,false,,藥液,染液色料,染液 - 外染
ZZ-49-3D-16,3D Stain Vanilla,Zirkonzahn,color-characterization,external-stain,material,approved_rule,legacy_category_rule,,unmatched,false,,藥液,染液色料,染液 - 外染
ZZ-49-3D-20,3D Refreshing Liquid (10ml)釉水,Zirkonzahn,color-characterization,glaze-material,material,approved_rule,legacy_category_rule,,unmatched,false,,藥液,染液色料,釉材
ZZ-49-3D-21,3D Base Glaze (3g),Zirkonzahn,color-characterization,glaze-material,material,approved_rule,researched_sku_rule,,unmatched,false,,藥液,染液色料,瓷粉
ZZ-49-3D-22,3D Base A (1g),Zirkonzahn,color-characterization,external-stain,material,approved_rule,researched_sku_rule,,unmatched,false,,藥液,染液色料,瓷粉
ZZ-49-3D-23,3D Base C (1g),Zirkonzahn,color-characterization,external-stain,material,approved_rule,researched_sku_rule,,unmatched,false,,藥液,染液色料,瓷粉
ZZ-49-3D-24,3D Base B (1g),Zirkonzahn,color-characterization,external-stain,material,approved_rule,researched_sku_rule,,unmatched,false,,藥液,染液色料,瓷粉
ZZ-49-3D-25,3D Base D (1g),Zirkonzahn,color-characterization,external-stain,material,approved_rule,researched_sku_rule,,unmatched,false,,藥液,染液色料,瓷粉
ZZ-62-1,Prettau Aquarell Incisal Blue 20ml,Zirkonzahn,color-characterization,internal-stain,material,approved_rule,legacy_category_rule,,unmatched,false,,材料,染液色料,染液 - 內染
ZZ-62-2,Prettau Aquarell Incisal Violet 20ml,Zirkonzahn,color-characterization,internal-stain,material,approved_rule,legacy_category_rule,,unmatched,false,,材料,染液色料,染液 - 內染
ZZ-62-3,Prettau Aquarell Incisal Grey 20ml,Zirkonzahn,color-characterization,internal-stain,material,approved_rule,legacy_category_rule,,unmatched,false,,材料,染液色料,染液 - 內染
ZZ-62-4,Prettau Aquarell Orange 1 20ml,Zirkonzahn,color-characterization,internal-stain,material,approved_rule,legacy_category_rule,,unmatched,false,,材料,染液色料,染液 - 內染
ZZ-62-5,Prettau Aquarell Tissue A 20ml,Zirkonzahn,color-characterization,internal-stain,material,approved_rule,legacy_category_rule,,unmatched,false,,材料,染液色料,染液 - 內染
ZZ-62-6,Prettau Aquarell Tissue B 20ml,Zirkonzahn,color-characterization,internal-stain,material,approved_rule,legacy_category_rule,,unmatched,false,,材料,染液色料,染液 - 內染
ZZ-62-7,Prettau Aquarell Tissue C 20ml,Zirkonzahn,color-characterization,internal-stain,material,approved_rule,legacy_category_rule,,unmatched,false,,材料,染液色料,染液 - 內染
ZZ-62-8,Prettau Aquarell Brown 2 20ml,Zirkonzahn,color-characterization,internal-stain,material,approved_rule,legacy_category_rule,,unmatched,false,,材料,染液色料,染液 - 內染
ZZ-62-A,Prettau Aquarell Cervical A 20ml,Zirkonzahn,color-characterization,internal-stain,material,approved_rule,legacy_category_rule,,unmatched,false,,材料,染液色料,染液 - 內染
ZZ-62-B,Prettau Aquarell Cervical B 20ml,Zirkonzahn,color-characterization,internal-stain,material,approved_rule,legacy_category_rule,,unmatched,false,,材料,染液色料,染液 - 內染
ZZ-62-C,Prettau Aquarell Cervical C 20ml,Zirkonzahn,color-characterization,internal-stain,material,approved_rule,legacy_category_rule,,unmatched,false,,材料,染液色料,染液 - 內染
ZZ-62-D,Prettau Aquarell Cervical D 20ml,Zirkonzahn,color-characterization,internal-stain,material,approved_rule,legacy_category_rule,,unmatched,false,,材料,染液色料,染液 - 內染
ZZ-62-LU,Prettau Aquarell LuNe 20ml,Zirkonzahn,color-characterization,internal-stain,material,approved_rule,legacy_category_rule,,unmatched,false,,材料,染液色料,染液 - 內染
ZZ-63-20,Prettau Aquarell Set 20ml （貨號待查證）,Zirkonzahn,digital-manufacturing,zirconia-blank,material,approved_rule,legacy_category_rule,,unmatched,false,,材料,材料,氧化鋯塊
ZZ-63-21,Prettau Aquarell Set 50ml(16瓶),Zirkonzahn,digital-manufacturing,zirconia-blank,material,approved_rule,legacy_category_rule,,unmatched,false,,材料,材料,氧化鋯塊
ZZ-63-A1,Prettau Aquarell A1 50ml,Zirkonzahn,color-characterization,internal-stain,material,approved_rule,legacy_category_rule,,unmatched,false,,材料,染液色料,染液 - 內染
ZZ-63-A2,Prettau Aquarell A2 50ml,Zirkonzahn,color-characterization,internal-stain,material,approved_rule,legacy_category_rule,,unmatched,false,,材料,染液色料,染液 - 內染
ZZ-63-A3,Prettau Aquarell A3 50ml,Zirkonzahn,color-characterization,internal-stain,material,approved_rule,legacy_category_rule,,unmatched,false,,材料,染液色料,染液 - 內染
ZZ-63-A3.5,Prettau Aquarell A3.5 50ml,Zirkonzahn,color-characterization,internal-stain,material,approved_rule,legacy_category_rule,,unmatched,false,,材料,染液色料,染液 - 內染
ZZ-63-A4,Prettau Aquarell A4 50ml,Zirkonzahn,color-characterization,internal-stain,material,approved_rule,legacy_category_rule,,unmatched,false,,材料,染液色料,染液 - 內染
ZZ-63-A4-20,Prettau Aquarell A4 20ml （未販售）,Zirkonzahn,color-characterization,internal-stain,material,approved_rule,legacy_category_rule,,unmatched,false,,材料,染液色料,染液 - 內染
ZZ-63-B1,Prettau Aquarell B1 50ml,Zirkonzahn,color-characterization,internal-stain,material,approved_rule,legacy_category_rule,,unmatched,false,,材料,染液色料,染液 - 內染
ZZ-63-B2,Prettau Aquarell B2 50ml,Zirkonzahn,color-characterization,internal-stain,material,approved_rule,legacy_category_rule,,unmatched,false,,材料,染液色料,染液 - 內染
ZZ-63-B3,Prettau Aquarell B3 50ml,Zirkonzahn,color-characterization,internal-stain,material,approved_rule,legacy_category_rule,,unmatched,false,,材料,染液色料,染液 - 內染
ZZ-63-B3-20,Prettau Aquarell B3 20ml （未販售）,Zirkonzahn,color-characterization,internal-stain,material,approved_rule,legacy_category_rule,,unmatched,false,,材料,染液色料,染液 - 內染
ZZ-63-B4,Prettau Aquarell B4 50ml,Zirkonzahn,color-characterization,internal-stain,material,approved_rule,legacy_category_rule,,unmatched,false,,材料,染液色料,染液 - 內染
ZZ-63-C1,Prettau Aquarell C1 50ml,Zirkonzahn,color-characterization,internal-stain,material,approved_rule,legacy_category_rule,,unmatched,false,,材料,染液色料,染液 - 內染
ZZ-63-C2,Prettau Aquarell C2 50ml,Zirkonzahn,color-characterization,internal-stain,material,approved_rule,legacy_category_rule,,unmatched,false,,材料,染液色料,染液 - 內染
ZZ-63-C3,Prettau Aquarell C3 50ml,Zirkonzahn,color-characterization,internal-stain,material,approved_rule,legacy_category_rule,,unmatched,false,,材料,染液色料,染液 - 內染
ZZ-63-C4,Prettau Aquarell C4 50ml,Zirkonzahn,color-characterization,internal-stain,material,approved_rule,legacy_category_rule,,unmatched,false,,材料,染液色料,染液 - 內染
ZZ-63-D2,Prettau Aquarell D2 50ml,Zirkonzahn,color-characterization,internal-stain,material,approved_rule,legacy_category_rule,,unmatched,false,,材料,染液色料,染液 - 內染
ZZ-63-D3,Prettau Aquarell D3 50ml,Zirkonzahn,color-characterization,internal-stain,material,approved_rule,legacy_category_rule,,unmatched,false,,材料,染液色料,染液 - 內染
ZZ-63-D3-20,Prettau Aquarell D3 20ml （未販售）,Zirkonzahn,color-characterization,internal-stain,material,approved_rule,legacy_category_rule,,unmatched,false,,材料,染液色料,染液 - 內染
ZZ-63-D4,Prettau Aquarell D4 50ml,Zirkonzahn,color-characterization,internal-stain,material,approved_rule,legacy_category_rule,,unmatched,false,,材料,染液色料,染液 - 內染
ZZ-64,Waterbased Set 50ml,Zirkonzahn,color-characterization,internal-stain,material,approved_rule,legacy_category_rule,,unmatched,false,,藥液,染液色料,染液 - 內染
ZZ-64-A1,Waterbased A1 50ml,Zirkonzahn,color-characterization,internal-stain,material,approved_rule,legacy_category_rule,,unmatched,false,,藥液,染液色料,染液 - 內染
ZZ-64-A2,Waterbased A2 50ml,Zirkonzahn,color-characterization,internal-stain,material,approved_rule,legacy_category_rule,,unmatched,false,,藥液,染液色料,染液 - 內染
ZZ-64-A3,Waterbased A3 50ml,Zirkonzahn,color-characterization,internal-stain,material,approved_rule,legacy_category_rule,,unmatched,false,,藥液,染液色料,染液 - 內染
ZZ-64-A3.5,Waterbased A3.5 50ml,Zirkonzahn,color-characterization,internal-stain,material,approved_rule,legacy_category_rule,,unmatched,false,,藥液,染液色料,染液 - 內染
ZZ-64-A4,Waterbased A4 50ml,Zirkonzahn,color-characterization,internal-stain,material,approved_rule,legacy_category_rule,,unmatched,false,,藥液,染液色料,染液 - 內染
ZZ-64-B1,Waterbased B1 50ml,Zirkonzahn,color-characterization,internal-stain,material,approved_rule,legacy_category_rule,,unmatched,false,,藥液,染液色料,染液 - 內染
ZZ-64-B2,Waterbased B2 50ml,Zirkonzahn,color-characterization,internal-stain,material,approved_rule,legacy_category_rule,,unmatched,false,,藥液,染液色料,染液 - 內染
ZZ-64-B3,Waterbased B3 50ml,Zirkonzahn,color-characterization,internal-stain,material,approved_rule,legacy_category_rule,,unmatched,false,,藥液,染液色料,染液 - 內染
ZZ-64-B4,Waterbased B4 50ml,Zirkonzahn,color-characterization,internal-stain,material,approved_rule,legacy_category_rule,,unmatched,false,,藥液,染液色料,染液 - 內染
ZZ-64-C1,Waterbased C1 50ml,Zirkonzahn,color-characterization,internal-stain,material,approved_rule,legacy_category_rule,,unmatched,false,,藥液,染液色料,染液 - 內染
ZZ-64-C2,Waterbased C2 50ml,Zirkonzahn,color-characterization,internal-stain,material,approved_rule,legacy_category_rule,,unmatched,false,,藥液,染液色料,染液 - 內染
ZZ-64-C3,Waterbased C3 50ml,Zirkonzahn,color-characterization,internal-stain,material,approved_rule,legacy_category_rule,,unmatched,false,,藥液,染液色料,染液 - 內染
ZZ-64-C4,Waterbased C4 50ml,Zirkonzahn,color-characterization,internal-stain,material,approved_rule,legacy_category_rule,,unmatched,false,,藥液,染液色料,染液 - 內染
ZZ-64-D2,Waterbased D2 50ml,Zirkonzahn,color-characterization,internal-stain,material,approved_rule,legacy_category_rule,,unmatched,false,,藥液,染液色料,染液 - 內染
ZZ-64-D3,Waterbased D3 50ml,Zirkonzahn,color-characterization,internal-stain,material,approved_rule,legacy_category_rule,,unmatched,false,,藥液,染液色料,染液 - 內染
ZZ-64-D4,Waterbased D4 50ml,Zirkonzahn,color-characterization,internal-stain,material,approved_rule,legacy_category_rule,,unmatched,false,,藥液,染液色料,染液 - 內染
ZZ-65-1,Waterbased Thinner (100ml),Zirkonzahn,color-characterization,internal-stain,material,approved_rule,legacy_category_rule,,unmatched,false,,藥液,染液色料,染液 - 內染
ZZ-65-2,Waterbased Stabilizer (100ml),Zirkonzahn,color-characterization,internal-stain,material,approved_rule,legacy_category_rule,,unmatched,false,,藥液,染液色料,染液 - 內染
ZZ-66,ZRAD0490 Colour test Plate Prettau,Zirkonzahn,digital-manufacturing,zirconia-blank,material,approved_rule,legacy_category_rule,,unmatched,false,,材料,材料,氧化鋯塊
ZZ-67,FMAD0100 Set Colour Bio-Pigmetn,Zirkonzahn,color-characterization,internal-stain,material,approved_rule,legacy_category_rule,,unmatched,false,,材料,染液色料,染液 - 內染
ZZ-67-1,FMAD0010 Bio-Pigmetn A1-D4,Zirkonzahn,color-characterization,internal-stain,material,approved_rule,legacy_category_rule,,unmatched,false,,材料,染液色料,染液 - 內染
ZZ-67-2,FMAD0020 Bio-Pigmetn Tissue,Zirkonzahn,color-characterization,internal-stain,material,approved_rule,legacy_category_rule,,unmatched,false,,材料,染液色料,染液 - 內染
ZZ-67-3,FMAD0030 Bio-Pigmetn Orange,Zirkonzahn,color-characterization,internal-stain,material,approved_rule,legacy_category_rule,,unmatched,false,,材料,染液色料,染液 - 內染
ZZ-67-4,FMAD0040 Bio-Pigmetn Brown,Zirkonzahn,color-characterization,internal-stain,material,approved_rule,legacy_category_rule,,unmatched,false,,材料,染液色料,染液 - 內染
ZZ-67-5,FMAD0050 Bio-Pigmetn Grey,Zirkonzahn,color-characterization,internal-stain,material,approved_rule,legacy_category_rule,,unmatched,false,,材料,染液色料,染液 - 內染
ZZ-67-6,FMAD0060 Bio-Pigmetn Violet,Zirkonzahn,color-characterization,internal-stain,material,approved_rule,legacy_category_rule,,unmatched,false,,材料,染液色料,染液 - 內染
ZZ-67-7,FMAD0070 Bio-Pigmetn Blue,Zirkonzahn,color-characterization,internal-stain,material,approved_rule,legacy_category_rule,,unmatched,false,,材料,染液色料,染液 - 內染
ZZ-68-1,Prettau Anterior Aquarell Orange 1 20ml,Zirkonzahn,color-characterization,internal-stain,material,approved_rule,legacy_category_rule,,unmatched,false,,材料,染液色料,染液 - 內染
ZZ-68-2,Prettau Anterior Aquarell Incisal Brown 2 20ml,Zirkonzahn,color-characterization,internal-stain,material,approved_rule,legacy_category_rule,,unmatched,false,,材料,染液色料,染液 - 內染
ZZ-68-3,Prettau Anterior Aquarell Grey 20ml,Zirkonzahn,color-characterization,internal-stain,material,approved_rule,legacy_category_rule,,unmatched,false,,材料,染液色料,染液 - 內染
ZZ-68-4,Prettau Anterior Aquarell Incisal Violet 20ml,Zirkonzahn,color-characterization,internal-stain,material,approved_rule,legacy_category_rule,,unmatched,false,,材料,染液色料,染液 - 內染
ZZ-68-5,Prettau Anterior Aquarell Incisal Blue 20ml,Zirkonzahn,color-characterization,internal-stain,material,approved_rule,legacy_category_rule,,unmatched,false,,材料,染液色料,染液 - 內染
ZZ-68-A1,Prettau Anterior Aquarell A1 50ml,Zirkonzahn,color-characterization,internal-stain,material,approved_rule,legacy_category_rule,,unmatched,false,,材料,染液色料,染液 - 內染
ZZ-68-A2,Prettau Anterior Aquarell A2 50ml,Zirkonzahn,color-characterization,internal-stain,material,approved_rule,legacy_category_rule,,unmatched,false,,材料,染液色料,染液 - 內染
ZZ-68-A3,Prettau Anterior Aquarell A3 50ml,Zirkonzahn,color-characterization,internal-stain,material,approved_rule,legacy_category_rule,,unmatched,false,,材料,染液色料,染液 - 內染
ZZ-68-A3.5,Prettau Anterior Aquarell A3.5 50ml,Zirkonzahn,color-characterization,internal-stain,material,approved_rule,legacy_category_rule,,unmatched,false,,材料,染液色料,染液 - 內染
ZZ-68-A4,Prettau Anterior Aquarell A4 50ml,Zirkonzahn,color-characterization,internal-stain,material,approved_rule,legacy_category_rule,,unmatched,false,,材料,染液色料,染液 - 內染
ZZ-68-B1,Prettau Anterior Aquarell B1 50ml,Zirkonzahn,color-characterization,internal-stain,material,approved_rule,legacy_category_rule,,unmatched,false,,材料,染液色料,染液 - 內染
ZZ-68-B2,Prettau Anterior Aquarell B2 50ml,Zirkonzahn,color-characterization,internal-stain,material,approved_rule,legacy_category_rule,,unmatched,false,,材料,染液色料,染液 - 內染
ZZ-68-B3,Prettau Anterior Aquarell B3 50ml,Zirkonzahn,color-characterization,internal-stain,material,approved_rule,legacy_category_rule,,unmatched,false,,材料,染液色料,染液 - 內染
ZZ-68-B4,Prettau Anterior Aquarell B4 50ml,Zirkonzahn,color-characterization,internal-stain,material,approved_rule,legacy_category_rule,,unmatched,false,,材料,染液色料,染液 - 內染
ZZ-68-C1,Prettau Anterior Aquarell C1 50ml,Zirkonzahn,color-characterization,internal-stain,material,approved_rule,legacy_category_rule,,unmatched,false,,材料,染液色料,染液 - 內染
ZZ-68-C2,Prettau Anterior Aquarell C2 50ml,Zirkonzahn,color-characterization,internal-stain,material,approved_rule,legacy_category_rule,,unmatched,false,,材料,染液色料,染液 - 內染
ZZ-68-C3,Prettau Anterior Aquarell C3 50ml,Zirkonzahn,color-characterization,internal-stain,material,approved_rule,legacy_category_rule,,unmatched,false,,材料,染液色料,染液 - 內染
ZZ-68-C4,Prettau Anterior Aquarell C4 50ml,Zirkonzahn,color-characterization,internal-stain,material,approved_rule,legacy_category_rule,,unmatched,false,,材料,染液色料,染液 - 內染
ZZ-68-D2,Prettau Anterior Aquarell D2 50ml,Zirkonzahn,color-characterization,internal-stain,material,approved_rule,legacy_category_rule,,unmatched,false,,材料,染液色料,染液 - 內染
ZZ-68-D3,Prettau Anterior Aquarell D3 50ml,Zirkonzahn,color-characterization,internal-stain,material,approved_rule,legacy_category_rule,,unmatched,false,,材料,染液色料,染液 - 內染
ZZ-68-D4,Prettau Anterior Aquarell D4 50ml,Zirkonzahn,color-characterization,internal-stain,material,approved_rule,legacy_category_rule,,unmatched,false,,材料,染液色料,染液 - 內染
ZZ-68-SET,Prettau Anterior Aquarell Set 50ml,Zirkonzahn,digital-manufacturing,zirconia-blank,material,approved_rule,legacy_category_rule,,unmatched,false,,材料,材料,氧化鋯塊
ZZ-999-010-6-0.3C,CAD/CAM Milling Bur 0.3C (6mm)(FR5006),Zirkonzahn,lab-production,bur-drill,consumable,approved_rule,legacy_category_rule,ZZ-BUR,exact_unique,false,,耗材,耗材,車針 / 鑽針
ZZ-999-010-6-0.5S,CAD/CAM Milling Bur 0.5S (6mm)(FR5005),Zirkonzahn,lab-production,bur-drill,consumable,approved_rule,legacy_category_rule,ZZ-BUR,exact_unique,false,,耗材,耗材,車針 / 鑽針
ZZ-999-010-6-0.6A,CAD/CAM Milling Bur 0.6A (6mm)(FR5004),Zirkonzahn,lab-production,bur-drill,consumable,approved_rule,legacy_category_rule,ZZ-BUR,exact_unique,false,,耗材,耗材,車針 / 鑽針
ZZ-999-010-6-1.5A,CAD/CAM Milling Bur 1.5A (6mm)(FR5002),Zirkonzahn,lab-production,bur-drill,consumable,approved_rule,legacy_category_rule,ZZ-BUR,exact_unique,false,,耗材,耗材,車針 / 鑽針
ZZ-999-010-6-1.5AXL,CAD/CAM Milling Bur 1.5AXL (6mm)(FR5008),Zirkonzahn,lab-production,bur-drill,consumable,approved_rule,legacy_category_rule,ZZ-BUR,exact_unique,false,,耗材,耗材,車針 / 鑽針
ZZ-999-010-6-1L,CAD/CAM Milling Bur 1L (6mm)(FR5003),Zirkonzahn,lab-production,bur-drill,consumable,approved_rule,legacy_category_rule,ZZ-BUR,exact_unique,false,,耗材,耗材,車針 / 鑽針
ZZ-999-010-6-2L,CAD/CAM Milling Bur 2L (6mm)(FR5001),Zirkonzahn,lab-production,bur-drill,consumable,approved_rule,legacy_category_rule,ZZ-BUR,exact_unique,false,,耗材,耗材,車針 / 鑽針
ZZ-999-011-0.3C,CAD/CAM Bur 0.3C PMMA (FR436),Zirkonzahn,digital-manufacturing,pmma-blank,material,approved_rule,legacy_category_rule,,unmatched,false,,耗材,材料,PMMA 塊
ZZ-999-011-0.5S,CAD/CAM Bur 0.5S PMMA (FR056),Zirkonzahn,digital-manufacturing,pmma-blank,material,approved_rule,legacy_category_rule,,unmatched,false,,耗材,材料,PMMA 塊
ZZ-999-011-0.6A,CAD/CAM Bur 0.6A PMMA (FR226),Zirkonzahn,digital-manufacturing,pmma-blank,material,approved_rule,legacy_category_rule,,unmatched,false,,耗材,材料,PMMA 塊
ZZ-999-011-1.5A,CAD/CAM Bur 1.5A PMMA (FR236),Zirkonzahn,digital-manufacturing,pmma-blank,material,approved_rule,legacy_category_rule,,unmatched,false,,耗材,材料,PMMA 塊
ZZ-999-011-1L,CAD/CAM Bur 1L PMMA (FR046),Zirkonzahn,digital-manufacturing,pmma-blank,material,approved_rule,legacy_category_rule,,unmatched,false,,耗材,材料,PMMA 塊
ZZ-999-011-2L,CAD/CAM Bur 2L PMMA (FR036),Zirkonzahn,digital-manufacturing,pmma-blank,material,approved_rule,legacy_category_rule,,unmatched,false,,耗材,材料,PMMA 塊
ZZ-999-011-6-0.3C,CAD/CAM Bur 0.3C PMMA (6mm)(FR6006),Zirkonzahn,digital-manufacturing,pmma-blank,material,approved_rule,legacy_category_rule,,unmatched,false,,耗材,材料,PMMA 塊
ZZ-999-011-6-0.5S,CAD/CAM Bur 0.5S PMMA (6mm)(FR6005),Zirkonzahn,digital-manufacturing,pmma-blank,material,approved_rule,legacy_category_rule,,unmatched,false,,耗材,材料,PMMA 塊
ZZ-999-011-6-0.6A,CAD/CAM Bur 0.6A PMMA (6mm)(FR6004),Zirkonzahn,digital-manufacturing,pmma-blank,material,approved_rule,legacy_category_rule,,unmatched,false,,耗材,材料,PMMA 塊
ZZ-999-011-6-1.5A,CAD/CAM Bur 1.5A PMMA (6mm)(FR6002),Zirkonzahn,digital-manufacturing,pmma-blank,material,approved_rule,legacy_category_rule,,unmatched,false,,耗材,材料,PMMA 塊
ZZ-999-011-6-1L,CAD/CAM Bur 1L PMMA (6mm)(FR6003),Zirkonzahn,digital-manufacturing,pmma-blank,material,approved_rule,legacy_category_rule,,unmatched,false,,耗材,材料,PMMA 塊
ZZ-999-011-6-2.5R,CAD/CAM Bur 2.5R PMMA (6mm)(FR6030),Zirkonzahn,digital-manufacturing,pmma-blank,material,approved_rule,legacy_category_rule,,unmatched,false,,耗材,材料,PMMA 塊
ZZ-999-011-6-2L,CAD/CAM Bur 2L PMMA (6mm)(FR6001),Zirkonzahn,digital-manufacturing,pmma-blank,material,approved_rule,legacy_category_rule,,unmatched,false,,耗材,材料,PMMA 塊
ZZ-999-011-FR034,Milling Bur 2L PMMA Premium(3mm),Zirkonzahn,digital-manufacturing,pmma-blank,material,approved_rule,legacy_category_rule,,unmatched,false,,耗材,材料,PMMA 塊
ZZ-999-011-FR044,Milling Bur 1L PMMA Premium(3mm),Zirkonzahn,digital-manufacturing,pmma-blank,material,approved_rule,legacy_category_rule,,unmatched,false,,耗材,材料,PMMA 塊
ZZ-999-012-0.5S,5-TEC Milling Bur 0.5S WAX (FR057),Zirkonzahn,lab-production,bur-drill,consumable,approved_rule,legacy_category_rule,ZZ-BUR,exact_unique,false,,耗材,耗材,車針 / 鑽針
ZZ-999-012-1L,5-TEC Milling Bur 1L WAX (FR047),Zirkonzahn,lab-production,bur-drill,consumable,approved_rule,legacy_category_rule,ZZ-BUR,exact_unique,false,,耗材,耗材,車針 / 鑽針
ZZ-999-012-2L,5-TEC Milling Bur 2L WAX (FR037),Zirkonzahn,lab-production,bur-drill,consumable,approved_rule,legacy_category_rule,ZZ-BUR,exact_unique,false,,耗材,耗材,車針 / 鑽針
ZZ-999-016-0.6,CAD/CAM Diamond Bur 0.6,Zirkonzahn,lab-production,bur-drill,consumable,approved_rule,legacy_category_rule,ZZ-BUR,exact_unique,false,,耗材,耗材,車針 / 鑽針
ZZ-999-016-1.25,CAD/CAM Diamond Bur 1.25,Zirkonzahn,lab-production,bur-drill,consumable,approved_rule,legacy_category_rule,ZZ-BUR,exact_unique,false,,耗材,耗材,車針 / 鑽針
ZZ-999-016-2.5,CAD/CAM Diamond Bur 2.5,Zirkonzahn,lab-production,bur-drill,consumable,approved_rule,legacy_category_rule,ZZ-BUR,exact_unique,false,,耗材,耗材,車針 / 鑽針
ZZ-999-016-6-0.3,CAD/CAM Diamond Bur 0.3 (6mm),Zirkonzahn,lab-production,bur-drill,consumable,approved_rule,legacy_category_rule,ZZ-BUR,exact_unique,false,,耗材,耗材,車針 / 鑽針
ZZ-999-016-6-0.6,CAD/CAM Diamond Bur 0.6 (6mm),Zirkonzahn,lab-production,bur-drill,consumable,approved_rule,legacy_category_rule,ZZ-BUR,exact_unique,false,,耗材,耗材,車針 / 鑽針
ZZ-999-016-6-1.25,CAD/CAM Diamond Bur 1.25 (6mm),Zirkonzahn,lab-production,bur-drill,consumable,approved_rule,legacy_category_rule,ZZ-BUR,exact_unique,false,,耗材,耗材,車針 / 鑽針
ZZ-999-016-6-2.5,CAD/CAM Diamond Bur 2.5 (6mm),Zirkonzahn,lab-production,bur-drill,consumable,approved_rule,legacy_category_rule,ZZ-BUR,exact_unique,false,,耗材,耗材,車針 / 鑽針
ZZ-999-016-6-3T,CAD/CAM Diamond Bur 3T (6mm),Zirkonzahn,lab-production,bur-drill,consumable,approved_rule,legacy_category_rule,ZZ-BUR,exact_unique,false,,耗材,耗材,車針 / 鑽針
ZZ-999-017-0.5R,CAD/CAM Bur 0.5R Titan (FR1151),Zirkonzahn,lab-production,bur-drill,consumable,approved_rule,legacy_category_rule,ZZ-BUR,exact_unique,false,,耗材,耗材,車針 / 鑽針
ZZ-999-017-0.5S,CAD/CAM Bur 0.5S Titan (FR1111),Zirkonzahn,lab-production,bur-drill,consumable,approved_rule,legacy_category_rule,ZZ-BUR,exact_unique,false,,耗材,耗材,車針 / 鑽針
ZZ-999-017-1.2S,CAD/CAM Bur 1.2S Titan (FR1211),Zirkonzahn,lab-production,bur-drill,consumable,approved_rule,legacy_category_rule,ZZ-BUR,exact_unique,false,,耗材,耗材,車針 / 鑽針
ZZ-999-017-1.5S,CAD/CAM Bur 1.5S Titan (FR1201),Zirkonzahn,lab-production,bur-drill,consumable,approved_rule,legacy_category_rule,ZZ-BUR,exact_unique,false,,耗材,耗材,車針 / 鑽針
ZZ-999-017-1.5SXL,CAD/CAM Bur 1.5SXL Titan (FR1231),Zirkonzahn,lab-production,bur-drill,consumable,approved_rule,legacy_category_rule,,unmatched,false,,耗材,耗材,車針 / 鑽針
ZZ-999-017-1.5T,CAD/CAM Bur 1.5T Titan(FR1021),Zirkonzahn,lab-production,bur-drill,consumable,approved_rule,legacy_category_rule,ZZ-BUR,exact_unique,false,,耗材,耗材,車針 / 鑽針
ZZ-999-017-1R,CAD/CAM Bur 1R Titan (FR1101),Zirkonzahn,lab-production,bur-drill,consumable,approved_rule,legacy_category_rule,ZZ-BUR,exact_unique,false,,耗材,耗材,車針 / 鑽針
ZZ-999-017-1T,CAD/CAM Bur 1T Titan,Zirkonzahn,lab-production,bur-drill,consumable,approved_rule,legacy_category_rule,ZZ-BUR,exact_unique,false,,耗材,耗材,車針 / 鑽針
ZZ-999-017-2G,CAD/CAM Bur 2G Titan(FR1401),Zirkonzahn,lab-production,bur-drill,consumable,approved_rule,legacy_category_rule,,unmatched,false,,耗材,耗材,車針 / 鑽針
ZZ-999-017-2R,CAD/CAM Bur 2R Titan (FR1121),Zirkonzahn,lab-production,bur-drill,consumable,approved_rule,legacy_category_rule,ZZ-BUR,exact_unique,false,,耗材,耗材,車針 / 鑽針
ZZ-999-017-2T,CAD/CAM Bur 2T Titan (FR1011),Zirkonzahn,lab-production,bur-drill,consumable,approved_rule,legacy_category_rule,ZZ-BUR,exact_unique,false,,耗材,耗材,車針 / 鑽針
ZZ-999-017-3R,CAD/CAM Bur 3R Titan (FR1131),Zirkonzahn,lab-production,bur-drill,consumable,approved_rule,legacy_category_rule,ZZ-BUR,exact_unique,false,,耗材,耗材,車針 / 鑽針
ZZ-999-017-3T,CAD/CAM Bur 3T Titan (FR1001),Zirkonzahn,lab-production,bur-drill,consumable,approved_rule,legacy_category_rule,ZZ-BUR,exact_unique,false,,耗材,耗材,車針 / 鑽針
ZZ-999-018-0.5S,Sintermetall 0.5S (FR3021),Zirkonzahn,fixed-restorative,metal-material,material,approved_rule,legacy_category_rule,,unmatched,false,,材料,材料,金屬材料
ZZ-999-018-1L,Sintermetall 1L (FR3011),Zirkonzahn,fixed-restorative,metal-material,material,approved_rule,legacy_category_rule,,unmatched,false,,材料,材料,金屬材料
ZZ-999-018-2L,Sintermetall 2L (FR3001),Zirkonzahn,fixed-restorative,metal-material,material,approved_rule,legacy_category_rule,,unmatched,false,,材料,材料,金屬材料
ZZ-999-019-0.5R,Milling Bur CrCo 0.5R,Zirkonzahn,lab-production,bur-drill,consumable,approved_rule,legacy_category_rule,ZZ-BUR,exact_unique,false,,耗材,耗材,車針 / 鑽針
ZZ-999-019-0.5S,Milling Bur CrCo 0.5S,Zirkonzahn,lab-production,bur-drill,consumable,approved_rule,legacy_category_rule,ZZ-BUR,exact_unique,false,,耗材,耗材,車針 / 鑽針
ZZ-999-019-1.2S,Milling Bur CrCo 1.2S,Zirkonzahn,lab-production,bur-drill,consumable,approved_rule,legacy_category_rule,ZZ-BUR,exact_unique,false,,耗材,耗材,車針 / 鑽針
ZZ-999-019-1.5S,Milling Bur CrCo 1.5S,Zirkonzahn,lab-production,bur-drill,consumable,approved_rule,legacy_category_rule,ZZ-BUR,exact_unique,false,,耗材,耗材,車針 / 鑽針
ZZ-999-019-1.5SXL,Milling Bur CrCo 1.5SXL,Zirkonzahn,lab-production,bur-drill,consumable,approved_rule,legacy_category_rule,ZZ-BUR,exact_unique,false,,耗材,耗材,車針 / 鑽針
ZZ-999-019-1.5T,Milling Bur CrCo 1.5T,Zirkonzahn,lab-production,bur-drill,consumable,approved_rule,legacy_category_rule,ZZ-BUR,exact_unique,false,,耗材,耗材,車針 / 鑽針
ZZ-999-019-1R,Milling Bur CrCo 1R,Zirkonzahn,lab-production,bur-drill,consumable,approved_rule,legacy_category_rule,ZZ-BUR,exact_unique,false,,耗材,耗材,車針 / 鑽針
ZZ-999-019-1T,Milling Bur CrCo 1T,Zirkonzahn,lab-production,bur-drill,consumable,approved_rule,legacy_category_rule,ZZ-BUR,exact_unique,false,,耗材,耗材,車針 / 鑽針
ZZ-999-019-2G,Milling Bur CrCo 2G,Zirkonzahn,lab-production,bur-drill,consumable,approved_rule,legacy_category_rule,ZZ-BUR,exact_unique,false,,耗材,耗材,車針 / 鑽針
ZZ-999-019-2R,Milling Bur CrCo 2R,Zirkonzahn,lab-production,bur-drill,consumable,approved_rule,legacy_category_rule,ZZ-BUR,exact_unique,false,,耗材,耗材,車針 / 鑽針
ZZ-999-019-2T,Milling Bur CrCo 2T,Zirkonzahn,lab-production,bur-drill,consumable,approved_rule,legacy_category_rule,ZZ-BUR,exact_unique,false,,耗材,耗材,車針 / 鑽針
ZZ-999-019-3T,Milling Bur CrCo 3T,Zirkonzahn,lab-production,bur-drill,consumable,approved_rule,legacy_category_rule,ZZ-BUR,exact_unique,false,,耗材,耗材,車針 / 鑽針
ZZ-999-020-95H10,ZRAB8001 Zirconia 95H10,Zirkonzahn,digital-manufacturing,zirconia-blank,material,approved_rule,legacy_category_rule,,unmatched,false,,材料,材料,氧化鋯塊
ZZ-999-020-95H12,ZRAB8011 Zirconia 95H12,Zirkonzahn,digital-manufacturing,zirconia-blank,material,approved_rule,legacy_category_rule,,unmatched,false,,材料,材料,氧化鋯塊
ZZ-999-020-95H14,ZRAB8021 Zirconia 95H14,Zirkonzahn,digital-manufacturing,zirconia-blank,material,approved_rule,legacy_category_rule,,unmatched,false,,材料,材料,氧化鋯塊
ZZ-999-020-95H16,ZRAB8031 Zirconia 95H16,Zirkonzahn,digital-manufacturing,zirconia-blank,material,approved_rule,legacy_category_rule,,unmatched,false,,材料,材料,氧化鋯塊
ZZ-999-020-95H18,ZRAB8041 Zirconia 95H18,Zirkonzahn,digital-manufacturing,zirconia-blank,material,approved_rule,legacy_category_rule,,unmatched,false,,材料,材料,氧化鋯塊
ZZ-999-020-95H22,ZRAB8061 Zirconia 95H22,Zirkonzahn,digital-manufacturing,zirconia-blank,material,approved_rule,legacy_category_rule,,unmatched,false,,材料,材料,氧化鋯塊
ZZ-999-020-95H25,ZRAB8101 Zirconia 95H25,Zirkonzahn,digital-manufacturing,zirconia-blank,material,approved_rule,legacy_category_rule,,unmatched,false,,材料,材料,氧化鋯塊
ZZ-999-020-98H16,ZRAB0961 Zirconia 98H16,Zirkonzahn,digital-manufacturing,zirconia-blank,material,approved_rule,legacy_category_rule,,unmatched,false,,材料,材料,氧化鋯塊
ZZ-999-021-95H10,ZRAD8001 Prettau Zirconia 95H10,Zirkonzahn,digital-manufacturing,zirconia-blank,material,approved_rule,legacy_category_rule,,unmatched,false,,材料,材料,氧化鋯塊
ZZ-999-021-95H12,ZRAD8011 Prettau Zirconia 95H12,Zirkonzahn,digital-manufacturing,zirconia-blank,material,approved_rule,legacy_category_rule,,unmatched,false,,材料,材料,氧化鋯塊
ZZ-999-021-95H14,ZRAD8021 Prettau Zirconia 95H14,Zirkonzahn,digital-manufacturing,zirconia-blank,material,approved_rule,legacy_category_rule,,unmatched,false,,材料,材料,氧化鋯塊
ZZ-999-021-95H16,ZRAD8031 Prettau Zirconia 95H16,Zirkonzahn,digital-manufacturing,zirconia-blank,material,approved_rule,legacy_category_rule,,unmatched,false,,材料,材料,氧化鋯塊
ZZ-999-021-95H18,ZRAD8041 Prettau Zirconia 95H18,Zirkonzahn,digital-manufacturing,zirconia-blank,material,approved_rule,legacy_category_rule,,unmatched,false,,材料,材料,氧化鋯塊
ZZ-999-021-95H22,ZRAD8061 Prettau Zirconia 95H22,Zirkonzahn,digital-manufacturing,zirconia-blank,material,approved_rule,legacy_category_rule,,unmatched,false,,材料,材料,氧化鋯塊
ZZ-999-021-95H25,ZRAD8101 Prettau Zirconia 95H25,Zirkonzahn,digital-manufacturing,zirconia-blank,material,approved_rule,legacy_category_rule,,unmatched,false,,材料,材料,氧化鋯塊
ZZ-999-022-A1-95H16,Temp Basic A1 95H16,Zirkonzahn,digital-manufacturing,pmma-blank,material,approved_rule,legacy_category_rule,,unmatched,false,,材料,材料,PMMA 塊
ZZ-999-022-A1-95H20,Temp Basic A1 95H20,Zirkonzahn,digital-manufacturing,pmma-blank,material,approved_rule,legacy_category_rule,,unmatched,false,,材料,材料,PMMA 塊
ZZ-999-022-A2-95H16,Temp Basic A2 95H16,Zirkonzahn,digital-manufacturing,pmma-blank,material,approved_rule,legacy_category_rule,,unmatched,false,,材料,材料,PMMA 塊
ZZ-999-022-A3-95H16,Temp Basic A3 95H16,Zirkonzahn,digital-manufacturing,pmma-blank,material,approved_rule,legacy_category_rule,,unmatched,false,,材料,材料,PMMA 塊
ZZ-999-022-A3-95H20,Temp Basic A3 95H20,Zirkonzahn,digital-manufacturing,pmma-blank,material,approved_rule,legacy_category_rule,,unmatched,false,,材料,材料,PMMA 塊
ZZ-999-022-A3.5-95H16,Temp Basic A3.5 95H16,Zirkonzahn,digital-manufacturing,pmma-blank,material,approved_rule,legacy_category_rule,,unmatched,false,,材料,材料,PMMA 塊
ZZ-999-022-B1-95H16,Temp Basic B1 95H16,Zirkonzahn,digital-manufacturing,pmma-blank,material,approved_rule,legacy_category_rule,,unmatched,false,,材料,材料,PMMA 塊
ZZ-999-022-TMAA1720,Temp Basic X-Ray 95H20,Zirkonzahn,digital-manufacturing,pmma-blank,material,approved_rule,legacy_category_rule,,unmatched,false,,材料,材料,PMMA 塊
ZZ-999-022-TMAB0216,Temp Premium  A2-A3 95H16,Zirkonzahn,digital-manufacturing,pmma-blank,material,approved_rule,legacy_category_rule,,unmatched,false,,材料,材料,PMMA 塊
ZZ-999-022-TMAB0220,Temp Premium  A2-A3 95H20,Zirkonzahn,digital-manufacturing,pmma-blank,material,approved_rule,legacy_category_rule,,unmatched,false,,材料,材料,PMMA 塊
ZZ-999-022-TMAD0116,Temp Basic A1-B1 95H16,Zirkonzahn,digital-manufacturing,pmma-blank,material,approved_rule,legacy_category_rule,,unmatched,false,,材料,材料,PMMA 塊
ZZ-999-022-TMAD0120,Temp Basic A1-B1 95H20,Zirkonzahn,digital-manufacturing,pmma-blank,material,approved_rule,legacy_category_rule,,unmatched,false,,材料,材料,PMMA 塊
ZZ-999-022-TMAD0216,Temp Basic A2-B2 95H16,Zirkonzahn,digital-manufacturing,pmma-blank,material,approved_rule,legacy_category_rule,,unmatched,false,,材料,材料,PMMA 塊
ZZ-999-022-TMAD0220,Temp Basic A2-B2 95H20,Zirkonzahn,digital-manufacturing,pmma-blank,material,approved_rule,legacy_category_rule,,unmatched,false,,材料,材料,PMMA 塊
ZZ-999-022-TMAD0225,Temp Basic A2-B2 95H25,Zirkonzahn,digital-manufacturing,pmma-blank,material,approved_rule,legacy_category_rule,,unmatched,false,,材料,材料,PMMA 塊
ZZ-999-022-TMAD0316,Temp Basic A3-B3 95H16,Zirkonzahn,digital-manufacturing,pmma-blank,material,approved_rule,legacy_category_rule,,unmatched,false,,材料,材料,PMMA 塊
ZZ-999-022-TMAD0320,Temp Basic A3-B3 95H20,Zirkonzahn,digital-manufacturing,pmma-blank,material,approved_rule,legacy_category_rule,,unmatched,false,,材料,材料,PMMA 塊
ZZ-999-022-TMAD0325,Temp Basic A3-B3 95H25,Zirkonzahn,digital-manufacturing,pmma-blank,material,approved_rule,legacy_category_rule,,unmatched,false,,材料,材料,PMMA 塊
ZZ-999-022-TMAD2120,Temp Basic Transpa 95H20,Zirkonzahn,digital-manufacturing,pmma-blank,material,approved_rule,legacy_category_rule,,unmatched,false,,材料,材料,PMMA 塊
ZZ-999-022-TMAE0225,Temp Premium Flexible A2-B2 95H25,Zirkonzahn,digital-manufacturing,pmma-blank,material,approved_rule,legacy_category_rule,,unmatched,false,,材料,材料,PMMA 塊
ZZ-999-022-TMAE0316,Temp Premium Flexible A3-B3 95H16,Zirkonzahn,digital-manufacturing,pmma-blank,material,approved_rule,legacy_category_rule,,unmatched,false,,材料,材料,PMMA 塊
ZZ-999-022-TMAE0320,Temp Premium Flexible A3-B3 95H20,Zirkonzahn,digital-manufacturing,pmma-blank,material,approved_rule,legacy_category_rule,,unmatched,false,,材料,材料,PMMA 塊
ZZ-999-022-TMAE2120,Temp Premiun Flexible Transpa 95H20 XXXXX,Zirkonzahn,digital-manufacturing,pmma-blank,material,approved_rule,legacy_category_rule,,unmatched,false,,材料,材料,PMMA 塊
ZZ-999-022-TMAQ0120,Tecno Med Mineral Dentine 95H20,Zirkonzahn,digital-manufacturing,pmma-blank,material,approved_rule,legacy_category_rule,,unmatched,false,,材料,材料,PMMA 塊
ZZ-999-023-95H16,Temp X-Ray 95H16 (TMAA1716),Zirkonzahn,fixed-restorative,ceramic-material,material,approved_rule,legacy_category_rule,,unmatched,false,,材料,材料,瓷粉 / 陶瓷
ZZ-999-024-95H10,Wax White 95H10 (WSAA0110),Zirkonzahn,digital-manufacturing,wax-blank,material,approved_rule,legacy_category_rule,,unmatched,false,,藥液,材料,蠟塊
ZZ-999-024-95H16,Wax White 95H16 (WSAA0116),Zirkonzahn,digital-manufacturing,wax-blank,material,approved_rule,legacy_category_rule,,unmatched,false,,藥液,材料,蠟塊
ZZ-999-025-98H12,ZRAB0941 Zirconia 98H12,Zirkonzahn,digital-manufacturing,zirconia-blank,material,approved_rule,legacy_category_rule,,unmatched,false,,材料,材料,氧化鋯塊
ZZ-999-025-98H14,ZRAB0911 Zirconia 98H14,Zirkonzahn,digital-manufacturing,zirconia-blank,material,approved_rule,legacy_category_rule,,unmatched,false,,材料,材料,氧化鋯塊
ZZ-999-025-98H16,ZRAB0962 Zirconia 98H16,Zirkonzahn,digital-manufacturing,zirconia-blank,material,approved_rule,legacy_category_rule,,unmatched,false,,材料,材料,氧化鋯塊
ZZ-999-025-98H18,ZRAB0921 Zirconia 98H18,Zirkonzahn,digital-manufacturing,zirconia-blank,material,approved_rule,legacy_category_rule,,unmatched,false,,材料,材料,氧化鋯塊
ZZ-999-025-98H20,ZRAB0931 Zirconia 98H20,Zirkonzahn,digital-manufacturing,zirconia-blank,material,approved_rule,legacy_category_rule,,unmatched,false,,材料,材料,氧化鋯塊
ZZ-999-025-98H22,ZRAB0951 Zirconia 98H22,Zirkonzahn,digital-manufacturing,zirconia-blank,material,approved_rule,legacy_category_rule,,unmatched,false,,材料,材料,氧化鋯塊
ZZ-999-025-98H25,ZRAB0971 Zirconia 98H25,Zirkonzahn,digital-manufacturing,zirconia-blank,material,approved_rule,legacy_category_rule,,unmatched,false,,材料,材料,氧化鋯塊
ZZ-999-026-98H12,Prettau Zirconia 98H12,Zirkonzahn,digital-manufacturing,zirconia-blank,material,approved_rule,legacy_category_rule,,unmatched,false,,材料,材料,氧化鋯塊
ZZ-999-026-98H14,Prettau Zirconia 98H14,Zirkonzahn,digital-manufacturing,zirconia-blank,material,approved_rule,legacy_category_rule,,unmatched,false,,材料,材料,氧化鋯塊
ZZ-999-026-98H16,Prettau Zirconia 98H16,Zirkonzahn,digital-manufacturing,zirconia-blank,material,approved_rule,legacy_category_rule,,unmatched,false,,材料,材料,氧化鋯塊
ZZ-999-026-98H18,Prettau Zirconia 98H18,Zirkonzahn,digital-manufacturing,zirconia-blank,material,approved_rule,legacy_category_rule,,unmatched,false,,材料,材料,氧化鋯塊
ZZ-999-026-98H22,Prettau Zirconia 98H22,Zirkonzahn,digital-manufacturing,zirconia-blank,material,approved_rule,legacy_category_rule,,unmatched,false,,材料,材料,氧化鋯塊
ZZ-999-026-98H25,Prettau Zirconia 98H25,Zirkonzahn,digital-manufacturing,zirconia-blank,material,approved_rule,legacy_category_rule,,unmatched,false,,材料,材料,氧化鋯塊
ZZ-999-026-98H30,Prettau Zirconia 98H30,Zirkonzahn,digital-manufacturing,zirconia-blank,material,approved_rule,legacy_category_rule,,unmatched,false,,材料,材料,氧化鋯塊
ZZ-999-027-95H10,ZRFA8001 Anterior 95H10,Zirkonzahn,digital-manufacturing,zirconia-blank,material,approved_rule,legacy_category_rule,,unmatched,false,,材料,材料,氧化鋯塊
ZZ-999-027-95H12,ZRFA8011 Anterior 95H12,Zirkonzahn,digital-manufacturing,zirconia-blank,material,approved_rule,legacy_category_rule,,unmatched,false,,材料,材料,氧化鋯塊
ZZ-999-027-95H14,Prettau 4 Anterior 95H14,Zirkonzahn,digital-manufacturing,zirconia-blank,material,approved_rule,legacy_category_rule,,unmatched,false,,材料,材料,氧化鋯塊
ZZ-999-027-95H16,ZRFA8031 Anterior 95H16,Zirkonzahn,digital-manufacturing,zirconia-blank,material,approved_rule,legacy_category_rule,,unmatched,false,,材料,材料,氧化鋯塊
ZZ-999-027-95H18,ZRFA8041 Anterior 95H18,Zirkonzahn,digital-manufacturing,zirconia-blank,material,approved_rule,legacy_category_rule,,unmatched,false,,材料,材料,氧化鋯塊
ZZ-999-027-95H22,ZRFA8061 Anterior 95H22,Zirkonzahn,digital-manufacturing,zirconia-blank,material,approved_rule,legacy_category_rule,,unmatched,false,,材料,材料,氧化鋯塊
ZZ-999-027-98H10,Prettau Anterior 98H10,Zirkonzahn,digital-manufacturing,zirconia-blank,material,approved_rule,legacy_category_rule,,unmatched,false,,材料,材料,氧化鋯塊
ZZ-999-027-98H12,Prettau Anterior 98H12,Zirkonzahn,digital-manufacturing,zirconia-blank,material,approved_rule,legacy_category_rule,,unmatched,false,,材料,材料,氧化鋯塊
ZZ-999-027-98H14,Prettau 4 Anterior 98H14,Zirkonzahn,digital-manufacturing,zirconia-blank,material,approved_rule,legacy_category_rule,,unmatched,false,,材料,材料,氧化鋯塊
ZZ-999-027-98H16,Prettau Anterior 98H16,Zirkonzahn,digital-manufacturing,zirconia-blank,material,approved_rule,legacy_category_rule,,unmatched,false,,材料,材料,氧化鋯塊
ZZ-999-027-98H18,Prettau Anterior 98H18,Zirkonzahn,digital-manufacturing,zirconia-blank,material,approved_rule,legacy_category_rule,,unmatched,false,,材料,材料,氧化鋯塊
ZZ-999-027-98H22,Prettau Anterior 98H22,Zirkonzahn,digital-manufacturing,zirconia-blank,material,approved_rule,legacy_category_rule,,unmatched,false,,材料,材料,氧化鋯塊
ZZ-999-028-95H12,ZRFA8011i Anterior Inlays 95H12,Zirkonzahn,digital-manufacturing,zirconia-blank,material,approved_rule,legacy_category_rule,,unmatched,false,,材料,材料,氧化鋯塊
ZZ-999-030-95H20,TRAA0120 Try-In 95H20,Zirkonzahn,fixed-restorative,ceramic-material,material,approved_rule,legacy_category_rule,,unmatched,false,,材料,材料,瓷粉 / 陶瓷
ZZ-999-031-HOAA8041,HOAA8041 Wood Olive 95H18,Zirkonzahn,fixed-restorative,ceramic-material,material,approved_rule,legacy_category_rule,,unmatched,false,,材料,材料,瓷粉 / 陶瓷
ZZ-999-031-HOAB8071,HOAB8071 Wood Nut 95H30,Zirkonzahn,fixed-restorative,ceramic-material,material,approved_rule,legacy_category_rule,,unmatched,false,,材料,材料,瓷粉 / 陶瓷
ZZ-999-031-HOAE8071,HOAE8071 Wood CHERRY 95H30,Zirkonzahn,fixed-restorative,ceramic-material,material,approved_rule,legacy_category_rule,,unmatched,false,,材料,材料,瓷粉 / 陶瓷
ZZ-999-031-HOAF8071,HOAF8071 Wood Pear 95H30,Zirkonzahn,fixed-restorative,ceramic-material,material,approved_rule,legacy_category_rule,,unmatched,false,,材料,材料,瓷粉 / 陶瓷
ZZ-999-031-HOAG8041,HOAG8041 Wood Apple 95H18,Zirkonzahn,fixed-restorative,ceramic-material,material,approved_rule,legacy_category_rule,,unmatched,false,,材料,材料,瓷粉 / 陶瓷
ZZ-999-031-HOAI8071,HOAI8071 Wood Bubinga 95H30,Zirkonzahn,fixed-restorative,ceramic-material,material,approved_rule,legacy_category_rule,,unmatched,false,,材料,材料,瓷粉 / 陶瓷
ZZ-999-031-HOAK8071,HOAK8071 Wood Acacia 95H30,Zirkonzahn,fixed-restorative,ceramic-material,material,approved_rule,legacy_category_rule,,unmatched,false,,材料,材料,瓷粉 / 陶瓷
ZZ-999-031-HOAL8071,HOAL8071 Wood Cedar 95H30,Zirkonzahn,fixed-restorative,ceramic-material,material,approved_rule,legacy_category_rule,,unmatched,false,,材料,材料,瓷粉 / 陶瓷
ZZ-999-032-95H12,MEAC0112 Titan 5 95H12,Zirkonzahn,fixed-restorative,metal-material,material,approved_rule,legacy_category_rule,,unmatched,false,,材料,材料,金屬材料
ZZ-999-032-95H14,MEAC0114 Titan 5 95H14,Zirkonzahn,fixed-restorative,metal-material,material,approved_rule,legacy_category_rule,,unmatched,false,,材料,材料,金屬材料
ZZ-999-032-95H16,MEAC0116 Titan 5 95H16,Zirkonzahn,fixed-restorative,metal-material,material,approved_rule,legacy_category_rule,,unmatched,false,,材料,材料,金屬材料
ZZ-999-032-95H18,MEAL9518 Titan 5 95H18,Zirkonzahn,fixed-restorative,metal-material,material,approved_rule,legacy_category_rule,,unmatched,false,,材料,材料,金屬材料
ZZ-999-032-95H20,MEAC0120 Titan 5 95H20,Zirkonzahn,fixed-restorative,metal-material,material,approved_rule,legacy_category_rule,,unmatched,false,,材料,材料,金屬材料
ZZ-999-032-95H22,MEAC0122 Titan 5 95H22,Zirkonzahn,fixed-restorative,metal-material,material,approved_rule,legacy_category_rule,,unmatched,false,,材料,材料,金屬材料
ZZ-999-032-95H25,MEAC0125Titan 5 95H25,Zirkonzahn,fixed-restorative,metal-material,material,approved_rule,legacy_category_rule,,unmatched,false,,材料,材料,金屬材料
ZZ-999-033-01,ZRAT8021 Zirconia Green 95H14,Zirkonzahn,digital-manufacturing,zirconia-blank,material,approved_rule,legacy_category_rule,,unmatched,false,,材料,材料,氧化鋯塊
ZZ-999-033-06,ZRAY8021 Zirconia Dark blue 95H14,Zirkonzahn,digital-manufacturing,zirconia-blank,material,approved_rule,legacy_category_rule,,unmatched,false,,材料,材料,氧化鋯塊
ZZ-999-033-08,ZRAZ8041 Zirconia Black 95H18,Zirkonzahn,digital-manufacturing,zirconia-blank,material,approved_rule,legacy_category_rule,,unmatched,false,,材料,材料,氧化鋯塊
ZZ-999-034-95H10,Sintermetall 95H10,Zirkonzahn,fixed-restorative,metal-material,material,approved_rule,legacy_category_rule,,unmatched,false,,材料,材料,金屬材料
ZZ-999-034-95H12,Sintermetall 95H12,Zirkonzahn,fixed-restorative,metal-material,material,approved_rule,legacy_category_rule,,unmatched,false,,材料,材料,金屬材料
ZZ-999-034-95H14,Sintermetall 95H14,Zirkonzahn,fixed-restorative,metal-material,material,approved_rule,legacy_category_rule,,unmatched,false,,材料,材料,金屬材料
ZZ-999-035-A2,Antomic Coloured 95H10-A2,Zirkonzahn,digital-manufacturing,zirconia-blank,material,approved_rule,legacy_category_rule,,unmatched,false,,材料,材料,氧化鋯塊
ZZ-999-036-95H16-A1,Antomic Coloured 95H16-A1,Zirkonzahn,digital-manufacturing,zirconia-blank,material,approved_rule,legacy_category_rule,,unmatched,false,,材料,材料,氧化鋯塊
ZZ-999-036-95H16-A2,Antomic Coloured 95H16-A2,Zirkonzahn,digital-manufacturing,zirconia-blank,material,approved_rule,legacy_category_rule,,unmatched,false,,材料,材料,氧化鋯塊
ZZ-999-036-95H16-A3,Antomic Coloured 95H16-A3,Zirkonzahn,digital-manufacturing,zirconia-blank,material,approved_rule,legacy_category_rule,,unmatched,false,,材料,材料,氧化鋯塊
ZZ-999-036-95H16-A3.5,Antomic Coloured 95H16-A3.5,Zirkonzahn,digital-manufacturing,zirconia-blank,material,approved_rule,legacy_category_rule,,unmatched,false,,材料,材料,氧化鋯塊
ZZ-999-036-95H18-A1,Antomic Coloured 95H18-A1,Zirkonzahn,digital-manufacturing,zirconia-blank,material,approved_rule,legacy_category_rule,,unmatched,false,,材料,材料,氧化鋯塊
ZZ-999-036-95H18-A2,Antomic Coloured 95H18-A2,Zirkonzahn,digital-manufacturing,zirconia-blank,material,approved_rule,legacy_category_rule,,unmatched,false,,材料,材料,氧化鋯塊
ZZ-999-036-95H18-A3,Antomic Coloured 95H18-A3,Zirkonzahn,digital-manufacturing,zirconia-blank,material,approved_rule,legacy_category_rule,,unmatched,false,,材料,材料,氧化鋯塊
ZZ-999-036-95H18-A3.5,Antomic Coloured 95H18-A3.5,Zirkonzahn,digital-manufacturing,zirconia-blank,material,approved_rule,legacy_category_rule,,unmatched,false,,材料,材料,氧化鋯塊
ZZ-999-036-95H18-A4,Antomic Coloured 95H18-A4,Zirkonzahn,digital-manufacturing,zirconia-blank,material,approved_rule,legacy_category_rule,,unmatched,false,,材料,材料,氧化鋯塊
ZZ-999-036-95H18-B1,Antomic Coloured 95H18-B1,Zirkonzahn,digital-manufacturing,zirconia-blank,material,approved_rule,legacy_category_rule,,unmatched,false,,材料,材料,氧化鋯塊
ZZ-999-036-95H18-B3,Antomic Coloured 95H18-B3,Zirkonzahn,digital-manufacturing,zirconia-blank,material,approved_rule,legacy_category_rule,,unmatched,false,,材料,材料,氧化鋯塊
ZZ-999-036-95H18-B4,Antomic Coloured 95H18-B4,Zirkonzahn,digital-manufacturing,zirconia-blank,material,approved_rule,legacy_category_rule,,unmatched,false,,材料,材料,氧化鋯塊
ZZ-999-036-95H18-C2,Antomic Coloured 95H18-C2,Zirkonzahn,digital-manufacturing,zirconia-blank,material,approved_rule,legacy_category_rule,,unmatched,false,,材料,材料,氧化鋯塊
ZZ-999-036-95H18-C3,Antomic Coloured 95H18-C3,Zirkonzahn,digital-manufacturing,zirconia-blank,material,approved_rule,legacy_category_rule,,unmatched,false,,材料,材料,氧化鋯塊
ZZ-999-036-95H20-A2,Antomic Coloured 95H20-A2,Zirkonzahn,digital-manufacturing,zirconia-blank,material,approved_rule,legacy_category_rule,,unmatched,false,,材料,材料,氧化鋯塊
ZZ-999-036-95H22-A2,Antomic Coloured 95H22-A2,Zirkonzahn,digital-manufacturing,zirconia-blank,material,approved_rule,legacy_category_rule,,unmatched,false,,材料,材料,氧化鋯塊
ZZ-999-036-95H22-A3,Antomic Coloured 95H22-A3,Zirkonzahn,digital-manufacturing,zirconia-blank,material,approved_rule,legacy_category_rule,,unmatched,false,,材料,材料,氧化鋯塊
ZZ-999-036-95H25-A2,Antomic Coloured 95H25-A2,Zirkonzahn,digital-manufacturing,zirconia-blank,material,approved_rule,legacy_category_rule,,unmatched,false,,材料,材料,氧化鋯塊
ZZ-999-036-A1,Antomic Coloured 95H14-A1,Zirkonzahn,digital-manufacturing,zirconia-blank,material,approved_rule,legacy_category_rule,,unmatched,false,,材料,材料,氧化鋯塊
ZZ-999-036-A2,Antomic Coloured 95H14-A2,Zirkonzahn,digital-manufacturing,zirconia-blank,material,approved_rule,legacy_category_rule,,unmatched,false,,材料,材料,氧化鋯塊
ZZ-999-036-A3,Antomic Coloured 95H14-A3,Zirkonzahn,digital-manufacturing,zirconia-blank,material,approved_rule,legacy_category_rule,,unmatched,false,,材料,材料,氧化鋯塊
ZZ-999-036-A3.5,Antomic Coloured 95H14-A3.5,Zirkonzahn,digital-manufacturing,zirconia-blank,material,approved_rule,legacy_category_rule,,unmatched,false,,材料,材料,氧化鋯塊
ZZ-999-036-A4,Antomic Coloured 95H14-A4,Zirkonzahn,digital-manufacturing,zirconia-blank,material,approved_rule,legacy_category_rule,,unmatched,false,,材料,材料,氧化鋯塊
ZZ-999-036-B1,Antomic Coloured 95H14-B1,Zirkonzahn,digital-manufacturing,zirconia-blank,material,approved_rule,legacy_category_rule,,unmatched,false,,材料,材料,氧化鋯塊
ZZ-999-036-B2,Antomic Coloured 95H14-B2,Zirkonzahn,digital-manufacturing,zirconia-blank,material,approved_rule,legacy_category_rule,,unmatched,false,,材料,材料,氧化鋯塊
ZZ-999-036-B3,Antomic Coloured 95H14-B3,Zirkonzahn,digital-manufacturing,zirconia-blank,material,approved_rule,legacy_category_rule,,unmatched,false,,材料,材料,氧化鋯塊
ZZ-999-036-B4,Antomic Coloured 95H14-B4,Zirkonzahn,digital-manufacturing,zirconia-blank,material,approved_rule,legacy_category_rule,,unmatched,false,,材料,材料,氧化鋯塊
ZZ-999-036-C1,Antomic Coloured 95H14-C1,Zirkonzahn,digital-manufacturing,zirconia-blank,material,approved_rule,legacy_category_rule,,unmatched,false,,材料,材料,氧化鋯塊
ZZ-999-036-C2,Antomic Coloured 95H14-C2,Zirkonzahn,digital-manufacturing,zirconia-blank,material,approved_rule,legacy_category_rule,,unmatched,false,,材料,材料,氧化鋯塊
ZZ-999-036-C3,Antomic Coloured 95H14-C3,Zirkonzahn,digital-manufacturing,zirconia-blank,material,approved_rule,legacy_category_rule,,unmatched,false,,材料,材料,氧化鋯塊
ZZ-999-036-C4,Antomic Coloured 95H14-C4,Zirkonzahn,digital-manufacturing,zirconia-blank,material,approved_rule,legacy_category_rule,,unmatched,false,,材料,材料,氧化鋯塊
ZZ-999-036-D2,Antomic Coloured 95H14-D2,Zirkonzahn,digital-manufacturing,zirconia-blank,material,approved_rule,legacy_category_rule,,unmatched,false,,材料,材料,氧化鋯塊
ZZ-999-036-D3,Antomic Coloured 95H14-D3,Zirkonzahn,digital-manufacturing,zirconia-blank,material,approved_rule,legacy_category_rule,,unmatched,false,,材料,材料,氧化鋯塊
ZZ-999-036-D4,Antomic Coloured 95H14-D4,Zirkonzahn,digital-manufacturing,zirconia-blank,material,approved_rule,legacy_category_rule,,unmatched,false,,材料,材料,氧化鋯塊
ZZ-999-037-98H14-A1,Antomic Coloured 98H14-A1,Zirkonzahn,digital-manufacturing,zirconia-blank,material,approved_rule,legacy_category_rule,,unmatched,false,,材料,材料,氧化鋯塊
ZZ-999-037-98H14-A2,Antomic Coloured 98H14-A2,Zirkonzahn,digital-manufacturing,zirconia-blank,material,approved_rule,legacy_category_rule,,unmatched,false,,材料,材料,氧化鋯塊
ZZ-999-037-98H14-A3,Antomic Coloured 98H14-A3,Zirkonzahn,digital-manufacturing,zirconia-blank,material,approved_rule,legacy_category_rule,,unmatched,false,,材料,材料,氧化鋯塊
ZZ-999-037-98H14-A3.5,Antomic Coloured 98H14-A3.5,Zirkonzahn,digital-manufacturing,zirconia-blank,material,approved_rule,legacy_category_rule,,unmatched,false,,材料,材料,氧化鋯塊
ZZ-999-037-98H14-A4,Antomic Coloured 98H14-A4,Zirkonzahn,digital-manufacturing,zirconia-blank,material,approved_rule,legacy_category_rule,,unmatched,false,,材料,材料,氧化鋯塊
ZZ-999-037-98H14-B1,Antomic Coloured 98H14-B1,Zirkonzahn,digital-manufacturing,zirconia-blank,material,approved_rule,legacy_category_rule,,unmatched,false,,材料,材料,氧化鋯塊
ZZ-999-037-98H14-B2,Antomic Coloured 98H14-B2,Zirkonzahn,digital-manufacturing,zirconia-blank,material,approved_rule,legacy_category_rule,,unmatched,false,,材料,材料,氧化鋯塊
ZZ-999-037-98H14-B3,Antomic Coloured 98H14-B3,Zirkonzahn,digital-manufacturing,zirconia-blank,material,approved_rule,legacy_category_rule,,unmatched,false,,材料,材料,氧化鋯塊
ZZ-999-037-98H14-C1,Antomic Coloured 98H14-C1,Zirkonzahn,digital-manufacturing,zirconia-blank,material,approved_rule,legacy_category_rule,,unmatched,false,,材料,材料,氧化鋯塊
ZZ-999-037-98H14-C2,Antomic Coloured 98H14-C2,Zirkonzahn,digital-manufacturing,zirconia-blank,material,approved_rule,legacy_category_rule,,unmatched,false,,材料,材料,氧化鋯塊
ZZ-999-037-98H14-C3,Antomic Coloured 98H14-C3,Zirkonzahn,digital-manufacturing,zirconia-blank,material,approved_rule,legacy_category_rule,,unmatched,false,,材料,材料,氧化鋯塊
ZZ-999-037-98H14-D2,Antomic Coloured 98H14-D2,Zirkonzahn,digital-manufacturing,zirconia-blank,material,approved_rule,legacy_category_rule,,unmatched,false,,材料,材料,氧化鋯塊
ZZ-999-037-98H14-D3,Antomic Coloured 98H14-D3,Zirkonzahn,digital-manufacturing,zirconia-blank,material,approved_rule,legacy_category_rule,,unmatched,false,,材料,材料,氧化鋯塊
ZZ-999-037-98H16-A1,Antomic Coloured 98H16-A1,Zirkonzahn,digital-manufacturing,zirconia-blank,material,approved_rule,legacy_category_rule,,unmatched,false,,材料,材料,氧化鋯塊
ZZ-999-037-98H16-A2,Antomic Coloured 98H16-A2,Zirkonzahn,digital-manufacturing,zirconia-blank,material,approved_rule,legacy_category_rule,,unmatched,false,,材料,材料,氧化鋯塊
ZZ-999-037-98H16-A3,Antomic Coloured 98H16-A3,Zirkonzahn,digital-manufacturing,zirconia-blank,material,approved_rule,legacy_category_rule,,unmatched,false,,材料,材料,氧化鋯塊
ZZ-999-037-98H16-A3.5,Antomic Coloured 98H16-A3.5,Zirkonzahn,digital-manufacturing,zirconia-blank,material,approved_rule,legacy_category_rule,,unmatched,false,,材料,材料,氧化鋯塊
ZZ-999-037-98H16-B1,Antomic Coloured 98H16-B1,Zirkonzahn,digital-manufacturing,zirconia-blank,material,approved_rule,legacy_category_rule,,unmatched,false,,材料,材料,氧化鋯塊
ZZ-999-037-98H16-B2,Antomic Coloured 98H16-B2,Zirkonzahn,digital-manufacturing,zirconia-blank,material,approved_rule,legacy_category_rule,,unmatched,false,,材料,材料,氧化鋯塊
ZZ-999-037-98H16-B3,Antomic Coloured 98H16-B3,Zirkonzahn,digital-manufacturing,zirconia-blank,material,approved_rule,legacy_category_rule,,unmatched,false,,材料,材料,氧化鋯塊
ZZ-999-037-98H16-B4,Antomic Coloured 98H16-B4,Zirkonzahn,digital-manufacturing,zirconia-blank,material,approved_rule,legacy_category_rule,,unmatched,false,,材料,材料,氧化鋯塊
ZZ-999-037-98H16-C1,Antomic Coloured 98H16-C1,Zirkonzahn,digital-manufacturing,zirconia-blank,material,approved_rule,legacy_category_rule,,unmatched,false,,材料,材料,氧化鋯塊
ZZ-999-037-98H16-C2,Antomic Coloured 98H16-C2,Zirkonzahn,digital-manufacturing,zirconia-blank,material,approved_rule,legacy_category_rule,,unmatched,false,,材料,材料,氧化鋯塊
ZZ-999-037-98H16-C3,Antomic Coloured 98H16-C3,Zirkonzahn,digital-manufacturing,zirconia-blank,material,approved_rule,legacy_category_rule,,unmatched,false,,材料,材料,氧化鋯塊
ZZ-999-037-98H16-D2,Antomic Coloured 98H16-D2,Zirkonzahn,digital-manufacturing,zirconia-blank,material,approved_rule,legacy_category_rule,,unmatched,false,,材料,材料,氧化鋯塊
ZZ-999-037-98H16-D3,Antomic Coloured 98H16-D3,Zirkonzahn,digital-manufacturing,zirconia-blank,material,approved_rule,legacy_category_rule,,unmatched,false,,材料,材料,氧化鋯塊
ZZ-999-037-98H18-A1,Antomic Coloured 98H18-A1,Zirkonzahn,digital-manufacturing,zirconia-blank,material,approved_rule,legacy_category_rule,,unmatched,false,,材料,材料,氧化鋯塊
ZZ-999-037-98H18-A2,Antomic Coloured 98H18-A2,Zirkonzahn,digital-manufacturing,zirconia-blank,material,approved_rule,legacy_category_rule,,unmatched,false,,材料,材料,氧化鋯塊
ZZ-999-037-98H18-A3,Antomic Coloured 98H18-A3,Zirkonzahn,digital-manufacturing,zirconia-blank,material,approved_rule,legacy_category_rule,,unmatched,false,,材料,材料,氧化鋯塊
ZZ-999-037-98H18-A3.5,Antomic Coloured 98H18-A3.5,Zirkonzahn,digital-manufacturing,zirconia-blank,material,approved_rule,legacy_category_rule,,unmatched,false,,材料,材料,氧化鋯塊
ZZ-999-037-98H18-A4,Antomic Coloured 98H18-A4,Zirkonzahn,digital-manufacturing,zirconia-blank,material,approved_rule,legacy_category_rule,,unmatched,false,,材料,材料,氧化鋯塊
ZZ-999-037-98H18-B1,Antomic Coloured 98H18-B1,Zirkonzahn,digital-manufacturing,zirconia-blank,material,approved_rule,legacy_category_rule,,unmatched,false,,材料,材料,氧化鋯塊
ZZ-999-037-98H18-B2,Antomic Coloured 98H18-B2,Zirkonzahn,digital-manufacturing,zirconia-blank,material,approved_rule,legacy_category_rule,,unmatched,false,,材料,材料,氧化鋯塊
ZZ-999-038-95H16,Tecno Med 95H16,Zirkonzahn,digital-manufacturing,pmma-blank,material,approved_rule,legacy_category_rule,,unmatched,false,,材料,材料,PMMA 塊
ZZ-999-ZRFC0911A01,Prettau 4 Anterior 98H14 A1,Zirkonzahn,digital-manufacturing,zirconia-blank,material,approved_rule,legacy_category_rule,,unmatched,false,,材料,材料,氧化鋯塊
ZZ-999-ZRFC0911A02,Prettau 4 Anterior Dispersive 98H14-A2,Zirkonzahn,digital-manufacturing,zirconia-blank,material,approved_rule,legacy_category_rule,,unmatched,false,,材料,材料,氧化鋯塊
ZZ-999-ZRFC0911A03,Prettau 4 Anterior 98H14 A3,Zirkonzahn,digital-manufacturing,zirconia-blank,material,approved_rule,legacy_category_rule,,unmatched,false,,材料,材料,氧化鋯塊
ZZ-999-ZRFC0911A04,Prettau 4 Anterior Dispersive 98H14-A4,Zirkonzahn,digital-manufacturing,zirconia-blank,material,approved_rule,legacy_category_rule,,unmatched,false,,材料,材料,氧化鋯塊
ZZ-999-ZRFC0911A35,Prettau 4 Anterior 98H14 A3.5,Zirkonzahn,digital-manufacturing,zirconia-blank,material,approved_rule,legacy_category_rule,,unmatched,false,,材料,材料,氧化鋯塊
ZZ-999-ZRFC0911B01,Prettau 4 Anterior Dispersive 98H14-B1,Zirkonzahn,digital-manufacturing,zirconia-blank,material,approved_rule,legacy_category_rule,,unmatched,false,,材料,材料,氧化鋯塊
ZZ-999-ZRFC0911B02,Prettau 4 Anterior Dispersive 98H14-B2,Zirkonzahn,digital-manufacturing,zirconia-blank,material,approved_rule,legacy_category_rule,,unmatched,false,,材料,材料,氧化鋯塊
ZZ-999-ZRFC0911B03,Prettau 4 Anterior Dispersive 98H14-B3,Zirkonzahn,digital-manufacturing,zirconia-blank,material,approved_rule,legacy_category_rule,,unmatched,false,,材料,材料,氧化鋯塊
ZZ-999-ZRFC0911B04,Prettau 4 Anterior Dispersive 98H14-B4,Zirkonzahn,digital-manufacturing,zirconia-blank,material,approved_rule,legacy_category_rule,,unmatched,false,,材料,材料,氧化鋯塊
ZZ-999-ZRFC0911C01,Prettau 4 Anterior Dispersive 98H14-C1,Zirkonzahn,digital-manufacturing,zirconia-blank,material,approved_rule,legacy_category_rule,,unmatched,false,,材料,材料,氧化鋯塊
ZZ-999-ZRFC0911C02,Prettau 4 Anterior Dispersive 98H14-C2,Zirkonzahn,digital-manufacturing,zirconia-blank,material,approved_rule,legacy_category_rule,,unmatched,false,,材料,材料,氧化鋯塊
ZZ-999-ZRFC0911C03,Prettau 4 Anterior Dispersive 98H14-C3,Zirkonzahn,digital-manufacturing,zirconia-blank,material,approved_rule,legacy_category_rule,,unmatched,false,,材料,材料,氧化鋯塊
ZZ-999-ZRFC0911C04,Prettau 4 Anterior Dispersive 98H14-C4,Zirkonzahn,digital-manufacturing,zirconia-blank,material,approved_rule,legacy_category_rule,,unmatched,false,,材料,材料,氧化鋯塊
ZZ-999-ZRFC0911D02,Prettau 4 Anterior Dispersive 98H14-D2,Zirkonzahn,digital-manufacturing,zirconia-blank,material,approved_rule,legacy_category_rule,,unmatched,false,,材料,材料,氧化鋯塊
ZZ-999-ZRFC0911D03,Prettau 4 Anterior Dispersive 98H14-D3,Zirkonzahn,digital-manufacturing,zirconia-blank,material,approved_rule,legacy_category_rule,,unmatched,false,,材料,材料,氧化鋯塊
ZZ-999-ZRFC0911D034,Prettau 4 Anterior Dispersive 98H14-D4,Zirkonzahn,digital-manufacturing,zirconia-blank,material,approved_rule,legacy_category_rule,,unmatched,false,,材料,材料,氧化鋯塊
ZZ-999-ZRFC09210M2,Prettau 4 Anterior 98H18 0M2,Zirkonzahn,digital-manufacturing,zirconia-blank,material,approved_rule,legacy_category_rule,,unmatched,false,,材料,材料,氧化鋯塊
ZZ-999-ZRFC0921A01,Prettau 4 Anterior 98H18 A1,Zirkonzahn,digital-manufacturing,zirconia-blank,material,approved_rule,legacy_category_rule,,unmatched,false,,材料,材料,氧化鋯塊
ZZ-999-ZRFC0921A02,Prettau 4 Anterior 98H18 A2,Zirkonzahn,digital-manufacturing,zirconia-blank,material,approved_rule,legacy_category_rule,,unmatched,false,,材料,材料,氧化鋯塊
ZZ-999-ZRFC0921A03,Prettau 4 Anterior Dispersive 98H18-A3,Zirkonzahn,digital-manufacturing,zirconia-blank,material,approved_rule,legacy_category_rule,,unmatched,false,,材料,材料,氧化鋯塊
ZZ-999-ZRFC0921A35,Prettau 4 Anterior Dispersive 98H18-A35,Zirkonzahn,digital-manufacturing,zirconia-blank,material,approved_rule,legacy_category_rule,,unmatched,false,,材料,材料,氧化鋯塊
ZZ-999-ZRFC0921B01,Prettau 4 Anterior Dispersive 98H18-B1,Zirkonzahn,digital-manufacturing,zirconia-blank,material,approved_rule,legacy_category_rule,,unmatched,false,,材料,材料,氧化鋯塊
ZZ-999-ZRFC0921B02,Prettau 4 Anterior Dispersive 98H18-B2,Zirkonzahn,digital-manufacturing,zirconia-blank,material,approved_rule,legacy_category_rule,,unmatched,false,,材料,材料,氧化鋯塊
ZZ-999-ZRFC0921B03,Prettau 4 Anterior Dispersive 98H18-B3,Zirkonzahn,digital-manufacturing,zirconia-blank,material,approved_rule,legacy_category_rule,,unmatched,false,,材料,材料,氧化鋯塊
ZZ-999-ZRFC0921C04,Prettau 4 Anterior Dispersive 98H18-C4,Zirkonzahn,digital-manufacturing,zirconia-blank,material,approved_rule,legacy_category_rule,,unmatched,false,,材料,材料,氧化鋯塊
ZZ-999-ZRFC0941A02,Prettau 4 Anterior 98H12 A2,Zirkonzahn,digital-manufacturing,zirconia-blank,material,approved_rule,legacy_category_rule,,unmatched,false,,材料,材料,氧化鋯塊
ZZ-999-ZRFC0941A03,Prettau 4 Anterior 98H12 A3,Zirkonzahn,digital-manufacturing,zirconia-blank,material,approved_rule,legacy_category_rule,,unmatched,false,,材料,材料,氧化鋯塊
ZZ-999-ZRFC0962A02,Prettau 4 Anterior 98H16 A2,Zirkonzahn,digital-manufacturing,zirconia-blank,material,approved_rule,legacy_category_rule,,unmatched,false,,材料,材料,氧化鋯塊
ZZ-999-ZRFC0962A03,Prettau 4 Anterior 98H16 A3,Zirkonzahn,digital-manufacturing,zirconia-blank,material,approved_rule,legacy_category_rule,,unmatched,false,,材料,材料,氧化鋯塊
ZZ-999-ZRFC8021A01,Prettau 4 Anterior 95H14-A1,Zirkonzahn,digital-manufacturing,zirconia-blank,material,approved_rule,legacy_category_rule,,unmatched,false,,材料,材料,氧化鋯塊
ZZ-999-ZRFC8021A02,Prettau 4 Anterior 95H14 A2,Zirkonzahn,digital-manufacturing,zirconia-blank,material,approved_rule,legacy_category_rule,,unmatched,false,,材料,材料,氧化鋯塊
ZZ-999-ZRFC8021A03,Prettau 4 Anterior 95H14 A3,Zirkonzahn,digital-manufacturing,zirconia-blank,material,approved_rule,legacy_category_rule,,unmatched,false,,材料,材料,氧化鋯塊
ZZ-999-ZRFC8021A04,Prettau 4 Anterior 95H14 A4,Zirkonzahn,digital-manufacturing,zirconia-blank,material,approved_rule,legacy_category_rule,,unmatched,false,,材料,材料,氧化鋯塊
ZZ-999-ZRFC8021A35,Prettau 4 Anterior 95H14 A3.5,Zirkonzahn,digital-manufacturing,zirconia-blank,material,approved_rule,legacy_category_rule,,unmatched,false,,材料,材料,氧化鋯塊
ZZ-999-ZRFC8021B01,Prettau 4 Anterior 95H14 B1,Zirkonzahn,digital-manufacturing,zirconia-blank,material,approved_rule,legacy_category_rule,,unmatched,false,,材料,材料,氧化鋯塊
ZZ-999-ZRFC8021B02,Prettau 4 Anterior 95H14 B2,Zirkonzahn,digital-manufacturing,zirconia-blank,material,approved_rule,legacy_category_rule,,unmatched,false,,材料,材料,氧化鋯塊
ZZ-999-ZRFC8021B03,Prettau 4 Anterior 95H14 B3,Zirkonzahn,digital-manufacturing,zirconia-blank,material,approved_rule,legacy_category_rule,,unmatched,false,,材料,材料,氧化鋯塊
ZZ-999-ZRFC8021B04,Prettau 4 Anterior 95H14 B4,Zirkonzahn,digital-manufacturing,zirconia-blank,material,approved_rule,legacy_category_rule,,unmatched,false,,材料,材料,氧化鋯塊
ZZ-999-ZRFC8021C01,Prettau 4 Anterior 95H14 C1,Zirkonzahn,digital-manufacturing,zirconia-blank,material,approved_rule,legacy_category_rule,,unmatched,false,,材料,材料,氧化鋯塊
ZZ-999-ZRFC8021C02,Prettau 4 Anterior 95H14 C2,Zirkonzahn,digital-manufacturing,zirconia-blank,material,approved_rule,legacy_category_rule,,unmatched,false,,材料,材料,氧化鋯塊
ZZ-999-ZRFC8021C03,Prettau 4 Anterior 95H14 C3,Zirkonzahn,digital-manufacturing,zirconia-blank,material,approved_rule,legacy_category_rule,,unmatched,false,,材料,材料,氧化鋯塊
ZZ-999-ZRFC8021C04,Prettau 4 Anterior 95H14 C4,Zirkonzahn,digital-manufacturing,zirconia-blank,material,approved_rule,legacy_category_rule,,unmatched,false,,材料,材料,氧化鋯塊
ZZ-999-ZRFC8021D03,Prettau 4 Anterior 95H14 D3,Zirkonzahn,digital-manufacturing,zirconia-blank,material,approved_rule,legacy_category_rule,,unmatched,false,,材料,材料,氧化鋯塊
ZZ-999-ZRFC8031A02,Prettau 4 Anterior 95H16 A2,Zirkonzahn,digital-manufacturing,zirconia-blank,material,approved_rule,legacy_category_rule,,unmatched,false,,材料,材料,氧化鋯塊
ZZ-999-ZRFC8031A03,Prettau 4 Anterior 95H16 A3,Zirkonzahn,digital-manufacturing,zirconia-blank,material,approved_rule,legacy_category_rule,,unmatched,false,,材料,材料,氧化鋯塊
ZZ-999-ZRFC8041A01,Prettau 4 Anterior 95H18 A1,Zirkonzahn,digital-manufacturing,zirconia-blank,material,approved_rule,legacy_category_rule,,unmatched,false,,材料,材料,氧化鋯塊
ZZ-999-ZRFC8041A02,Prettau 4 Anterior 95H18 A2,Zirkonzahn,digital-manufacturing,zirconia-blank,material,approved_rule,legacy_category_rule,,unmatched,false,,材料,材料,氧化鋯塊
ZZ-999-ZRFC8041A03,Prettau 4 Anterior 95H18 A3,Zirkonzahn,digital-manufacturing,zirconia-blank,material,approved_rule,legacy_category_rule,,unmatched,false,,材料,材料,氧化鋯塊
ZZ-999-ZRFC8041A04,Prettau 4 Anterior 95H18 A4,Zirkonzahn,digital-manufacturing,zirconia-blank,material,approved_rule,legacy_category_rule,,unmatched,false,,材料,材料,氧化鋯塊
ZZ-999-ZRFC8041A35,Prettau 4 Anterior 95H18 A3.5,Zirkonzahn,digital-manufacturing,zirconia-blank,material,approved_rule,legacy_category_rule,,unmatched,false,,材料,材料,氧化鋯塊
ZZ-999-ZRFC8041B01,Prettau 4 Anterior 95H18 B1,Zirkonzahn,digital-manufacturing,zirconia-blank,material,approved_rule,legacy_category_rule,,unmatched,false,,材料,材料,氧化鋯塊
ZZ-999-ZRFC8041B02,Prettau 4 Anterior 95H18 B2,Zirkonzahn,digital-manufacturing,zirconia-blank,material,approved_rule,legacy_category_rule,,unmatched,false,,材料,材料,氧化鋯塊
ZZ-999-ZRFC8041B03,Prettau 4 Anterior 95H18 B3,Zirkonzahn,digital-manufacturing,zirconia-blank,material,approved_rule,legacy_category_rule,,unmatched,false,,材料,材料,氧化鋯塊
ZZ-999-ZRFC8041B04,Prettau 4 Anterior 95H18 B4,Zirkonzahn,digital-manufacturing,zirconia-blank,material,approved_rule,legacy_category_rule,,unmatched,false,,材料,材料,氧化鋯塊
ZZ-999-ZRFC8041C01,Prettau 4 Anterior 95H18 C1,Zirkonzahn,digital-manufacturing,zirconia-blank,material,approved_rule,legacy_category_rule,,unmatched,false,,材料,材料,氧化鋯塊
ZZ-999-ZRFC8041C02,Prettau 4 Anterior 95H18 C2,Zirkonzahn,digital-manufacturing,zirconia-blank,material,approved_rule,legacy_category_rule,,unmatched,false,,材料,材料,氧化鋯塊
ZZ-999-ZRFC8041C03,Prettau 4 Anterior 95H18 C3,Zirkonzahn,digital-manufacturing,zirconia-blank,material,approved_rule,legacy_category_rule,,unmatched,false,,材料,材料,氧化鋯塊
ZZ-999-ZRFC8041C04,Prettau 4 Anterior 95H18 C4,Zirkonzahn,digital-manufacturing,zirconia-blank,material,approved_rule,legacy_category_rule,,unmatched,false,,材料,材料,氧化鋯塊
ZZ-999-ZRFC8041D03,Prettau 4 Anterior 95H18 D3,Zirkonzahn,digital-manufacturing,zirconia-blank,material,approved_rule,legacy_category_rule,,unmatched,false,,材料,材料,氧化鋯塊
ZZ-999-ZRFC8041OM2,Prettau 4 Anterior 95H18 0M2,Zirkonzahn,digital-manufacturing,zirconia-blank,material,approved_rule,legacy_category_rule,,unmatched,false,,材料,材料,氧化鋯塊
ZZ-999-ZRFC8101A01,Prettau 4 Anterior 95H25 A1,Zirkonzahn,digital-manufacturing,zirconia-blank,material,approved_rule,legacy_category_rule,,unmatched,false,,材料,材料,氧化鋯塊
ZZ-999-ZRKC03101A01,Prettau 2 98H30 A1,Zirkonzahn,digital-manufacturing,zirconia-blank,material,approved_rule,legacy_category_rule,,unmatched,false,,材料,材料,氧化鋯塊
ZZ-999-ZRKC03101A03,Prettau 2 98H30 A3,Zirkonzahn,digital-manufacturing,zirconia-blank,material,approved_rule,legacy_category_rule,,unmatched,false,,材料,材料,氧化鋯塊
ZZ-999-ZRKC0911A01,Prettau 2 98H14 A1,Zirkonzahn,digital-manufacturing,zirconia-blank,material,approved_rule,legacy_category_rule,,unmatched,false,,材料,材料,氧化鋯塊
ZZ-999-ZRKC0911A02,Prettau 2 98H14 A2,Zirkonzahn,digital-manufacturing,zirconia-blank,material,approved_rule,legacy_category_rule,,unmatched,false,,材料,材料,氧化鋯塊
ZZ-999-ZRKC0911A03,Prettau 2 98H14 A3,Zirkonzahn,digital-manufacturing,zirconia-blank,material,approved_rule,legacy_category_rule,,unmatched,false,,材料,材料,氧化鋯塊
ZZ-999-ZRKC0911A04,Prettau 2 98H14 A4,Zirkonzahn,digital-manufacturing,zirconia-blank,material,approved_rule,legacy_category_rule,,unmatched,false,,材料,材料,氧化鋯塊
ZZ-999-ZRKC0911A35,Prettau 2 98H14 A3.5,Zirkonzahn,digital-manufacturing,zirconia-blank,material,approved_rule,legacy_category_rule,,unmatched,false,,材料,材料,氧化鋯塊
ZZ-999-ZRKC0911B01,Prettau 2 98H14 B1,Zirkonzahn,digital-manufacturing,zirconia-blank,material,approved_rule,legacy_category_rule,,unmatched,false,,材料,材料,氧化鋯塊
ZZ-999-ZRKC0911B02,Prettau 2 98H14 B2,Zirkonzahn,digital-manufacturing,zirconia-blank,material,approved_rule,legacy_category_rule,,unmatched,false,,材料,材料,氧化鋯塊
ZZ-999-ZRKC0911B03,Prettau 2 98H14 B3,Zirkonzahn,digital-manufacturing,zirconia-blank,material,approved_rule,legacy_category_rule,,unmatched,false,,材料,材料,氧化鋯塊
ZZ-999-ZRKC0911B04,Prettau 2 98H14 B4,Zirkonzahn,digital-manufacturing,zirconia-blank,material,approved_rule,legacy_category_rule,,unmatched,false,,材料,材料,氧化鋯塊
ZZ-999-ZRKC0911C01,Prettau 2 98H14 C1,Zirkonzahn,digital-manufacturing,zirconia-blank,material,approved_rule,legacy_category_rule,,unmatched,false,,材料,材料,氧化鋯塊
ZZ-999-ZRKC0911C02,Prettau 2 98H14 C2,Zirkonzahn,digital-manufacturing,zirconia-blank,material,approved_rule,legacy_category_rule,,unmatched,false,,材料,材料,氧化鋯塊
ZZ-999-ZRKC0911C03,Prettau 2 98H14 C3,Zirkonzahn,digital-manufacturing,zirconia-blank,material,approved_rule,legacy_category_rule,,unmatched,false,,材料,材料,氧化鋯塊
ZZ-999-ZRKC0911C04,Prettau 2 98H14 C4,Zirkonzahn,digital-manufacturing,zirconia-blank,material,approved_rule,legacy_category_rule,,unmatched,false,,材料,材料,氧化鋯塊
ZZ-999-ZRKC0911D02,Prettau 2 98H14 D2,Zirkonzahn,digital-manufacturing,zirconia-blank,material,approved_rule,legacy_category_rule,,unmatched,false,,材料,材料,氧化鋯塊
ZZ-999-ZRKC0911D03,Prettau 2 98H14 D3,Zirkonzahn,digital-manufacturing,zirconia-blank,material,approved_rule,legacy_category_rule,,unmatched,false,,材料,材料,氧化鋯塊
ZZ-999-ZRKC0911D04,Prettau 2 98H14 D4,Zirkonzahn,digital-manufacturing,zirconia-blank,material,approved_rule,legacy_category_rule,,unmatched,false,,材料,材料,氧化鋯塊
ZZ-999-ZRKC0911OM1,Prettau 2 98H14 OM1,Zirkonzahn,digital-manufacturing,zirconia-blank,material,approved_rule,legacy_category_rule,,unmatched,false,,材料,材料,氧化鋯塊
ZZ-999-ZRKC0911OM2,Prettau 2 98H14 OM2,Zirkonzahn,digital-manufacturing,zirconia-blank,material,approved_rule,legacy_category_rule,,unmatched,false,,材料,材料,氧化鋯塊
ZZ-999-ZRKC0921A01,Prettau 2 98H18 A1,Zirkonzahn,digital-manufacturing,zirconia-blank,material,approved_rule,legacy_category_rule,,unmatched,false,,材料,材料,氧化鋯塊
ZZ-999-ZRKC0921A02,Prettau 2 98H18 A2,Zirkonzahn,digital-manufacturing,zirconia-blank,material,approved_rule,legacy_category_rule,,unmatched,false,,材料,材料,氧化鋯塊
ZZ-999-ZRKC0921A03,Prettau 2 98H18 A3,Zirkonzahn,digital-manufacturing,zirconia-blank,material,approved_rule,legacy_category_rule,,unmatched,false,,材料,材料,氧化鋯塊
ZZ-999-ZRKC0921A04,Prettau 2 98H18 A4,Zirkonzahn,digital-manufacturing,zirconia-blank,material,approved_rule,legacy_category_rule,,unmatched,false,,材料,材料,氧化鋯塊
ZZ-999-ZRKC0921A35,Prettau 2 98H18 A3.5,Zirkonzahn,digital-manufacturing,zirconia-blank,material,approved_rule,legacy_category_rule,,unmatched,false,,材料,材料,氧化鋯塊
ZZ-999-ZRKC0921B01,Prettau 2 98H18 B1,Zirkonzahn,digital-manufacturing,zirconia-blank,material,approved_rule,legacy_category_rule,,unmatched,false,,材料,材料,氧化鋯塊
ZZ-999-ZRKC0921B02,Prettau 2 98H18 B2,Zirkonzahn,digital-manufacturing,zirconia-blank,material,approved_rule,legacy_category_rule,,unmatched,false,,材料,材料,氧化鋯塊
ZZ-999-ZRKC0921B03,Prettau 2 98H18 B3,Zirkonzahn,digital-manufacturing,zirconia-blank,material,approved_rule,legacy_category_rule,,unmatched,false,,材料,材料,氧化鋯塊
ZZ-999-ZRKC0921B04,Prettau 2 98H18 B4,Zirkonzahn,digital-manufacturing,zirconia-blank,material,approved_rule,legacy_category_rule,,unmatched,false,,材料,材料,氧化鋯塊
ZZ-999-ZRKC0921C01,Prettau 2 98H18 C1,Zirkonzahn,digital-manufacturing,zirconia-blank,material,approved_rule,legacy_category_rule,,unmatched,false,,材料,材料,氧化鋯塊
ZZ-999-ZRKC0921C02,Prettau 2 98H18 C2,Zirkonzahn,digital-manufacturing,zirconia-blank,material,approved_rule,legacy_category_rule,,unmatched,false,,材料,材料,氧化鋯塊
ZZ-999-ZRKC0921C03,Prettau 2 98H18 C3,Zirkonzahn,digital-manufacturing,zirconia-blank,material,approved_rule,legacy_category_rule,,unmatched,false,,材料,材料,氧化鋯塊
ZZ-999-ZRKC0921C04,Prettau 2 98H18 C4,Zirkonzahn,digital-manufacturing,zirconia-blank,material,approved_rule,legacy_category_rule,,unmatched,false,,材料,材料,氧化鋯塊
ZZ-999-ZRKC0921D02,Prettau 2 98H18 D2,Zirkonzahn,digital-manufacturing,zirconia-blank,material,approved_rule,legacy_category_rule,,unmatched,false,,材料,材料,氧化鋯塊
ZZ-999-ZRKC0921D04,Prettau 2 98H18 D4,Zirkonzahn,digital-manufacturing,zirconia-blank,material,approved_rule,legacy_category_rule,,unmatched,false,,材料,材料,氧化鋯塊
ZZ-999-ZRKC0921OM1,Prettau 2 98H18 OM1,Zirkonzahn,digital-manufacturing,zirconia-blank,material,approved_rule,legacy_category_rule,,unmatched,false,,材料,材料,氧化鋯塊
ZZ-999-ZRKC0921OM3,Prettau 2 98H18 OM3,Zirkonzahn,digital-manufacturing,zirconia-blank,material,approved_rule,legacy_category_rule,,unmatched,false,,材料,材料,氧化鋯塊
ZZ-999-ZRKC0941A02,Prettau 2 98H12 A2,Zirkonzahn,digital-manufacturing,zirconia-blank,material,approved_rule,legacy_category_rule,,unmatched,false,,材料,材料,氧化鋯塊
ZZ-999-ZRKC0941A03,Prettau 2 98H12 A3,Zirkonzahn,digital-manufacturing,zirconia-blank,material,approved_rule,legacy_category_rule,,unmatched,false,,材料,材料,氧化鋯塊
ZZ-999-ZRKC09510M2,Prettaur 2 98H22 OM2,Zirkonzahn,fixed-restorative,ceramic-material,material,approved_rule,legacy_category_rule,,unmatched,false,,材料,材料,瓷粉 / 陶瓷
ZZ-999-ZRKC0951A01,Prettau 2 98H22 A1,Zirkonzahn,digital-manufacturing,zirconia-blank,material,approved_rule,legacy_category_rule,,unmatched,false,,材料,材料,氧化鋯塊
ZZ-999-ZRKC0951A02,Prettau 2 98H22 A2,Zirkonzahn,digital-manufacturing,zirconia-blank,material,approved_rule,legacy_category_rule,,unmatched,false,,材料,材料,氧化鋯塊
ZZ-999-ZRKC0951A03,Prettau 2 98H22 A3,Zirkonzahn,digital-manufacturing,zirconia-blank,material,approved_rule,legacy_category_rule,,unmatched,false,,材料,材料,氧化鋯塊
ZZ-999-ZRKC0951A35,Prettau 2 98H22 A3.5,Zirkonzahn,digital-manufacturing,zirconia-blank,material,approved_rule,legacy_category_rule,,unmatched,false,,材料,材料,氧化鋯塊
ZZ-999-ZRKC0951B01,Prettau 2 98H22 B1,Zirkonzahn,digital-manufacturing,zirconia-blank,material,approved_rule,legacy_category_rule,,unmatched,false,,材料,材料,氧化鋯塊
ZZ-999-ZRKC0951C01,Prettau 2 98H22 C1,Zirkonzahn,digital-manufacturing,zirconia-blank,material,approved_rule,legacy_category_rule,,unmatched,false,,材料,材料,氧化鋯塊
ZZ-999-ZRKC0962A02,Prettau 2 98H16 A2,Zirkonzahn,digital-manufacturing,zirconia-blank,material,approved_rule,legacy_category_rule,,unmatched,false,,材料,材料,氧化鋯塊
ZZ-999-ZRKC0962A03,Prettau 2 98H16 A3,Zirkonzahn,digital-manufacturing,zirconia-blank,material,approved_rule,legacy_category_rule,,unmatched,false,,材料,材料,氧化鋯塊
ZZ-999-ZRKC0971A01,Prettau 2 98H25 A1,Zirkonzahn,digital-manufacturing,zirconia-blank,material,approved_rule,legacy_category_rule,,unmatched,false,,材料,材料,氧化鋯塊
ZZ-999-ZRKC0971A02,Prettau 2 98H25 A2,Zirkonzahn,digital-manufacturing,zirconia-blank,material,approved_rule,legacy_category_rule,,unmatched,false,,材料,材料,氧化鋯塊
ZZ-999-ZRKC0971A03,Prettau 2 98H25 A3,Zirkonzahn,digital-manufacturing,zirconia-blank,material,approved_rule,legacy_category_rule,,unmatched,false,,材料,材料,氧化鋯塊
ZZ-999-ZRKC0971B01,Prettau 2 98H25 B1,Zirkonzahn,digital-manufacturing,zirconia-blank,material,approved_rule,legacy_category_rule,,unmatched,false,,材料,材料,氧化鋯塊
ZZ-999-ZRKC0971C02,Prettau 2 98H25 C2,Zirkonzahn,digital-manufacturing,zirconia-blank,material,approved_rule,legacy_category_rule,,unmatched,false,,材料,材料,氧化鋯塊
ZZ-999-ZRKC0971D02,Prettau 2 98H25 D2,Zirkonzahn,digital-manufacturing,zirconia-blank,material,approved_rule,legacy_category_rule,,unmatched,false,,材料,材料,氧化鋯塊
ZZ-999-ZRKC3101A02,Prettau 2 98H30 A2,Zirkonzahn,digital-manufacturing,zirconia-blank,material,approved_rule,legacy_category_rule,,unmatched,false,,材料,材料,氧化鋯塊
ZZ-999-ZRKC8001A02,Prettau 2 95H10 A2,Zirkonzahn,digital-manufacturing,zirconia-blank,material,approved_rule,legacy_category_rule,,unmatched,false,,材料,材料,氧化鋯塊
ZZ-999-ZRKC8001A03,Prettau 2 95H10 A3,Zirkonzahn,digital-manufacturing,zirconia-blank,material,approved_rule,legacy_category_rule,,unmatched,false,,材料,材料,氧化鋯塊
ZZ-999-ZRKC8011A01,Prettau 2 95H12 A1,Zirkonzahn,digital-manufacturing,zirconia-blank,material,approved_rule,legacy_category_rule,,unmatched,false,,材料,材料,氧化鋯塊
ZZ-999-ZRKC8011A02,Prettau 2 95H12 A2,Zirkonzahn,digital-manufacturing,zirconia-blank,material,approved_rule,legacy_category_rule,,unmatched,false,,材料,材料,氧化鋯塊
ZZ-999-ZRKC8011A03,Prettau 2 95H12 A3,Zirkonzahn,digital-manufacturing,zirconia-blank,material,approved_rule,legacy_category_rule,,unmatched,false,,材料,材料,氧化鋯塊
ZZ-999-ZRKC8011A04,Prettau 2 95H12 A3.5,Zirkonzahn,digital-manufacturing,zirconia-blank,material,approved_rule,legacy_category_rule,,unmatched,false,,材料,材料,氧化鋯塊
ZZ-999-ZRKC8021A01,Prettau 2 95H14 A1,Zirkonzahn,digital-manufacturing,zirconia-blank,material,approved_rule,legacy_category_rule,,unmatched,false,,材料,材料,氧化鋯塊
ZZ-999-ZRKC8021A02,Prettau 2 95H14 A2,Zirkonzahn,digital-manufacturing,zirconia-blank,material,approved_rule,legacy_category_rule,,unmatched,false,,材料,材料,氧化鋯塊
ZZ-999-ZRKC8021A03,Prettau 2 95H14 A3,Zirkonzahn,digital-manufacturing,zirconia-blank,material,approved_rule,legacy_category_rule,,unmatched,false,,材料,材料,氧化鋯塊
ZZ-999-ZRKC8021A35,Prettau 2 95H14 A3.5,Zirkonzahn,digital-manufacturing,zirconia-blank,material,approved_rule,legacy_category_rule,,unmatched,false,,材料,材料,氧化鋯塊
ZZ-999-ZRKC8021A4,Prettau 2 95H14 A4,Zirkonzahn,digital-manufacturing,zirconia-blank,material,approved_rule,legacy_category_rule,,unmatched,false,,材料,材料,氧化鋯塊
ZZ-999-ZRKC8021B01,Prettau 2 95H14 B1,Zirkonzahn,digital-manufacturing,zirconia-blank,material,approved_rule,legacy_category_rule,,unmatched,false,,材料,材料,氧化鋯塊
ZZ-999-ZRKC8021B02,Prettau 2 95H14 B2,Zirkonzahn,digital-manufacturing,zirconia-blank,material,approved_rule,legacy_category_rule,,unmatched,false,,材料,材料,氧化鋯塊
ZZ-999-ZRKC8021B03,Prettau 2 95H14 B3,Zirkonzahn,digital-manufacturing,zirconia-blank,material,approved_rule,legacy_category_rule,,unmatched,false,,材料,材料,氧化鋯塊
ZZ-999-ZRKC8021B04,Prettau 2 95H14 B4,Zirkonzahn,digital-manufacturing,zirconia-blank,material,approved_rule,legacy_category_rule,,unmatched,false,,材料,材料,氧化鋯塊
ZZ-999-ZRKC8021C01,Prettau 2 95H14 C1,Zirkonzahn,digital-manufacturing,zirconia-blank,material,approved_rule,legacy_category_rule,,unmatched,false,,材料,材料,氧化鋯塊
ZZ-999-ZRKC8021C02,Prettau 2 95H14 C2,Zirkonzahn,digital-manufacturing,zirconia-blank,material,approved_rule,legacy_category_rule,,unmatched,false,,材料,材料,氧化鋯塊
ZZ-999-ZRKC8021C03,Prettau 2 95H14 C3,Zirkonzahn,digital-manufacturing,zirconia-blank,material,approved_rule,legacy_category_rule,,unmatched,false,,材料,材料,氧化鋯塊
ZZ-999-ZRKC8021C04,Prettau 2 95H14 C4,Zirkonzahn,digital-manufacturing,zirconia-blank,material,approved_rule,legacy_category_rule,,unmatched,false,,材料,材料,氧化鋯塊
ZZ-999-ZRKC8021D02,Prettau 2 95H14 D2,Zirkonzahn,digital-manufacturing,zirconia-blank,material,approved_rule,legacy_category_rule,,unmatched,false,,材料,材料,氧化鋯塊
ZZ-999-ZRKC8021D03,Prettau 2 95H14 D3,Zirkonzahn,digital-manufacturing,zirconia-blank,material,approved_rule,legacy_category_rule,,unmatched,false,,材料,材料,氧化鋯塊
ZZ-999-ZRKC8031A01,Prettau 2 95H16 A1,Zirkonzahn,digital-manufacturing,zirconia-blank,material,approved_rule,legacy_category_rule,,unmatched,false,,材料,材料,氧化鋯塊
ZZ-999-ZRKC8031A02,Prettau 2 95H16 A2,Zirkonzahn,digital-manufacturing,zirconia-blank,material,approved_rule,legacy_category_rule,,unmatched,false,,材料,材料,氧化鋯塊
ZZ-999-ZRKC8031A03,Prettau 2 95H16 A3,Zirkonzahn,digital-manufacturing,zirconia-blank,material,approved_rule,legacy_category_rule,,unmatched,false,,材料,材料,氧化鋯塊
ZZ-999-ZRKC8031A3.5,Prettau 2 95H16 A3.5,Zirkonzahn,digital-manufacturing,zirconia-blank,material,approved_rule,legacy_category_rule,,unmatched,false,,材料,材料,氧化鋯塊
ZZ-999-ZRKC8031B03,Prettau 2 95H16 B3,Zirkonzahn,digital-manufacturing,zirconia-blank,material,approved_rule,legacy_category_rule,,unmatched,false,,材料,材料,氧化鋯塊
ZZ-999-ZRKC8031D02,Prettau 2 95H16 D2,Zirkonzahn,digital-manufacturing,zirconia-blank,material,approved_rule,legacy_category_rule,,unmatched,false,,材料,材料,氧化鋯塊
ZZ-999-ZRKC8031OM1,Prettau 2 Bleach OM1-95H16,Zirkonzahn,digital-manufacturing,zirconia-blank,material,approved_rule,legacy_category_rule,,unmatched,false,,材料,材料,氧化鋯塊
ZZ-999-ZRKC8041A01,Prettau 2 95H18 A1,Zirkonzahn,digital-manufacturing,zirconia-blank,material,approved_rule,legacy_category_rule,,unmatched,false,,材料,材料,氧化鋯塊
ZZ-999-ZRKC8041A02,Prettau 2 95H18 A2,Zirkonzahn,digital-manufacturing,zirconia-blank,material,approved_rule,legacy_category_rule,,unmatched,false,,材料,材料,氧化鋯塊
ZZ-999-ZRKC8041A03,Prettau 2 95H18 A3,Zirkonzahn,digital-manufacturing,zirconia-blank,material,approved_rule,legacy_category_rule,,unmatched,false,,材料,材料,氧化鋯塊
ZZ-999-ZRKC8041A04,Prettau 2 95H18 A4,Zirkonzahn,digital-manufacturing,zirconia-blank,material,approved_rule,legacy_category_rule,,unmatched,false,,材料,材料,氧化鋯塊
ZZ-999-ZRKC8041A35,Prettau 2 95H18 A3.5,Zirkonzahn,digital-manufacturing,zirconia-blank,material,approved_rule,legacy_category_rule,,unmatched,false,,材料,材料,氧化鋯塊
ZZ-999-ZRKC8041B01,Prettau 2 95H18 B1,Zirkonzahn,digital-manufacturing,zirconia-blank,material,approved_rule,legacy_category_rule,,unmatched,false,,材料,材料,氧化鋯塊
ZZ-999-ZRKC8041B02,Prettau 2 95H18 B2,Zirkonzahn,digital-manufacturing,zirconia-blank,material,approved_rule,legacy_category_rule,,unmatched,false,,材料,材料,氧化鋯塊
ZZ-999-ZRKC8041B03,Prettau 2 95H18 B3,Zirkonzahn,digital-manufacturing,zirconia-blank,material,approved_rule,legacy_category_rule,,unmatched,false,,材料,材料,氧化鋯塊
ZZ-999-ZRKC8041B04,Prettau 2 95H18 B4,Zirkonzahn,digital-manufacturing,zirconia-blank,material,approved_rule,legacy_category_rule,,unmatched,false,,材料,材料,氧化鋯塊
ZZ-999-ZRKC8041C01,Prettau 2 95H18 C1,Zirkonzahn,digital-manufacturing,zirconia-blank,material,approved_rule,legacy_category_rule,,unmatched,false,,材料,材料,氧化鋯塊
ZZ-999-ZRKC8041C02,Prettau 2 95H18 C2,Zirkonzahn,digital-manufacturing,zirconia-blank,material,approved_rule,legacy_category_rule,,unmatched,false,,材料,材料,氧化鋯塊
ZZ-999-ZRKC8041C03,Prettau 2 95H18 C3,Zirkonzahn,digital-manufacturing,zirconia-blank,material,approved_rule,legacy_category_rule,,unmatched,false,,材料,材料,氧化鋯塊
ZZ-999-ZRKC8041C04,Prettau 2 95H18 C4,Zirkonzahn,digital-manufacturing,zirconia-blank,material,approved_rule,legacy_category_rule,,unmatched,false,,材料,材料,氧化鋯塊
ZZ-999-ZRKC8041D02,Prettau 2 95H18 D2,Zirkonzahn,digital-manufacturing,zirconia-blank,material,approved_rule,legacy_category_rule,,unmatched,false,,材料,材料,氧化鋯塊
ZZ-999-ZRKC8041D03,Prettau 2 95H18 D3,Zirkonzahn,digital-manufacturing,zirconia-blank,material,approved_rule,legacy_category_rule,,unmatched,false,,材料,材料,氧化鋯塊
ZZ-999-ZRKC8061A01,Prettau 2 95H22 A1,Zirkonzahn,digital-manufacturing,zirconia-blank,material,approved_rule,legacy_category_rule,,unmatched,false,,材料,材料,氧化鋯塊
ZZ-999-ZRKC8061A02,Prettau 2 95H22 A2,Zirkonzahn,digital-manufacturing,zirconia-blank,material,approved_rule,legacy_category_rule,,unmatched,false,,材料,材料,氧化鋯塊
ZZ-999-ZRKC8061A03,Prettau 2 95H22 A3,Zirkonzahn,digital-manufacturing,zirconia-blank,material,approved_rule,legacy_category_rule,,unmatched,false,,材料,材料,氧化鋯塊
ZZ-999-ZRKC8061A35,Prettau 2 95H22 A3.5,Zirkonzahn,digital-manufacturing,zirconia-blank,material,approved_rule,legacy_category_rule,,unmatched,false,,材料,材料,氧化鋯塊
ZZ-999-ZRKC8061OM1,Prettau 2 Bleach OM1-95H22,Zirkonzahn,digital-manufacturing,zirconia-blank,material,approved_rule,legacy_category_rule,,unmatched,false,,材料,材料,氧化鋯塊
ZZ-999-ZRKC8071A01,Prettau 2 95XH30 A1,Zirkonzahn,digital-manufacturing,zirconia-blank,material,approved_rule,legacy_category_rule,,unmatched,false,,材料,材料,氧化鋯塊
ZZ-999-ZRKC8071A02,Prettau 2 95XH30 A2,Zirkonzahn,digital-manufacturing,zirconia-blank,material,approved_rule,legacy_category_rule,,unmatched,false,,材料,材料,氧化鋯塊
ZZ-999-ZRKC8071A03,Prettau 2 95XH30 A3,Zirkonzahn,digital-manufacturing,zirconia-blank,material,approved_rule,legacy_category_rule,,unmatched,false,,材料,材料,氧化鋯塊
ZZ-999-ZRKC8101A01,Prettau 2 95H25 A1,Zirkonzahn,digital-manufacturing,zirconia-blank,material,approved_rule,legacy_category_rule,,unmatched,false,,材料,材料,氧化鋯塊
ZZ-999-ZRKC8101A02,Prettau 2 95H25 A2,Zirkonzahn,digital-manufacturing,zirconia-blank,material,approved_rule,legacy_category_rule,,unmatched,false,,材料,材料,氧化鋯塊
ZZ-999-ZRKC8101A03,Prettau 2 95H25 A3,Zirkonzahn,digital-manufacturing,zirconia-blank,material,approved_rule,legacy_category_rule,,unmatched,false,,材料,材料,氧化鋯塊
ZZ-999-ZRKC8101A35,Prettau 2 95H25 A3.5,Zirkonzahn,digital-manufacturing,zirconia-blank,material,approved_rule,legacy_category_rule,,unmatched,false,,材料,材料,氧化鋯塊
ZZ-999-ZRKC8101B01,Prettau 2 95H25 B1,Zirkonzahn,digital-manufacturing,zirconia-blank,material,approved_rule,legacy_category_rule,,unmatched,false,,材料,材料,氧化鋯塊
ZZ-999-ZRKC8101B03,Prettau 2 95H25 B3,Zirkonzahn,digital-manufacturing,zirconia-blank,material,approved_rule,legacy_category_rule,,unmatched,false,,材料,材料,氧化鋯塊
ZZ-BSAB0182L30,Astra-Set Paralell cemented titanium base HEX 3.5-4.0,Zirkonzahn,clinical-tools,implant-component,accessory,approved_rule,researched_sku_rule,,unmatched,false,,材料,輔助工具,植體配件
ZZ-BSAB0183L30,Astra-Set Paralell cemented titanium base HEX 4.0/5.0,Zirkonzahn,clinical-tools,implant-component,accessory,approved_rule,researched_sku_rule,,unmatched,false,,材料,輔助工具,植體配件
ZZ-BSAB0192,Astra-Set Paralell cemented titanium base HEX 3.5-4.0,Zirkonzahn,clinical-tools,implant-component,accessory,approved_rule,researched_sku_rule,,unmatched,false,,材料,輔助工具,植體配件
ZZ-BSAB0193,Astra-Set Paralell cemented titanium base HEX 4.5/5.0,Zirkonzahn,clinical-tools,implant-component,accessory,approved_rule,researched_sku_rule,,unmatched,false,,材料,輔助工具,植體配件
ZZ-BSAB0281,Nobel-Branemark Set Paralell 3.5,Zirkonzahn,clinical-tools,implant-component,accessory,approved_rule,researched_sku_rule,,unmatched,false,,材料,輔助工具,植體配件
ZZ-BSAB0282,Nobel-Branemark Set Paralell 4.1,Zirkonzahn,clinical-tools,implant-component,accessory,approved_rule,researched_sku_rule,,unmatched,false,,材料,輔助工具,植體配件
ZZ-BSAB0283,Nobel-Branemark Set Paralell 5.1,Zirkonzahn,clinical-tools,implant-component,accessory,approved_rule,researched_sku_rule,,unmatched,false,,材料,輔助工具,植體配件
ZZ-BSAB0291L10,Nobel Set PARALLEL cemented titanium base HEX L10 3.5,Zirkonzahn,clinical-tools,implant-component,accessory,approved_rule,researched_sku_rule,,unmatched,false,,材料,輔助工具,植體配件
ZZ-BSAB0291L20,Nobel Set PARALLEL cemented titanium base HEX L20 3.5,Zirkonzahn,clinical-tools,implant-component,accessory,approved_rule,researched_sku_rule,,unmatched,false,,材料,輔助工具,植體配件
ZZ-BSAB0291L30,Nobel Set PARALLEL cemented titanium base HEX L30 3.5,Zirkonzahn,clinical-tools,implant-component,accessory,approved_rule,researched_sku_rule,,unmatched,false,,材料,輔助工具,植體配件
ZZ-BSAB0291L40,Nobel Set PARALLEL cemented titanium base HEX L40 3.5,Zirkonzahn,clinical-tools,implant-component,accessory,approved_rule,researched_sku_rule,,unmatched,false,,材料,輔助工具,植體配件
ZZ-BSAB0292,Nobel-Branemark-Set Paralell 4.1,Zirkonzahn,clinical-tools,implant-component,accessory,approved_rule,researched_sku_rule,,unmatched,false,,材料,輔助工具,植體配件
ZZ-BSAB0292L10,Nobel Set PARALLEL cemented titanium base HEX L10 4.1,Zirkonzahn,clinical-tools,implant-component,accessory,approved_rule,researched_sku_rule,,unmatched,false,,材料,輔助工具,植體配件
ZZ-BSAB0292L20,Nobel Set PARALLEL cemented titanium base HEX L20 4.1,Zirkonzahn,clinical-tools,implant-component,accessory,approved_rule,researched_sku_rule,,unmatched,false,,材料,輔助工具,植體配件
ZZ-BSAB0292L30,Nobel Set PARALLEL cemented titanium base HEX L30 4.1,Zirkonzahn,clinical-tools,implant-component,accessory,approved_rule,researched_sku_rule,,unmatched,false,,材料,輔助工具,植體配件
ZZ-BSAB0292L40,Nobel Set PARALLEL cemented titanium base HEX L40 4.1,Zirkonzahn,clinical-tools,implant-component,accessory,approved_rule,researched_sku_rule,,unmatched,false,,材料,輔助工具,植體配件
ZZ-BSAB0381,Set Parallel cemented titanium base HEX 3.3,Zirkonzahn,clinical-tools,implant-component,accessory,approved_rule,researched_sku_rule,,unmatched,false,,材料,輔助工具,植體配件
ZZ-BSAB0581,Straumann-Set Raw-AbutmentR HEX NC3.3,Zirkonzahn,clinical-tools,implant-component,accessory,approved_rule,researched_sku_rule,,unmatched,false,,材料,輔助工具,植體配件
ZZ-BSAB0582,Straumann-Set Raw-AbutmentR HEX NC4.1,Zirkonzahn,clinical-tools,implant-component,accessory,approved_rule,researched_sku_rule,,unmatched,false,,材料,輔助工具,植體配件
ZZ-BSAB0582K85,Set PARALLEL titanium base HEX K85 RC4.1,Zirkonzahn,clinical-tools,implant-component,accessory,approved_rule,researched_sku_rule,,unmatched,false,,材料,輔助工具,植體配件
ZZ-BSAB0591,Straumann-Set Paralell NC3.3,Zirkonzahn,clinical-tools,implant-component,accessory,approved_rule,researched_sku_rule,,unmatched,false,,材料,輔助工具,植體配件
ZZ-BSAB0592,Straumann-Set Paralell RC4.1,Zirkonzahn,clinical-tools,implant-component,accessory,approved_rule,researched_sku_rule,,unmatched,false,,材料,輔助工具,植體配件
ZZ-BSAB0681,Straumann-Set Paralell NN3.5,Zirkonzahn,clinical-tools,implant-component,accessory,approved_rule,researched_sku_rule,,unmatched,false,,材料,輔助工具,植體配件
ZZ-BSAB0682,Straumann-Set Paralell RN4.8,Zirkonzahn,clinical-tools,implant-component,accessory,approved_rule,researched_sku_rule,,unmatched,false,,材料,輔助工具,植體配件
ZZ-BSAB0683,Straumann-Set Paralell WN6.5,Zirkonzahn,clinical-tools,implant-component,accessory,approved_rule,researched_sku_rule,,unmatched,false,,材料,輔助工具,植體配件
ZZ-BSAB0881,Set ZZ Base B-C-PCTBH 3.4,Zirkonzahn,clinical-tools,implant-component,accessory,approved_rule,researched_sku_rule,,unmatched,false,,材料,輔助工具,植體配件
ZZ-BSAB0882,Set ZZ Base B-C-PCTBH 4.1,Zirkonzahn,clinical-tools,implant-component,accessory,approved_rule,researched_sku_rule,,unmatched,false,,材料,輔助工具,植體配件
ZZ-BSAB0883,Set ZZ Base B-C-PCTBH 5.0,Zirkonzahn,clinical-tools,implant-component,accessory,approved_rule,researched_sku_rule,,unmatched,false,,材料,輔助工具,植體配件
ZZ-BSAB1081,Xiver & Frilit-Set Parallel cemented titanium base HEX 4.5,Zirkonzahn,clinical-tools,implant-component,accessory,approved_rule,researched_sku_rule,,unmatched,false,,材料,輔助工具,植體配件
ZZ-BSAB1082K85,SET ZZ BASE F-DX-PCTBH-K85 3.8,Zirkonzahn,clinical-tools,implant-component,accessory,approved_rule,researched_sku_rule,,unmatched,false,,材料,輔助工具,植體配件
ZZ-BSAB1083,Xiver & Frilit-Set Parallel cemented titanium base HEX 4.5,Zirkonzahn,clinical-tools,implant-component,accessory,approved_rule,researched_sku_rule,,unmatched,false,,材料,輔助工具,植體配件
ZZ-BSAB10831,Xiver & Frilit-Set Parallel cemented titanium base HEX 4.5,Zirkonzahn,clinical-tools,implant-component,accessory,approved_rule,researched_sku_rule,,unmatched,false,,材料,輔助工具,植體配件
ZZ-BSAB1083K85,SET ZZ BASE F-DX-PCTBH-K85 4.5,Zirkonzahn,clinical-tools,implant-component,accessory,approved_rule,researched_sku_rule,,unmatched,false,,材料,輔助工具,植體配件
ZZ-BSAB1093L20,Set Base HEX for single crowns L20 4.5,Zirkonzahn,clinical-tools,implant-component,accessory,approved_rule,researched_sku_rule,,unmatched,false,,材料,輔助工具,植體配件
ZZ-BSAB1131,Zimmer-Set Conical cemented titanium base NON HEX 3.5,Zirkonzahn,clinical-tools,implant-component,accessory,approved_rule,researched_sku_rule,,unmatched,false,,材料,輔助工具,植體配件
ZZ-BSAB1132,Zimmer-Set Conical cemented titanium base NON HEX 4.5,Zirkonzahn,clinical-tools,implant-component,accessory,approved_rule,researched_sku_rule,,unmatched,false,,材料,輔助工具,植體配件
ZZ-BSAB1181,Zimmer-Set Paralell cemented titanium base HEX 3.5,Zirkonzahn,clinical-tools,implant-component,accessory,approved_rule,researched_sku_rule,,unmatched,false,,材料,輔助工具,植體配件
ZZ-BSAB1181K85,Zimmer-Set Paralell cemented titanium base HEX 3.5,Zirkonzahn,clinical-tools,implant-component,accessory,approved_rule,researched_sku_rule,,unmatched,false,,材料,輔助工具,植體配件
ZZ-BSAB1182,Zimmer-Set Paralell cemented titanium base HEX 4.5,Zirkonzahn,clinical-tools,implant-component,accessory,approved_rule,researched_sku_rule,,unmatched,false,,材料,輔助工具,植體配件
ZZ-BSAB1182K85,Zimmer-Set Paralell cemented titanium base HEX 4.5,Zirkonzahn,clinical-tools,implant-component,accessory,approved_rule,researched_sku_rule,,unmatched,false,,材料,輔助工具,植體配件
ZZ-BSAB1191L10,Set PARALLEL cemented titanium base HEX for single crowns L10,Zirkonzahn,clinical-tools,implant-component,accessory,approved_rule,researched_sku_rule,,unmatched,false,,材料,輔助工具,植體配件
ZZ-BSAB1881,Alaha-Set Paralell cemented titanium base 3.75,Zirkonzahn,clinical-tools,implant-component,accessory,approved_rule,researched_sku_rule,,unmatched,false,,材料,輔助工具,植體配件
ZZ-BSAB2085,Camlog  PARALLEL cemented titanium base HEX 6.0,Zirkonzahn,clinical-tools,implant-component,accessory,approved_rule,researched_sku_rule,,unmatched,false,,材料,輔助工具,植體配件
ZZ-BSAB2481,Nobel Set PARALLEL cemented titanium base HEX NP,Zirkonzahn,clinical-tools,implant-component,accessory,approved_rule,researched_sku_rule,,unmatched,false,,材料,輔助工具,植體配件
ZZ-BSAB2481K85,HEX K85 for single crowns NP,Zirkonzahn,clinical-tools,implant-component,accessory,approved_rule,researched_sku_rule,,unmatched,false,,材料,輔助工具,植體配件
ZZ-BSAB2482,Nobel Set PARALLEL cemented titanium base HEX RP,Zirkonzahn,clinical-tools,implant-component,accessory,approved_rule,researched_sku_rule,,unmatched,false,,材料,輔助工具,植體配件
ZZ-BSAB2482K85,HEX K85 for single crowns RP,Zirkonzahn,clinical-tools,implant-component,accessory,approved_rule,researched_sku_rule,,unmatched,false,,材料,輔助工具,植體配件
ZZ-BSAB2483,Nobel Set PARALLEL cemented titanium base HEX CC 3.0,Zirkonzahn,clinical-tools,implant-component,accessory,approved_rule,researched_sku_rule,,unmatched,false,,材料,輔助工具,植體配件
ZZ-BSAB2483K85,HEX K85 for single crowns CC 3.0,Zirkonzahn,clinical-tools,implant-component,accessory,approved_rule,researched_sku_rule,,unmatched,false,,材料,輔助工具,植體配件
ZZ-BSAB2491L20,Set PARALLEL cemented titanium base HEX for single crowns L20 NP,Zirkonzahn,clinical-tools,implant-component,accessory,approved_rule,researched_sku_rule,,unmatched,false,,材料,輔助工具,植體配件
ZZ-BSAB2491L30,Set PARALLEL cemented titanium base HEX for single crowns L30 NP,Zirkonzahn,clinical-tools,implant-component,accessory,approved_rule,researched_sku_rule,,unmatched,false,,材料,輔助工具,植體配件
ZZ-BSAB2491L40,Set PARALLEL cemented titanium base HEX for single crowns L40 NP,Zirkonzahn,clinical-tools,implant-component,accessory,approved_rule,researched_sku_rule,,unmatched,false,,材料,輔助工具,植體配件
ZZ-BSAB2492L20,Set PARALLEL cemented titanium base HEX for single crowns L20 RP,Zirkonzahn,clinical-tools,implant-component,accessory,approved_rule,researched_sku_rule,,unmatched,false,,材料,輔助工具,植體配件
ZZ-BSAB2492L30,Set PARALLEL cemented titanium base HEX for single crowns L30 RP,Zirkonzahn,clinical-tools,implant-component,accessory,approved_rule,researched_sku_rule,,unmatched,false,,材料,輔助工具,植體配件
ZZ-BSAB2492L40,Set PARALLEL cemented titanium base HEX for single crowns L40 RP,Zirkonzahn,clinical-tools,implant-component,accessory,approved_rule,researched_sku_rule,,unmatched,false,,材料,輔助工具,植體配件
ZZ-BSAB2493L20,Set PARALLEL cemented titanium base HEX for single crowns L20 CC 3.0,Zirkonzahn,clinical-tools,implant-component,accessory,approved_rule,researched_sku_rule,,unmatched,false,,材料,輔助工具,植體配件
ZZ-BSAB2493L30,Set PARALLEL cemented titanium base HEX for single crowns L30 CC 3.0,Zirkonzahn,clinical-tools,implant-component,accessory,approved_rule,researched_sku_rule,,unmatched,false,,材料,輔助工具,植體配件
ZZ-BSAB7682K85,Set PARALLEL cemented titanium base HEX for single crowns3.6,Zirkonzahn,clinical-tools,implant-component,accessory,approved_rule,researched_sku_rule,,unmatched,false,,材料,輔助工具,植體配件
ZZ-BSAB7683K85,Set PARALLEL cemented titanium base HEX for single crowns4.2,Zirkonzahn,clinical-tools,implant-component,accessory,approved_rule,researched_sku_rule,,unmatched,false,,材料,輔助工具,植體配件
ZZ-BSAC2431L15,Abutment Hex L15 NP,Zirkonzahn,clinical-tools,implant-component,accessory,approved_rule,researched_sku_rule,,unmatched,false,,材料,輔助工具,植體配件
ZZ-BSAC2431L30,Abutment Hex L30 NP,Zirkonzahn,clinical-tools,implant-component,accessory,approved_rule,researched_sku_rule,,unmatched,false,,材料,輔助工具,植體配件
ZZ-BSAC2432L15,Abutment Hex L15 RP,Zirkonzahn,clinical-tools,implant-component,accessory,approved_rule,researched_sku_rule,,unmatched,false,,材料,輔助工具,植體配件
ZZ-BSAC2432L30,Abutment Hex L30 RP,Zirkonzahn,clinical-tools,implant-component,accessory,approved_rule,researched_sku_rule,,unmatched,false,,材料,輔助工具,植體配件
ZZ-BSAD0133,Astra-Set Conical 4.5-5.0,Zirkonzahn,clinical-tools,implant-component,accessory,approved_rule,researched_sku_rule,,unmatched,false,,材料,輔助工具,植體配件
ZZ-BSAD0231,Nobel-Branemark Set Conical 3.5,Zirkonzahn,clinical-tools,implant-component,accessory,approved_rule,researched_sku_rule,,unmatched,false,,材料,輔助工具,植體配件
ZZ-BSAD0231L10,Nobel-Branemark Set Conical 3.5 L10,Zirkonzahn,clinical-tools,implant-component,accessory,approved_rule,researched_sku_rule,,unmatched,false,,材料,輔助工具,植體配件
ZZ-BSAD0231L20,Nobel-Branemark Set Conical 3.5 L20,Zirkonzahn,clinical-tools,implant-component,accessory,approved_rule,researched_sku_rule,,unmatched,false,,材料,輔助工具,植體配件
ZZ-BSAD0231L30,Nobel-Branemark Set Conical 3.5 L30,Zirkonzahn,clinical-tools,implant-component,accessory,approved_rule,researched_sku_rule,,unmatched,false,,材料,輔助工具,植體配件
ZZ-BSAD0232,Nobel-Branemark Set Conical 4.1,Zirkonzahn,clinical-tools,implant-component,accessory,approved_rule,researched_sku_rule,,unmatched,false,,材料,輔助工具,植體配件
ZZ-BSAD0232L10,Nobel-Set cemented titanium base NON HEX L10 4.1,Zirkonzahn,clinical-tools,implant-component,accessory,approved_rule,researched_sku_rule,,unmatched,false,,材料,輔助工具,植體配件
ZZ-BSAD0232L20,Nobel-Set cemented titanium base NON HEX L20 4.1,Zirkonzahn,clinical-tools,implant-component,accessory,approved_rule,researched_sku_rule,,unmatched,false,,材料,輔助工具,植體配件
ZZ-BSAD0232L30,Nobel-Set cemented titanium base NON HEX L30 4.1,Zirkonzahn,clinical-tools,implant-component,accessory,approved_rule,researched_sku_rule,,unmatched,false,,材料,輔助工具,植體配件
ZZ-BSAD0233,Nobel-Branemark Set Conical 5.1,Zirkonzahn,clinical-tools,implant-component,accessory,approved_rule,researched_sku_rule,,unmatched,false,,材料,輔助工具,植體配件
ZZ-BSAD0235,Gamlog-Set Conical cemented titanium base NON HEX 6.0,Zirkonzahn,clinical-tools,implant-component,accessory,approved_rule,researched_sku_rule,,unmatched,false,,材料,輔助工具,植體配件
ZZ-BSAD0331,Nobel-Set Conical 3.5,Zirkonzahn,clinical-tools,implant-component,accessory,approved_rule,researched_sku_rule,,unmatched,false,,材料,輔助工具,植體配件
ZZ-BSAD0332,Nobel-Set Conical 4.3,Zirkonzahn,clinical-tools,implant-component,accessory,approved_rule,researched_sku_rule,,unmatched,false,,材料,輔助工具,植體配件
ZZ-BSAD0333,Nobel-Set Conical 5.0,Zirkonzahn,clinical-tools,implant-component,accessory,approved_rule,researched_sku_rule,,unmatched,false,,材料,輔助工具,植體配件
ZZ-BSAD0334,Nobel-Set Conical 6.0,Zirkonzahn,clinical-tools,implant-component,accessory,approved_rule,researched_sku_rule,,unmatched,false,,材料,輔助工具,植體配件
ZZ-BSAD0381,Nobel-Set Paralell 3.5,Zirkonzahn,clinical-tools,implant-component,accessory,approved_rule,researched_sku_rule,,unmatched,false,,材料,輔助工具,植體配件
ZZ-BSAD0382,Nobel-Set Paralell 4.3,Zirkonzahn,clinical-tools,implant-component,accessory,approved_rule,researched_sku_rule,,unmatched,false,,材料,輔助工具,植體配件
ZZ-BSAD0383,Nobel-Set Paralell 5.0,Zirkonzahn,clinical-tools,implant-component,accessory,approved_rule,researched_sku_rule,,unmatched,false,,材料,輔助工具,植體配件
ZZ-BSAD0384,Nobel-Set Paralell 6.0,Zirkonzahn,clinical-tools,implant-component,accessory,approved_rule,researched_sku_rule,,unmatched,false,,材料,輔助工具,植體配件
ZZ-BSAD0431,Nobel Biocare Set Conical NP-RP,Zirkonzahn,clinical-tools,implant-component,accessory,approved_rule,researched_sku_rule,,unmatched,false,,材料,輔助工具,植體配件
ZZ-BSAD0431K85,Set CONICAL cemented titanium base NON HEX K85 for bridges NP-RP,Zirkonzahn,clinical-tools,implant-component,accessory,approved_rule,researched_sku_rule,,unmatched,false,,材料,輔助工具,植體配件
ZZ-BSAD0432,Nobel Biocare Set Conical WP,Zirkonzahn,clinical-tools,implant-component,accessory,approved_rule,researched_sku_rule,,unmatched,false,,材料,輔助工具,植體配件
ZZ-BSAD0441,Nobel Biocare Set NB-MUA-CCTB NP-RP,Zirkonzahn,clinical-tools,implant-component,accessory,approved_rule,researched_sku_rule,,unmatched,false,,材料,輔助工具,植體配件
ZZ-BSAD0532K85,Set CONICAL cemented titanium base NON HEX K85 RC Ø 4.1,Zirkonzahn,clinical-tools,implant-component,accessory,approved_rule,researched_sku_rule,,unmatched,false,,材料,輔助工具,植體配件
ZZ-BSAD0631,Straumann-Set Conical NN3.5,Zirkonzahn,clinical-tools,implant-component,accessory,approved_rule,researched_sku_rule,,unmatched,false,,材料,輔助工具,植體配件
ZZ-BSAD0632,Straumann-Set Conical RN4.8,Zirkonzahn,clinical-tools,implant-component,accessory,approved_rule,researched_sku_rule,,unmatched,false,,材料,輔助工具,植體配件
ZZ-BSAD0633,Straumann-Set Conical WN6.5,Zirkonzahn,clinical-tools,implant-component,accessory,approved_rule,researched_sku_rule,,unmatched,false,,材料,輔助工具,植體配件
ZZ-BSAD0841,B-C-CCTB 3.4,Zirkonzahn,clinical-tools,implant-component,accessory,approved_rule,researched_sku_rule,,unmatched,false,,材料,輔助工具,植體配件
ZZ-BSAD0842,B-C-CCTB 4.1,Zirkonzahn,clinical-tools,implant-component,accessory,approved_rule,researched_sku_rule,,unmatched,false,,材料,輔助工具,植體配件
ZZ-BSAD0843,B-C-CCTB 5.0,Zirkonzahn,clinical-tools,implant-component,accessory,approved_rule,researched_sku_rule,,unmatched,false,,材料,輔助工具,植體配件
ZZ-BSAD1032,SET ZZ BASE F-DX-CCTB 3.8 (Screw),Zirkonzahn,clinical-tools,implant-component,accessory,approved_rule,researched_sku_rule,,unmatched,false,,材料,輔助工具,植體配件
ZZ-BSAD1033,SET ZZ BASE F-DX-CCTB 4.5 (Screw),Zirkonzahn,clinical-tools,implant-component,accessory,approved_rule,researched_sku_rule,,unmatched,false,,材料,輔助工具,植體配件
ZZ-BSAD1132,Zimmer-Set CONICAL cemented titanium base NON HEX 4.5,Zirkonzahn,clinical-tools,implant-component,accessory,approved_rule,researched_sku_rule,,unmatched,false,,材料,輔助工具,植體配件
ZZ-BSAD14131K85,Set CONICAL cemented titanium base NON HEX K85 RB/WB,Zirkonzahn,clinical-tools,implant-component,accessory,approved_rule,researched_sku_rule,,unmatched,false,,材料,輔助工具,植體配件
ZZ-BSAD1831,Alpha-Set Conical 3.75,Zirkonzahn,clinical-tools,implant-component,accessory,approved_rule,researched_sku_rule,,unmatched,false,,材料,輔助工具,植體配件
ZZ-BSAD1881,Alpha-Set Parallel 3.75,Zirkonzahn,clinical-tools,implant-component,accessory,approved_rule,researched_sku_rule,,unmatched,false,,材料,輔助工具,植體配件
ZZ-BSAD2035,Gamlog-Set Conical cemented titanium base NON HEX 6.0,Zirkonzahn,clinical-tools,implant-component,accessory,approved_rule,researched_sku_rule,,unmatched,false,,材料,輔助工具,植體配件
ZZ-BSAD2431,Set CONICAL cemented titanium base NON HEX for bridges NP,Zirkonzahn,clinical-tools,implant-component,accessory,approved_rule,researched_sku_rule,,unmatched,false,,材料,輔助工具,植體配件
ZZ-BSAD2431L40,Set CONICAL titanium base NP L40,Zirkonzahn,clinical-tools,implant-component,accessory,approved_rule,researched_sku_rule,,unmatched,false,,材料,輔助工具,植體配件
ZZ-BSAD2432,Set CONICAL cemented titanium base NON HEX for bridges RP,Zirkonzahn,clinical-tools,implant-component,accessory,approved_rule,researched_sku_rule,,unmatched,false,,材料,輔助工具,植體配件
ZZ-BSAD2432L20,Set CONICAL titanium base RP L20,Zirkonzahn,clinical-tools,implant-component,accessory,approved_rule,researched_sku_rule,,unmatched,false,,材料,輔助工具,植體配件
ZZ-BSAD2432L40,Set CONICAL titanium base RP L40,Zirkonzahn,clinical-tools,implant-component,accessory,approved_rule,researched_sku_rule,,unmatched,false,,材料,輔助工具,植體配件
ZZ-BSAD2433,Set CONICAL cemented titanium base NON HEX for bridges CC 3.0,Zirkonzahn,clinical-tools,implant-component,accessory,approved_rule,researched_sku_rule,,unmatched,false,,材料,輔助工具,植體配件
ZZ-BSAD3031,F-DA titanium base 3.5,Zirkonzahn,clinical-tools,implant-component,accessory,approved_rule,researched_sku_rule,,unmatched,false,,材料,輔助工具,植體配件
ZZ-BSAD4032,Spare Part F-MP/TG-CCTB 3.8 (Screw),Zirkonzahn,clinical-tools,implant-component,spare_part,approved_rule,researched_sku_rule,,unmatched,false,,材料,耗材,設備配件
ZZ-BSAD4033,Spare Part F-MP/TG-CCTB 4.5 (Screw),Zirkonzahn,clinical-tools,implant-component,spare_part,approved_rule,researched_sku_rule,,unmatched,false,,材料,耗材,設備配件
ZZ-BSAD4731K85,Set CONICAL cemented titanium base NON HEX K85 RC 3.3,Zirkonzahn,clinical-tools,implant-component,accessory,approved_rule,researched_sku_rule,,unmatched,false,,材料,輔助工具,植體配件
ZZ-BSAD7632K85,titanium base NON HEX for bridges 3.6,Zirkonzahn,clinical-tools,implant-component,accessory,approved_rule,researched_sku_rule,,unmatched,false,,材料,輔助工具,植體配件
ZZ-BSAD7636,ASTRAtitanium base NON HEX for bridges,Zirkonzahn,clinical-tools,implant-component,accessory,approved_rule,researched_sku_rule,,unmatched,false,,材料,輔助工具,植體配件
ZZ-BSAD8041,Set ZZ Base ST-SA-CCTB 3.5,Zirkonzahn,clinical-tools,implant-component,accessory,approved_rule,researched_sku_rule,,unmatched,false,,材料,輔助工具,植體配件
ZZ-BSAD8042,Set ZZ Base ST-SA-CCTB 4.6,Zirkonzahn,clinical-tools,implant-component,accessory,approved_rule,researched_sku_rule,,unmatched,false,,材料,輔助工具,植體配件
ZZ-BSAD8231,Balance Base Abutment Narrow,Zirkonzahn,clinical-tools,implant-component,accessory,approved_rule,researched_sku_rule,,unmatched,false,,材料,輔助工具,植體配件
ZZ-BSAE0231,Nobel-screw zirconia ψ3.5,Zirkonzahn,clinical-tools,implant-component,spare_part,approved_rule,researched_sku_rule,,unmatched,false,,材料,輔助工具,植體配件
ZZ-BSAE0232,Nobel-screw zirconia ψ4.1,Zirkonzahn,clinical-tools,implant-component,spare_part,approved_rule,researched_sku_rule,,unmatched,false,,材料,輔助工具,植體配件
ZZ-BSAE0233,Nobel-screw zirconia ψ5.1,Zirkonzahn,clinical-tools,implant-component,spare_part,approved_rule,researched_sku_rule,,unmatched,false,,材料,輔助工具,植體配件
ZZ-BSAE0401,Abutment screw for titanium base NP-RP,Zirkonzahn,clinical-tools,implant-component,spare_part,approved_rule,researched_sku_rule,,unmatched,false,,材料,輔助工具,植體配件
ZZ-BSAE0402,Abutment screw for titanium base WP,Zirkonzahn,clinical-tools,implant-component,spare_part,approved_rule,researched_sku_rule,,unmatched,false,,材料,輔助工具,植體配件
ZZ-BSAE0602,Straumann-Abment screw metal RN4.8,Zirkonzahn,clinical-tools,implant-component,spare_part,approved_rule,researched_sku_rule,,unmatched,false,,材料,輔助工具,植體配件
ZZ-BSAE0812,ZZ BASE -B-C-TSC 4.1 (Thick screw),Zirkonzahn,clinical-tools,implant-component,spare_part,approved_rule,researched_sku_rule,,unmatched,false,,材料,輔助工具,植體配件
ZZ-BSAE4901,Abutment screw 4.5,Zirkonzahn,clinical-tools,implant-component,spare_part,approved_rule,researched_sku_rule,,unmatched,false,,材料,輔助工具,植體配件
ZZ-BSAE5006,Abutment screw (for titanium base),Zirkonzahn,clinical-tools,implant-component,spare_part,approved_rule,researched_sku_rule,,unmatched,false,,材料,輔助工具,植體配件
ZZ-BSAE5532,ZZ BASE OS-GS-CA-ZSC 5.0 (Zirconia screw),Zirkonzahn,clinical-tools,implant-component,spare_part,approved_rule,researched_sku_rule,,unmatched,false,,材料,輔助工具,植體配件
ZZ-BSAE9201,Abutment screwZirkonzahn MUA Non Hex,Zirkonzahn,clinical-tools,implant-component,spare_part,approved_rule,researched_sku_rule,,unmatched,false,,材料,輔助工具,植體配件
ZZ-BSAF0181D14,Raw-Abutment HEX D14 3.0,Zirkonzahn,clinical-tools,implant-component,accessory,approved_rule,researched_sku_rule,,unmatched,false,,材料,輔助工具,植體配件
ZZ-BSAF0182D14,Raw-Abutment HEX D14 3.5/4.0,Zirkonzahn,clinical-tools,implant-component,accessory,approved_rule,researched_sku_rule,,unmatched,false,,材料,輔助工具,植體配件
ZZ-BSAF0183D14,Raw-Abutment HEX D14 4.5/5.0,Zirkonzahn,clinical-tools,implant-component,accessory,approved_rule,researched_sku_rule,,unmatched,false,,材料,輔助工具,植體配件
ZZ-BSAF0291,Raw-Abutment HEX 3.5,Zirkonzahn,clinical-tools,implant-component,accessory,approved_rule,researched_sku_rule,,unmatched,false,,材料,輔助工具,植體配件
ZZ-BSAF0292,Raw-Abutment HEX 4.1,Zirkonzahn,clinical-tools,implant-component,accessory,approved_rule,researched_sku_rule,,unmatched,false,,材料,輔助工具,植體配件
ZZ-BSAF0581,Raw-Abutment HEX NC 3.3,Zirkonzahn,clinical-tools,implant-component,accessory,approved_rule,researched_sku_rule,,unmatched,false,,材料,輔助工具,植體配件
ZZ-BSAF0581D14,Raw-Abutment HEX NC3.0,Zirkonzahn,clinical-tools,implant-component,accessory,approved_rule,researched_sku_rule,,unmatched,false,,材料,輔助工具,植體配件
ZZ-BSAF0582,Raw-Abutment HEX RC 4.1,Zirkonzahn,clinical-tools,implant-component,accessory,approved_rule,researched_sku_rule,,unmatched,false,,材料,輔助工具,植體配件
ZZ-BSAF0582D14,Raw-Abutment HEX RC4.1,Zirkonzahn,clinical-tools,implant-component,accessory,approved_rule,researched_sku_rule,,unmatched,false,,材料,輔助工具,植體配件
ZZ-BSAF0583,Raw-Abutment HEX SC 2.9,Zirkonzahn,clinical-tools,implant-component,accessory,approved_rule,researched_sku_rule,,unmatched,false,,材料,輔助工具,植體配件
ZZ-BSAF0682,Raw-Abutment HEX RN 4.8,Zirkonzahn,clinical-tools,implant-component,accessory,approved_rule,researched_sku_rule,,unmatched,false,,材料,輔助工具,植體配件
ZZ-BSAF0891,Set ZZ Base B-C-ABCH 3.4,Zirkonzahn,clinical-tools,implant-component,accessory,approved_rule,researched_sku_rule,,unmatched,false,,材料,輔助工具,植體配件
ZZ-BSAF0892,Set ZZ Base B-C-ABCH 4.1,Zirkonzahn,clinical-tools,implant-component,accessory,approved_rule,researched_sku_rule,,unmatched,false,,材料,輔助工具,植體配件
ZZ-BSAF0893,Set ZZ Base B-C-ABCH 5.0,Zirkonzahn,clinical-tools,implant-component,accessory,approved_rule,researched_sku_rule,,unmatched,false,,材料,輔助工具,植體配件
ZZ-BSAF0991,Raw-Abutment® HEX Ø 3.4,Zirkonzahn,clinical-tools,implant-component,accessory,approved_rule,researched_sku_rule,,unmatched,false,,材料,輔助工具,植體配件
ZZ-BSAF0992,Raw-Abutment® HEX Ø 4.1,Zirkonzahn,clinical-tools,implant-component,accessory,approved_rule,researched_sku_rule,,unmatched,false,,材料,輔助工具,植體配件
ZZ-BSAF0993,Raw-Abutment® HEX Ø 5.0,Zirkonzahn,clinical-tools,implant-component,accessory,approved_rule,researched_sku_rule,,unmatched,false,,材料,輔助工具,植體配件
ZZ-BSAF1092,Raw-Abutment HEX 3.8,Zirkonzahn,clinical-tools,implant-component,accessory,approved_rule,researched_sku_rule,,unmatched,false,,材料,輔助工具,植體配件
ZZ-BSAF1092D14,Raw-Abutment HEX D14 3.8,Zirkonzahn,clinical-tools,implant-component,accessory,approved_rule,researched_sku_rule,,unmatched,false,,材料,輔助工具,植體配件
ZZ-BSAF1093,Raw-Abutment HEX 4.5,Zirkonzahn,clinical-tools,implant-component,accessory,approved_rule,researched_sku_rule,,unmatched,false,,材料,輔助工具,植體配件
ZZ-BSAF1094,Raw-Abutment HEX 5.5,Zirkonzahn,clinical-tools,implant-component,accessory,approved_rule,researched_sku_rule,,unmatched,false,,材料,輔助工具,植體配件
ZZ-BSAF1181,Raw-Abutment HEX 3.5,Zirkonzahn,clinical-tools,implant-component,accessory,approved_rule,researched_sku_rule,,unmatched,false,,材料,輔助工具,植體配件
ZZ-BSAF1291,Raw-Abutment HEX Ø 3.3,Zirkonzahn,clinical-tools,implant-component,accessory,approved_rule,researched_sku_rule,,unmatched,false,,材料,輔助工具,植體配件
ZZ-BSAF1292,Raw-Abutment HEX Ø 4.2,Zirkonzahn,clinical-tools,implant-component,accessory,approved_rule,researched_sku_rule,,unmatched,false,,材料,輔助工具,植體配件
ZZ-BSAF2292,Spare Part SY-CB-ABCH 3.5 (Screw),Zirkonzahn,clinical-tools,implant-component,spare_part,approved_rule,researched_sku_rule,,unmatched,false,,材料,耗材,設備配件
ZZ-BSAF2481,Raw-Abutment Hex NP,Zirkonzahn,clinical-tools,implant-component,accessory,approved_rule,researched_sku_rule,,unmatched,false,,材料,輔助工具,植體配件
ZZ-BSAF2481D14,Raw-Abutment HEX D14 NP,Zirkonzahn,clinical-tools,implant-component,accessory,approved_rule,researched_sku_rule,,unmatched,false,,材料,輔助工具,植體配件
ZZ-BSAF2482,Raw-Abutment HEX RP,Zirkonzahn,clinical-tools,implant-component,accessory,approved_rule,researched_sku_rule,,unmatched,false,,材料,輔助工具,植體配件
ZZ-BSAF2482D14,Raw-Abutment HEX D14 RP,Zirkonzahn,clinical-tools,implant-component,accessory,approved_rule,researched_sku_rule,,unmatched,false,,材料,輔助工具,植體配件
ZZ-BSAF2483,Raw-Abutment HEX CC 3.0,Zirkonzahn,clinical-tools,implant-component,accessory,approved_rule,researched_sku_rule,,unmatched,false,,材料,輔助工具,植體配件
ZZ-BSAF2483D14,Raw-Abutment® HEX D14 CC3.0,Zirkonzahn,clinical-tools,implant-component,accessory,approved_rule,researched_sku_rule,,unmatched,false,,材料,輔助工具,植體配件
ZZ-BSAF3781,Raw-Abutment HEX 3.0,Zirkonzahn,clinical-tools,implant-component,accessory,approved_rule,researched_sku_rule,,unmatched,false,,材料,輔助工具,植體配件
ZZ-BSAF3782,Raw-Abutment HEX 3.5,Zirkonzahn,clinical-tools,implant-component,accessory,approved_rule,researched_sku_rule,,unmatched,false,,材料,輔助工具,植體配件
ZZ-BSAF4281,"Raw-Abutment HEX 4.0/4.5/5.0
Raw-Abutment HEX Ø 4.0/4.5/5.0",Zirkonzahn,clinical-tools,implant-component,accessory,approved_rule,researched_sku_rule,,unmatched,false,,材料,輔助工具,植體配件
ZZ-BSAF4282,"Raw-Abutment HEX 3.5
Raw-Abutment HEX Ø 4.0/4.5/5.0",Zirkonzahn,clinical-tools,implant-component,accessory,approved_rule,researched_sku_rule,,unmatched,false,,材料,輔助工具,植體配件
ZZ-BSAF8191,Raw-Abutment HEX Sq,Zirkonzahn,clinical-tools,implant-component,accessory,approved_rule,researched_sku_rule,,unmatched,false,,材料,輔助工具,植體配件
ZZ-BSAF8781,Raw-Abutment 3.0,Zirkonzahn,clinical-tools,implant-component,accessory,approved_rule,researched_sku_rule,,unmatched,false,,材料,輔助工具,植體配件
ZZ-BSAF8782,Raw-Abutment 3.5 - 5.0,Zirkonzahn,clinical-tools,implant-component,accessory,approved_rule,researched_sku_rule,,unmatched,false,,材料,輔助工具,植體配件
ZZ-BSAH1131L25,Set Zirkonzahn Multi Unit Abutment L25 Ø 3.5,Zirkonzahn,clinical-tools,implant-component,accessory,approved_rule,researched_sku_rule,,unmatched,false,,材料,輔助工具,植體配件
ZZ-BSAH1131L35,Set Zirkonzahn Multi Unit Abutment L35 Ø 3.5,Zirkonzahn,clinical-tools,implant-component,accessory,approved_rule,researched_sku_rule,,unmatched,false,,材料,輔助工具,植體配件
ZZ-BSAH2432L15,Set Zirkonzahn Multi Unit Abutment L15 RP,Zirkonzahn,clinical-tools,implant-component,accessory,approved_rule,researched_sku_rule,,unmatched,false,,材料,輔助工具,植體配件
ZZ-BSAI2432L10,Set Zirkonzahn Multi Unit Abutment Angled (17°) L10 RP Type 1,Zirkonzahn,clinical-tools,implant-component,accessory,approved_rule,researched_sku_rule,,unmatched,false,,材料,輔助工具,植體配件
ZZ-BSAP0581,Set Narrow titanium base HEX for single crowns NC3.3,Zirkonzahn,clinical-tools,implant-component,accessory,approved_rule,researched_sku_rule,,unmatched,false,,材料,輔助工具,植體配件
ZZ-BSAP7632,Set Narrow titanium base HEX for bridges 3.6,Zirkonzahn,clinical-tools,implant-component,accessory,approved_rule,researched_sku_rule,,unmatched,false,,材料,輔助工具,植體配件
ZZ-BSAR10431,LOC-Connector Bur,Zirkonzahn,clinical-tools,implant-component,accessory,approved_rule,researched_sku_rule,,unmatched,false,,材料,輔助工具,植體配件
ZZ-BSAT0182K80,Angled Screw Channel for single crowns 0.35/4.0,Zirkonzahn,clinical-tools,implant-component,accessory,approved_rule,researched_sku_rule,,unmatched,false,,材料,輔助工具,植體配件
ZZ-BSAT0281K80,Set PARALLEL cemented titanium base HEX K80 3.5,Zirkonzahn,clinical-tools,implant-component,accessory,approved_rule,researched_sku_rule,,unmatched,false,,材料,輔助工具,植體配件
ZZ-BSAT0582K80,Set PARALLEL cemented titanium base HEX K80 RC Ø 4.1,Zirkonzahn,clinical-tools,implant-component,accessory,approved_rule,researched_sku_rule,,unmatched,false,,材料,輔助工具,植體配件
ZZ-BSAT0583K80,Set PARALLEL cemented titanium base HEX K80(ASC)SC Type 1,Zirkonzahn,clinical-tools,implant-component,accessory,approved_rule,researched_sku_rule,,unmatched,false,,材料,輔助工具,植體配件
ZZ-BSAT0592K80,Set PARALLEL cemented titanium base HEX K80 RC Ø 4.1,Zirkonzahn,clinical-tools,implant-component,accessory,approved_rule,researched_sku_rule,,unmatched,false,,材料,輔助工具,植體配件
ZZ-BSAT0593K80,Set PARALLEL cemented titanium base HEX K80(ASC)SC Type 2,Zirkonzahn,clinical-tools,implant-component,accessory,approved_rule,researched_sku_rule,,unmatched,false,,材料,輔助工具,植體配件
ZZ-BSAT1181K80,Set PARALLEL cemented titanium base HEX K80 for single crowns 3.5,Zirkonzahn,clinical-tools,implant-component,accessory,approved_rule,researched_sku_rule,,unmatched,false,,材料,輔助工具,植體配件
ZZ-BSAT2481K80,Set ZZ Base NB-A-ASCTBH-K80 NP,Zirkonzahn,clinical-tools,implant-component,accessory,approved_rule,researched_sku_rule,,unmatched,false,,材料,輔助工具,植體配件
ZZ-BSAT2482K80,Set ZZ Base NB-A-ASCTBH-K80 RP,Zirkonzahn,clinical-tools,implant-component,accessory,approved_rule,researched_sku_rule,,unmatched,false,,材料,輔助工具,植體配件
ZZ-BSAT2483K80,Set ZZ Base NB-A-ASCTBH-K80 CC,Zirkonzahn,clinical-tools,implant-component,accessory,approved_rule,researched_sku_rule,,unmatched,false,,材料,輔助工具,植體配件
ZZ-BSAT4232K80,Set CONICAL cemented titanium base NON HEX K80 A,Zirkonzahn,clinical-tools,implant-component,accessory,approved_rule,researched_sku_rule,,unmatched,false,,材料,輔助工具,植體配件
ZZ-BSAT4281K80,Set PARALLEL cemented titanium base HEX K80 for single crowns 4.0/4.5/5.0,Zirkonzahn,clinical-tools,implant-component,accessory,approved_rule,researched_sku_rule,,unmatched,false,,材料,輔助工具,植體配件
ZZ-BSAT4282K80,Set PARALLEL cemented titanium base HEX K80 for single crowns 3.5,Zirkonzahn,clinical-tools,implant-component,accessory,approved_rule,researched_sku_rule,,unmatched,false,,材料,輔助工具,植體配件
ZZ-BSCB2481,PARALLEL cemented titanium base HEX GOLD NP,Zirkonzahn,clinical-tools,implant-component,accessory,approved_rule,researched_sku_rule,,unmatched,false,,材料,輔助工具,植體配件
ZZ-BSCE2401,Abutment screw (for titanium base) GOLD NP,Zirkonzahn,clinical-tools,implant-component,spare_part,approved_rule,researched_sku_rule,,unmatched,false,,材料,輔助工具,植體配件
ZZ-BSCE2402,Abutment screw (for titanium base) GOLD RP,Zirkonzahn,clinical-tools,implant-component,spare_part,approved_rule,researched_sku_rule,,unmatched,false,,材料,輔助工具,植體配件
ZZ-BSHE0401,Abutment screw NP-RP,Zirkonzahn,clinical-tools,implant-component,spare_part,approved_rule,researched_sku_rule,,unmatched,false,,材料,輔助工具,植體配件
ZZ-BSHE9201,Abutment screw for extraoral use Zirkonzahn MUA Non Hex,Zirkonzahn,clinical-tools,implant-component,spare_part,approved_rule,researched_sku_rule,,unmatched,false,,材料,輔助工具,植體配件
ZZ-BSIE7636,ASTRA titanium base HEX L10 4.1,Zirkonzahn,clinical-tools,implant-component,accessory,approved_rule,researched_sku_rule,,unmatched,false,,材料,輔助工具,植體配件
ZZ-BSKE2401,Abutment screw (titanium base K80)NP,Zirkonzahn,clinical-tools,implant-component,spare_part,approved_rule,researched_sku_rule,,unmatched,false,,材料,輔助工具,植體配件
ZZ-BSKE2402,Abutment screw (titanium base K80)RP,Zirkonzahn,clinical-tools,implant-component,spare_part,approved_rule,researched_sku_rule,,unmatched,false,,材料,輔助工具,植體配件
ZZ-BSKE2403,Abutment screw (titanium base K80)CC 3.0,Zirkonzahn,clinical-tools,implant-component,spare_part,approved_rule,researched_sku_rule,,unmatched,false,,材料,輔助工具,植體配件
ZZ-COURSE31,線上課程,Zirkonzahn,fixed-restorative,ceramic-material,material,approved_rule,legacy_category_rule,,unmatched,false,,材料,材料,瓷粉 / 陶瓷
ZZ-CPAA1010,Composite Fluid Tissue 4 (3g),Zirkonzahn,fixed-restorative,ceramic-material,material,approved_rule,legacy_category_rule,,unmatched,false,,材料,材料,瓷粉 / 陶瓷
ZZ-CPAA1020,Composite Fluid Tissue 5 (3g),Zirkonzahn,fixed-restorative,ceramic-material,material,approved_rule,legacy_category_rule,,unmatched,false,,材料,材料,瓷粉 / 陶瓷
ZZ-CPAA2010,Composite Bonding Liquid,Zirkonzahn,lab-production,process-liquid,consumable,approved_rule,legacy_category_rule,,unmatched,false,,藥液,輔助工具,專用液 / 藥劑
ZZ-CPAA2040,Composite Removing Gel,Zirkonzahn,fixed-restorative,ceramic-material,material,approved_rule,legacy_category_rule,,unmatched,false,,材料,材料,瓷粉 / 陶瓷
ZZ-CPAA2050,Composite Polishing Paste,Zirkonzahn,lab-production,grinding-tool,consumable,approved_rule,legacy_category_rule,,unmatched,false,,耗材,耗材,磨石 / 研磨工具
ZZ-CPAA3010,Set Composite Paste,Zirkonzahn,fixed-restorative,ceramic-material,material,approved_rule,legacy_category_rule,,unmatched,false,,材料,材料,瓷粉 / 陶瓷
ZZ-CPAA3030,Set Composite Paste Complete,Zirkonzahn,fixed-restorative,ceramic-material,material,approved_rule,legacy_category_rule,,unmatched,false,,材料,材料,瓷粉 / 陶瓷
ZZ-CPAC0101,Metal Opaquer Dentine A3 (2g),Zirkonzahn,fixed-restorative,ceramic-material,material,approved_rule,legacy_category_rule,,unmatched,false,,材料,材料,瓷粉 / 陶瓷
ZZ-CPAC0111,Metal Opaquer Dentine B1 (2g),Zirkonzahn,fixed-restorative,ceramic-material,material,approved_rule,legacy_category_rule,,unmatched,false,,材料,材料,瓷粉 / 陶瓷
ZZ-CPAC0501,Metal Opaquer Tissue Light  (3g),Zirkonzahn,fixed-restorative,ceramic-material,material,approved_rule,legacy_category_rule,,unmatched,false,,材料,材料,瓷粉 / 陶瓷
ZZ-CPAC0511,Metal Opaquer Tissue Dark (3g),Zirkonzahn,fixed-restorative,ceramic-material,material,approved_rule,legacy_category_rule,,unmatched,false,,材料,材料,瓷粉 / 陶瓷
ZZ-CPAC511,Metal Opaquer Tissue Dark  (3g),Zirkonzahn,fixed-restorative,ceramic-material,material,approved_rule,legacy_category_rule,,unmatched,false,,材料,材料,瓷粉 / 陶瓷
ZZ-CPAD0101,Polibond 30ml樹脂黏著劑,Zirkonzahn,fixed-restorative,ceramic-material,material,approved_rule,legacy_category_rule,,unmatched,false,,材料,材料,瓷粉 / 陶瓷
ZZ-DSAD12525PIN,DENTURE GINGIVA BASIC MONO PINK H25,Zirkonzahn,digital-manufacturing,pmma-blank,material,approved_rule,legacy_category_rule,,unmatched,false,,材料,材料,PMMA 塊
ZZ-DSAD12530M6PIN,DENTURE GINGIVA BASIC MONO PINK 125 H30,Zirkonzahn,digital-manufacturing,pmma-blank,material,approved_rule,legacy_category_rule,,unmatched,false,,材料,材料,PMMA 塊
ZZ-DSAD12530PIN,DENTURE GINGIVA BASIC MONO PINK H30,Zirkonzahn,digital-manufacturing,pmma-blank,material,approved_rule,legacy_category_rule,,unmatched,false,,材料,材料,PMMA 塊
ZZ-DSAD12540PIN,DENTURE GINGIVA BASIC MONO PINK H40,Zirkonzahn,digital-manufacturing,pmma-blank,material,approved_rule,legacy_category_rule,,unmatched,false,,材料,材料,PMMA 塊
ZZ-DSAD9525PIN,DENTURE GINGIVA BASIC MONO PINK H25,Zirkonzahn,digital-manufacturing,pmma-blank,material,approved_rule,legacy_category_rule,,unmatched,false,,材料,材料,PMMA 塊
ZZ-DSAD9530PIN,DENTURE GINGIVA BASIC MONO PINK H30,Zirkonzahn,digital-manufacturing,pmma-blank,material,approved_rule,legacy_category_rule,,unmatched,false,,材料,材料,PMMA 塊
ZZ-DSAD98S30PIN,DENTURE GINGIVA BASIC MONO PINK H30,Zirkonzahn,digital-manufacturing,pmma-blank,material,approved_rule,legacy_category_rule,,unmatched,false,,材料,材料,PMMA 塊
ZZ-DSAL9516A01,ABRO BASIC Mono A1 95H16,Zirkonzahn,digital-manufacturing,pmma-blank,material,approved_rule,legacy_category_rule,,unmatched,false,,材料,材料,PMMA 塊
ZZ-DSAL9516A02,ABRO BASIC Mono A2 95H16,Zirkonzahn,digital-manufacturing,pmma-blank,material,approved_rule,legacy_category_rule,,unmatched,false,,材料,材料,PMMA 塊
ZZ-DSAL9520A01,ABRO BASIC Mono A1 95H20,Zirkonzahn,digital-manufacturing,pmma-blank,material,approved_rule,legacy_category_rule,,unmatched,false,,材料,材料,PMMA 塊
ZZ-DSAL9520A02,ABRO BASIC Mono A2 95H20,Zirkonzahn,digital-manufacturing,pmma-blank,material,approved_rule,legacy_category_rule,,unmatched,false,,材料,材料,PMMA 塊
ZZ-DSAL9520A03,ABRO BASIC Mono A3 95H20,Zirkonzahn,digital-manufacturing,pmma-blank,material,approved_rule,legacy_category_rule,,unmatched,false,,材料,材料,PMMA 塊
ZZ-DSAL9525A01,ABRO BASIC Mono A1 95H25,Zirkonzahn,digital-manufacturing,pmma-blank,material,approved_rule,legacy_category_rule,,unmatched,false,,材料,材料,PMMA 塊
ZZ-DSAL9525A02,ABRO BASIC Mono A2 95H25,Zirkonzahn,digital-manufacturing,pmma-blank,material,approved_rule,legacy_category_rule,,unmatched,false,,材料,材料,PMMA 塊
ZZ-DSAL9525A03,ABRO BASIC Mono A3 95H25,Zirkonzahn,digital-manufacturing,pmma-blank,material,approved_rule,legacy_category_rule,,unmatched,false,,材料,材料,PMMA 塊
ZZ-DSCL9516A1A2,ABRO BASIC MULTISTRATUM A1-A2 95H16,Zirkonzahn,digital-manufacturing,pmma-blank,material,approved_rule,legacy_category_rule,,unmatched,false,,材料,材料,PMMA 塊
ZZ-DSCL9516A2A3,ABRO BASIC MULTISTRATUM A2-A3 95H16,Zirkonzahn,digital-manufacturing,pmma-blank,material,approved_rule,legacy_category_rule,,unmatched,false,,材料,材料,PMMA 塊
ZZ-DSCL9520A1A2,ABRO BASIC MULTISTRATUM®A1-A2 95H20,Zirkonzahn,digital-manufacturing,pmma-blank,material,approved_rule,legacy_category_rule,,unmatched,false,,材料,材料,PMMA 塊
ZZ-DSCL9525A1A2,ABRO BASIC MULTISTRATUM®A1-A2 95H25,Zirkonzahn,digital-manufacturing,pmma-blank,material,approved_rule,legacy_category_rule,,unmatched,false,,材料,材料,PMMA 塊
ZZ-DSCL98S20A1A2,ABRO BASIC MULTISTRATUM®A1-A2 98H20,Zirkonzahn,digital-manufacturing,pmma-blank,material,approved_rule,legacy_category_rule,,unmatched,false,,材料,材料,PMMA 塊
ZZ-FR1231,CAD/CAM Milling Bur 1.5 S XL Titan (6mm),Zirkonzahn,lab-production,bur-drill,consumable,approved_rule,legacy_category_rule,ZZ-BUR,exact_unique,false,,耗材,耗材,車針 / 鑽針
ZZ-FR1241,CAD/CAM Milling Bur 2S Titan (6mm),Zirkonzahn,lab-production,bur-drill,consumable,approved_rule,legacy_category_rule,ZZ-BUR,exact_unique,false,,耗材,耗材,車針 / 鑽針
ZZ-FR1251,CAD/CAM Milling Bur 1.6 ASC Titan (6mm),Zirkonzahn,lab-production,bur-drill,consumable,approved_rule,legacy_category_rule,ZZ-BUR,exact_unique,false,,耗材,耗材,車針 / 鑽針
ZZ-FR1252,CAD/CAM Milling Bur 1.4 ASC Titan (6mm),Zirkonzahn,lab-production,bur-drill,consumable,approved_rule,legacy_category_rule,ZZ-BUR,exact_unique,false,,耗材,耗材,車針 / 鑽針
ZZ-FR1401,CAD/CAM threads milling bur 2G Titan (6mm),Zirkonzahn,lab-production,bur-drill,consumable,approved_rule,legacy_category_rule,ZZ-BUR,exact_unique,false,,耗材,耗材,車針 / 鑽針
ZZ-FR1501,CAD/CAM Milling Bur 2K Titan (6mm),Zirkonzahn,lab-production,bur-drill,consumable,approved_rule,legacy_category_rule,ZZ-BUR,exact_unique,false,,耗材,耗材,車針 / 鑽針
ZZ-FR3006,CAD/CAM Milling Bur 2 L Sintermetall (6MM),Zirkonzahn,lab-production,bur-drill,consumable,approved_rule,legacy_category_rule,ZZ-BUR,exact_unique,false,,耗材,耗材,車針 / 鑽針
ZZ-FR3016,CAD/CAM Milling Bur 1 L Sintermetall (6MM),Zirkonzahn,lab-production,bur-drill,consumable,approved_rule,legacy_category_rule,ZZ-BUR,exact_unique,false,,耗材,耗材,車針 / 鑽針
ZZ-FR3026,CAD/CAM Milling Bur 0.5 S Sintermetall (6MM),Zirkonzahn,lab-production,bur-drill,consumable,approved_rule,legacy_category_rule,ZZ-BUR,exact_unique,false,,耗材,耗材,車針 / 鑽針
ZZ-FR3036,CAD/CAM Milling Bur 1.5 A Sintermetall (6MM),Zirkonzahn,lab-production,bur-drill,consumable,approved_rule,legacy_category_rule,ZZ-BUR,exact_unique,false,,耗材,耗材,車針 / 鑽針
ZZ-FR3046,CAD/CAM Milling Bur 0.6 A Sintermetall (6MM),Zirkonzahn,lab-production,bur-drill,consumable,approved_rule,legacy_category_rule,ZZ-BUR,exact_unique,false,,耗材,耗材,車針 / 鑽針
ZZ-FR5031,CAD/CAM Milling Bur 3R Zirconia (6MM),Zirkonzahn,lab-production,bur-drill,consumable,approved_rule,legacy_category_rule,ZZ-BUR,exact_unique,false,,耗材,耗材,車針 / 鑽針
ZZ-FR6003,CAD/CAM Milling Bur 1L PMMA (6mm),Zirkonzahn,digital-manufacturing,pmma-blank,material,approved_rule,legacy_category_rule,,unmatched,false,,耗材,材料,PMMA 塊
ZZ-FR6007,Milling Bur 1L PMMA Premium(6MM),Zirkonzahn,digital-manufacturing,pmma-blank,material,approved_rule,legacy_category_rule,,unmatched,false,,耗材,材料,PMMA 塊
ZZ-FR6008,Milling Bur 2L PMMA Premium(6MM),Zirkonzahn,digital-manufacturing,pmma-blank,material,approved_rule,legacy_category_rule,,unmatched,false,,耗材,材料,PMMA 塊
ZZ-FR6009,CAD/CAM Milling Bur 6T PMMA (6MM),Zirkonzahn,digital-manufacturing,pmma-blank,material,approved_rule,legacy_category_rule,,unmatched,false,,耗材,材料,PMMA 塊
ZZ-FR6010,CAD/CAM Milling Bur 1.5AXL PMMA (6MM),Zirkonzahn,digital-manufacturing,pmma-blank,material,approved_rule,legacy_category_rule,,unmatched,false,,耗材,材料,PMMA 塊
ZZ-FR6030,CAD/CAM Milling Bur 2.5R PMMA (6MM),Zirkonzahn,digital-manufacturing,pmma-blank,material,approved_rule,legacy_category_rule,,unmatched,false,,耗材,材料,PMMA 塊
ZZ-FR6031,CAD/CAM Milling Bur 3R PMMA (6MM),Zirkonzahn,digital-manufacturing,pmma-blank,material,approved_rule,legacy_category_rule,,unmatched,false,,耗材,材料,PMMA 塊
ZZ-FR7001,Milling Bur 2L WAX(6mm)#FR7001,Zirkonzahn,lab-production,bur-drill,consumable,approved_rule,legacy_category_rule,ZZ-BUR,exact_unique,false,,耗材,耗材,車針 / 鑽針
ZZ-FR7002,Milling Bur 1.5A WAX(6mm)#FR7002,Zirkonzahn,lab-production,bur-drill,consumable,approved_rule,legacy_category_rule,ZZ-BUR,exact_unique,false,,耗材,耗材,車針 / 鑽針
ZZ-FR7003,Milling Bur 1L WAX(6mm)#FR7003,Zirkonzahn,lab-production,bur-drill,consumable,approved_rule,legacy_category_rule,ZZ-BUR,exact_unique,false,,耗材,耗材,車針 / 鑽針
ZZ-FR7004,Milling Bur 0.6A WAX(6mm)#FR7004,Zirkonzahn,lab-production,bur-drill,consumable,approved_rule,legacy_category_rule,ZZ-BUR,exact_unique,false,,耗材,耗材,車針 / 鑽針
ZZ-FR7005,Milling Bur 0.5S WAX(6mm)#FR7005,Zirkonzahn,lab-production,bur-drill,consumable,approved_rule,legacy_category_rule,ZZ-BUR,exact_unique,false,,耗材,耗材,車針 / 鑽針
ZZ-FR7006,Milling Bur 0.3C WAX(6mm)#FR7006,Zirkonzahn,lab-production,bur-drill,consumable,approved_rule,legacy_category_rule,ZZ-BUR,exact_unique,false,,耗材,耗材,車針 / 鑽針
ZZ-FR7008,Milling Bur 1.5A XL WAX(6mm)#FR7008,Zirkonzahn,lab-production,bur-drill,consumable,approved_rule,legacy_category_rule,ZZ-BUR,exact_unique,false,,耗材,耗材,車針 / 鑽針
ZZ-FR7009,Milling Bur 6T WAX(6mm)#FR7009,Zirkonzahn,lab-production,bur-drill,consumable,approved_rule,legacy_category_rule,ZZ-BUR,exact_unique,false,,耗材,耗材,車針 / 鑽針
ZZ-FR7031,Milling Bur 3R WAX(6mm)#FR7031,Zirkonzahn,lab-production,bur-drill,consumable,approved_rule,legacy_category_rule,ZZ-BUR,exact_unique,false,,耗材,耗材,車針 / 鑽針
ZZ-FR8006,CAD/CAM Thread Milling Bur 1.8 G Zirconia (6MM),Zirkonzahn,lab-production,bur-drill,consumable,approved_rule,legacy_category_rule,ZZ-BUR,exact_unique,false,,耗材,耗材,車針 / 鑽針
ZZ-FR8016,CAD/CAM Thread Milling Bur 1.8 G PMMA (6MM),Zirkonzahn,digital-manufacturing,pmma-blank,material,approved_rule,legacy_category_rule,,unmatched,false,,耗材,材料,PMMA 塊
ZZ-HOAC8041,HOAC8041 Wood OAK 95H18,Zirkonzahn,fixed-restorative,ceramic-material,material,approved_rule,legacy_category_rule,,unmatched,false,,材料,材料,瓷粉 / 陶瓷
ZZ-HOAI8041,HOAI8041 Wood Bubinga 95H18,Zirkonzahn,fixed-restorative,ceramic-material,material,approved_rule,legacy_category_rule,,unmatched,false,,材料,材料,瓷粉 / 陶瓷
ZZ-HOAJ8041,HOAJ8041 Wood Ebony 95H18,Zirkonzahn,fixed-restorative,ceramic-material,material,approved_rule,legacy_category_rule,,unmatched,false,,材料,材料,瓷粉 / 陶瓷
ZZ-HOAK8041,HOAK8041 Wood Acacia 95H18,Zirkonzahn,fixed-restorative,ceramic-material,material,approved_rule,legacy_category_rule,,unmatched,false,,材料,材料,瓷粉 / 陶瓷
ZZ-HOAL8041,HOAL8041 Wood Cedar 95H18,Zirkonzahn,fixed-restorative,ceramic-material,material,approved_rule,legacy_category_rule,,unmatched,false,,材料,材料,瓷粉 / 陶瓷
ZZ-KEAA4301,Build up Luquid 瓷粉專用液 (50ml),Zirkonzahn,fixed-restorative,ceramic-material,material,approved_rule,legacy_category_rule,,unmatched,false,,材料,材料,瓷粉 / 陶瓷
ZZ-KEAC0101,Fusion Powder,Zirkonzahn,fixed-restorative,ceramic-material,material,approved_rule,legacy_category_rule,,unmatched,false,,材料,材料,瓷粉 / 陶瓷
ZZ-KEAD2301,Fresco Enamel Transps 3 (8g),Zirkonzahn,fixed-restorative,ceramic-material,material,approved_rule,legacy_category_rule,,unmatched,false,,材料,材料,瓷粉 / 陶瓷
ZZ-KEAD2501,Fresco Enamel Transps Orange (10g),Zirkonzahn,fixed-restorative,ceramic-material,material,approved_rule,legacy_category_rule,,unmatched,false,,材料,材料,瓷粉 / 陶瓷
ZZ-KEAD2601,Fresco Enamel Transps Grey (10g),Zirkonzahn,fixed-restorative,ceramic-material,material,approved_rule,legacy_category_rule,,unmatched,false,,材料,材料,瓷粉 / 陶瓷
ZZ-KEAD3001,Fresco Enamel Transps Neutral (8g),Zirkonzahn,fixed-restorative,ceramic-material,material,approved_rule,legacy_category_rule,,unmatched,false,,材料,材料,瓷粉 / 陶瓷
ZZ-KEAD4501,Fresco Enamel Fluo (10g),Zirkonzahn,fixed-restorative,ceramic-material,material,approved_rule,legacy_category_rule,,unmatched,false,,材料,材料,瓷粉 / 陶瓷
ZZ-KEAD4601,Fresco Enamel Opal (8g),Zirkonzahn,fixed-restorative,ceramic-material,material,approved_rule,legacy_category_rule,,unmatched,false,,材料,材料,瓷粉 / 陶瓷
ZZ-KEAD6301,Fresco Gingiva 1 (10g),Zirkonzahn,fixed-restorative,ceramic-material,material,approved_rule,legacy_category_rule,,unmatched,false,,材料,材料,瓷粉 / 陶瓷
ZZ-KEAD6311,Fresco Gingiva 2 (10g),Zirkonzahn,fixed-restorative,ceramic-material,material,approved_rule,legacy_category_rule,,unmatched,false,,材料,材料,瓷粉 / 陶瓷
ZZ-KEAD6321,Fresco Gingiva 3 (10g),Zirkonzahn,fixed-restorative,ceramic-material,material,approved_rule,legacy_category_rule,,unmatched,false,,材料,材料,瓷粉 / 陶瓷
ZZ-KEAD6331,Fresco Gingiva 4 (10g),Zirkonzahn,fixed-restorative,ceramic-material,material,approved_rule,legacy_category_rule,,unmatched,false,,材料,材料,瓷粉 / 陶瓷
ZZ-KEAD6341,Fresco Gingiva 5 (10g),Zirkonzahn,fixed-restorative,ceramic-material,material,approved_rule,legacy_category_rule,,unmatched,false,,材料,材料,瓷粉 / 陶瓷
ZZ-KEAD6351,Fresco Gingiva 6 (10g),Zirkonzahn,fixed-restorative,ceramic-material,material,approved_rule,legacy_category_rule,,unmatched,false,,材料,材料,瓷粉 / 陶瓷
ZZ-KEAD6391,Set Fresco Essential 液態瓷粉,Zirkonzahn,fixed-restorative,ceramic-material,material,approved_rule,legacy_category_rule,,unmatched,false,,材料,材料,瓷粉 / 陶瓷
ZZ-KEAD6401,Fresco Liquid (10ml),Zirkonzahn,color-characterization,internal-stain,material,approved_rule,legacy_category_rule,,unmatched,false,,藥液,染液色料,染液 - 內染
ZZ-KEAD6501,Fresco Gel (10ml),Zirkonzahn,fixed-restorative,ceramic-material,material,approved_rule,legacy_category_rule,,unmatched,false,,材料,材料,瓷粉 / 陶瓷
ZZ-MEAA0114,Chrom-cobalt 95H14,Zirkonzahn,fixed-restorative,metal-material,material,approved_rule,legacy_category_rule,,unmatched,false,,材料,材料,金屬材料
ZZ-MEAA0116,Chrom-cobalt 95H16,Zirkonzahn,fixed-restorative,metal-material,material,approved_rule,legacy_category_rule,,unmatched,false,,材料,材料,金屬材料
ZZ-MEAA0120,Chrom-cobalt 95H20,Zirkonzahn,fixed-restorative,metal-material,material,approved_rule,legacy_category_rule,,unmatched,false,,材料,材料,金屬材料
ZZ-MEAA0122,Chrom-cobalt 95H22,Zirkonzahn,fixed-restorative,metal-material,material,approved_rule,legacy_category_rule,,unmatched,false,,材料,材料,金屬材料
ZZ-MEAL9525,MEAL9525  Titanit 5 95H25,Zirkonzahn,fixed-restorative,metal-material,material,approved_rule,legacy_category_rule,,unmatched,false,,材料,材料,金屬材料
ZZ-MEAL98S14,TITANIT 5 98H14 WITH STEP,Zirkonzahn,fixed-restorative,metal-material,material,approved_rule,legacy_category_rule,,unmatched,false,,材料,材料,金屬材料
ZZ-MEAL98S16,TITANIT 5 98H16 WITH STEP,Zirkonzahn,fixed-restorative,metal-material,material,approved_rule,legacy_category_rule,,unmatched,false,,材料,材料,金屬材料
ZZ-MEAL98S18,TITANIT 5 98H18 WITH STEP,Zirkonzahn,fixed-restorative,metal-material,material,approved_rule,legacy_category_rule,,unmatched,false,,材料,材料,金屬材料
ZZ-MEAS9512,SINTERNIT 95H12,Zirkonzahn,fixed-restorative,metal-material,material,approved_rule,legacy_category_rule,,unmatched,false,,材料,材料,金屬材料
ZZ-MEAS9518,SINTERNIT 95H18,Zirkonzahn,fixed-restorative,metal-material,material,approved_rule,legacy_category_rule,,unmatched,false,,材料,材料,金屬材料
ZZ-MEAS9522,SINTERNIT 95H22,Zirkonzahn,fixed-restorative,metal-material,material,approved_rule,legacy_category_rule,,unmatched,false,,材料,材料,金屬材料
ZZ-MIAG0401,Model implant  NP/RP,Zirkonzahn,fixed-restorative,ceramic-material,material,approved_rule,legacy_category_rule,,unmatched,false,,材料,材料,瓷粉 / 陶瓷
ZZ-MIAG0402,NB-MUA MI/WP,Zirkonzahn,fixed-restorative,ceramic-material,material,approved_rule,legacy_category_rule,,unmatched,false,,材料,材料,瓷粉 / 陶瓷
ZZ-MIAG0502,Model implant  RC4.1,Zirkonzahn,fixed-restorative,ceramic-material,material,approved_rule,legacy_category_rule,,unmatched,false,,材料,材料,瓷粉 / 陶瓷
ZZ-MIAG0801,3i Analog 3.4,Zirkonzahn,fixed-restorative,ceramic-material,material,approved_rule,legacy_category_rule,,unmatched,false,,材料,材料,瓷粉 / 陶瓷
ZZ-MIAG0802,3i Analog 4.1,Zirkonzahn,fixed-restorative,ceramic-material,material,approved_rule,legacy_category_rule,,unmatched,false,,材料,材料,瓷粉 / 陶瓷
ZZ-MIAG0803,3i Analog 5.0,Zirkonzahn,fixed-restorative,ceramic-material,material,approved_rule,legacy_category_rule,,unmatched,false,,材料,材料,瓷粉 / 陶瓷
ZZ-MIAG1101,Model implant 3.5,Zirkonzahn,fixed-restorative,ceramic-material,material,approved_rule,legacy_category_rule,,unmatched,false,,材料,材料,瓷粉 / 陶瓷
ZZ-MIAG1102,Model implant 4.5,Zirkonzahn,fixed-restorative,ceramic-material,material,approved_rule,legacy_category_rule,,unmatched,false,,材料,材料,瓷粉 / 陶瓷
ZZ-MIAG2401,Model implant  NP,Zirkonzahn,fixed-restorative,ceramic-material,material,approved_rule,legacy_category_rule,,unmatched,false,,材料,材料,瓷粉 / 陶瓷
ZZ-MIAG2402,Model implant  RP,Zirkonzahn,fixed-restorative,ceramic-material,material,approved_rule,legacy_category_rule,,unmatched,false,,材料,材料,瓷粉 / 陶瓷
ZZ-MIAG2403,Model implant  CC 3.0,Zirkonzahn,fixed-restorative,ceramic-material,material,approved_rule,legacy_category_rule,,unmatched,false,,材料,材料,瓷粉 / 陶瓷
ZZ-SGAA0001,比色板雷雕費用,Zirkonzahn,color-characterization,shade-guide,durable_tool,approved_rule,legacy_category_rule,,unmatched,false,,工具,輔助工具,比色板
ZZ-SGAA0002,比色板(單支),Zirkonzahn,color-characterization,shade-guide,durable_tool,approved_rule,legacy_category_rule,,unmatched,false,,工具,輔助工具,比色板
ZZ-SGAA0101,Prettau2 Tooth11 比色板 (前牙),Zirkonzahn,color-characterization,shade-guide,durable_tool,approved_rule,legacy_category_rule,,unmatched,false,,工具,輔助工具,比色板
ZZ-SGAA0103,Prettau2 Tooth25 比色板 (後牙),Zirkonzahn,color-characterization,shade-guide,durable_tool,approved_rule,legacy_category_rule,,unmatched,false,,工具,輔助工具,比色板
ZZ-SGAA0201,Prettau3 Tooth11 比色板 (前牙),Zirkonzahn,color-characterization,shade-guide,durable_tool,approved_rule,legacy_category_rule,,unmatched,false,,工具,輔助工具,比色板
ZZ-SGAA0203,Prettau3 Tooth25 比色板 (後牙),Zirkonzahn,color-characterization,shade-guide,durable_tool,approved_rule,legacy_category_rule,,unmatched,false,,工具,輔助工具,比色板
ZZ-SGAA0401,Prettau 比色板,Zirkonzahn,color-characterization,shade-guide,durable_tool,approved_rule,legacy_category_rule,,unmatched,false,,工具,輔助工具,比色板
ZZ-SIAK0001,Adapter Ratchet Wrench,Zirkonzahn,fixed-restorative,ceramic-material,material,approved_rule,legacy_category_rule,,unmatched,false,,材料,材料,瓷粉 / 陶瓷
ZZ-SIAK0303,"Screwdriver 0.05"" long",Zirkonzahn,clinical-tools,dental-instrument,durable_tool,approved_rule,researched_sku_rule,,unmatched,false,,材料,輔助工具,植體配件
ZZ-SIAK1001,Torque Ratchet Wrench,Zirkonzahn,fixed-restorative,ceramic-material,material,approved_rule,legacy_category_rule,,unmatched,false,,材料,材料,瓷粉 / 陶瓷
ZZ-SIAK1101,Screwdriver Handpiece,Zirkonzahn,clinical-tools,dental-instrument,durable_tool,approved_rule,researched_sku_rule,,unmatched,false,,配件,輔助工具,植體配件
ZZ-SIAK2001,Screwdriver ZZ MUA,Zirkonzahn,clinical-tools,dental-instrument,durable_tool,approved_rule,researched_sku_rule,,unmatched,false,,材料,輔助工具,植體配件
ZZ-SIAK4001L10,Screwdriver L10 Zirkonzahn,Zirkonzahn,clinical-tools,dental-instrument,durable_tool,approved_rule,researched_sku_rule,,unmatched,false,,設備,輔助工具,植體配件
ZZ-SIAK4001L15,Screwdriver L15 Zirkonzahn,Zirkonzahn,clinical-tools,dental-instrument,durable_tool,approved_rule,researched_sku_rule,,unmatched,false,,設備,輔助工具,植體配件
ZZ-SIAK4001L20,Screwdriver L20 Zirkonzahn,Zirkonzahn,clinical-tools,dental-instrument,durable_tool,approved_rule,researched_sku_rule,,unmatched,false,,設備,輔助工具,植體配件
ZZ-SIAK4002L10,Screwdriver L10 WMSM and Impression Coping,Zirkonzahn,clinical-tools,dental-instrument,durable_tool,approved_rule,researched_sku_rule,,unmatched,false,,材料,輔助工具,植體配件
ZZ-SIAK4002L15,Screwdriver L15 WMSM and Impression Coping,Zirkonzahn,clinical-tools,dental-instrument,durable_tool,approved_rule,researched_sku_rule,,unmatched,false,,材料,輔助工具,植體配件
ZZ-SIAK4002L20,Screwdriver L20 WMSM and Impression Coping,Zirkonzahn,clinical-tools,dental-instrument,durable_tool,approved_rule,researched_sku_rule,,unmatched,false,,材料,輔助工具,植體配件
ZZ-SIAK4003L10,Screwdriver Ball-Head L10 Zirkonzahn,Zirkonzahn,clinical-tools,dental-instrument,durable_tool,approved_rule,researched_sku_rule,,unmatched,false,,設備,輔助工具,植體配件
ZZ-SIAK4003L15,Screwdriver Ball-Head L15 Zirkonzahn,Zirkonzahn,clinical-tools,dental-instrument,durable_tool,approved_rule,researched_sku_rule,,unmatched,false,,設備,輔助工具,植體配件
ZZ-SIAK4003L20,Screwdriver Ball-Head L20 Zirkonzahn,Zirkonzahn,clinical-tools,dental-instrument,durable_tool,approved_rule,researched_sku_rule,,unmatched,false,,設備,輔助工具,植體配件
ZZ-SIAK4004L10,Screwdriver L10 Straumann,Zirkonzahn,clinical-tools,dental-instrument,durable_tool,approved_rule,researched_sku_rule,,unmatched,false,,材料,輔助工具,植體配件
ZZ-SIAK4004L15,Screwdriver L15 Straumann,Zirkonzahn,clinical-tools,dental-instrument,durable_tool,approved_rule,researched_sku_rule,,unmatched,false,,材料,輔助工具,植體配件
ZZ-SIAK4004L20,Screwdriver L20 Straumann,Zirkonzahn,clinical-tools,dental-instrument,durable_tool,approved_rule,researched_sku_rule,,unmatched,false,,材料,輔助工具,植體配件
ZZ-SIAK4004L35,Screwdriver L35 Straumann,Zirkonzahn,clinical-tools,dental-instrument,durable_tool,approved_rule,researched_sku_rule,,unmatched,false,,材料,輔助工具,植體配件
ZZ-SIAK4005L10,Screwdriver L10 Nobel Biocare,Zirkonzahn,clinical-tools,dental-instrument,durable_tool,approved_rule,researched_sku_rule,,unmatched,false,,材料,輔助工具,植體配件
ZZ-SIAK4005L15,Screwdriver L15 Nobel Biocare,Zirkonzahn,clinical-tools,dental-instrument,durable_tool,approved_rule,researched_sku_rule,,unmatched,false,,材料,輔助工具,植體配件
ZZ-SIAK4005L20,Screwdriver L20 Nobel Biocare,Zirkonzahn,clinical-tools,dental-instrument,durable_tool,approved_rule,researched_sku_rule,,unmatched,false,,材料,輔助工具,植體配件
ZZ-SIAK4009L10,Screwdriver L10 Biomet 6K,Zirkonzahn,clinical-tools,dental-instrument,durable_tool,approved_rule,researched_sku_rule,,unmatched,false,,材料,輔助工具,植體配件
ZZ-SIAK4009L15,Screwdriver L15 Biomet 6K,Zirkonzahn,clinical-tools,dental-instrument,durable_tool,approved_rule,researched_sku_rule,,unmatched,false,,材料,輔助工具,植體配件
ZZ-SIAK4009L20,Screwdriver L20 Biomet 6K,Zirkonzahn,clinical-tools,dental-instrument,durable_tool,approved_rule,researched_sku_rule,,unmatched,false,,材料,輔助工具,植體配件
ZZ-SIAK4012L10,Screwdriver L10 XiVER 1.22 mm,Zirkonzahn,clinical-tools,dental-instrument,durable_tool,approved_rule,researched_sku_rule,,unmatched,false,,材料,輔助工具,植體配件
ZZ-SIAK4012L15,Screwdriver L15 XiVER 1.22 mm,Zirkonzahn,clinical-tools,dental-instrument,durable_tool,approved_rule,researched_sku_rule,,unmatched,false,,材料,輔助工具,植體配件
ZZ-SIAK4012L20,Screwdriver L20 XiVER 1.22 mm,Zirkonzahn,clinical-tools,dental-instrument,durable_tool,approved_rule,researched_sku_rule,,unmatched,false,,材料,輔助工具,植體配件
ZZ-SIAK4012L35,Screwdriver L35 Xive 1.22mm,Zirkonzahn,clinical-tools,dental-instrument,durable_tool,approved_rule,researched_sku_rule,,unmatched,false,,材料,輔助工具,植體配件
ZZ-SIAK6001,Tool holder Universal Screwdriver Set(通用二階器械組),Zirkonzahn,digital-manufacturing,milling-accessory,accessory,approved_rule,legacy_category_rule,,unmatched,false,,配件,耗材,車機配件
ZZ-SIAL0001,Screwdriver holder MagPrism,Zirkonzahn,clinical-tools,dental-instrument,accessory,approved_rule,researched_sku_rule,,unmatched,false,,材料,輔助工具,植體配件
ZZ-SIAL4001L35,Screwdriver SET with colored screws Zirkonzahn,Zirkonzahn,clinical-tools,dental-instrument,durable_tool,approved_rule,researched_sku_rule,,unmatched,false,,設備,輔助工具,植體配件
ZZ-SIAL4002L35,Screwdriver SET with colored screws WMSM and impression Coping,Zirkonzahn,clinical-tools,dental-instrument,durable_tool,approved_rule,researched_sku_rule,,unmatched,false,,材料,輔助工具,植體配件
ZZ-SIAL4003L20,Screwdriver SET with colored screws Ball-Head Zirkonzahn,Zirkonzahn,clinical-tools,dental-instrument,durable_tool,approved_rule,researched_sku_rule,,unmatched,false,,設備,輔助工具,植體配件
ZZ-SIAL4005L35,Screwdriver SET with colored screws Nobel Biocare,Zirkonzahn,clinical-tools,dental-instrument,durable_tool,approved_rule,researched_sku_rule,,unmatched,false,,藥液,輔助工具,植體配件
ZZ-SIAL4012L35,Screwdriver SET with colored screws Dentsply Sirona XiVE,Zirkonzahn,clinical-tools,dental-instrument,durable_tool,approved_rule,researched_sku_rule,,unmatched,false,,藥液,輔助工具,植體配件
ZZ-TMAE0116,TEMP PREMIUM FLEXIBLE A1-B1 95H16,Zirkonzahn,digital-manufacturing,pmma-blank,material,approved_rule,legacy_category_rule,,unmatched,false,,材料,材料,PMMA 塊
ZZ-TMAE0120,TEMP PREMIUM FLEXIBLE A1-B1 95H20,Zirkonzahn,digital-manufacturing,pmma-blank,material,approved_rule,legacy_category_rule,,unmatched,false,,材料,材料,PMMA 塊
ZZ-TMAE0216,TEMP PREMIUM FLEXIBLE A2-B2 95H16,Zirkonzahn,digital-manufacturing,pmma-blank,material,approved_rule,legacy_category_rule,,unmatched,false,,材料,材料,PMMA 塊
ZZ-TMAE0220,TEMP PREMIUM FLEXIBLE A2-B2 95H20,Zirkonzahn,digital-manufacturing,pmma-blank,material,approved_rule,legacy_category_rule,,unmatched,false,,材料,材料,PMMA 塊
ZZ-TMAE0225,TEMP PREMIUM FLEXIBLE A2-B2 95H25,Zirkonzahn,digital-manufacturing,pmma-blank,material,approved_rule,legacy_category_rule,,unmatched,false,,材料,材料,PMMA 塊
ZZ-TMAE0325,TEMP PREMIUM FLEXIBLE A3-B3 95H25,Zirkonzahn,digital-manufacturing,pmma-blank,material,approved_rule,legacy_category_rule,,unmatched,false,,材料,材料,PMMA 塊
ZZ-TMAE2120,Temp Premium Flexible Transps 95H20,Zirkonzahn,digital-manufacturing,pmma-blank,material,approved_rule,legacy_category_rule,,unmatched,false,,材料,材料,PMMA 塊
ZZ-TMAE2125,Temp Premium Flexible Transps 95H25,Zirkonzahn,digital-manufacturing,pmma-blank,material,approved_rule,legacy_category_rule,,unmatched,false,,材料,材料,PMMA 塊
ZZ-TMAE2516,TEMP PREMIUM FLEXIBLE BLEACH 95H16,Zirkonzahn,digital-manufacturing,pmma-blank,material,approved_rule,legacy_category_rule,,unmatched,false,,材料,材料,PMMA 塊
ZZ-TMAE2520,TEMP PREMIUM FLEXIBLE BLEACH 95H20,Zirkonzahn,digital-manufacturing,pmma-blank,material,approved_rule,legacy_category_rule,,unmatched,false,,材料,材料,PMMA 塊
ZZ-TMAE6116,TEMP PREMIUM FLEXIBLE A1-B1 98H16 WITH STEP,Zirkonzahn,digital-manufacturing,pmma-blank,material,approved_rule,legacy_category_rule,,unmatched,false,,材料,材料,PMMA 塊
ZZ-TMAE6120,TEMP PREMIUM FLEXIBLE A1-B1 98H20 WITH STEP,Zirkonzahn,digital-manufacturing,pmma-blank,material,approved_rule,legacy_category_rule,,unmatched,false,,材料,材料,PMMA 塊
ZZ-TMAE6216,TEMP PREMIUM FLEXIBLE A2-B2 98H16 WITH STEP,Zirkonzahn,digital-manufacturing,pmma-blank,material,approved_rule,legacy_category_rule,,unmatched,false,,材料,材料,PMMA 塊
ZZ-TMAE6220,TEMP PREMIUM FLEXIBLE A2-B2 98H20 WITH STEP,Zirkonzahn,digital-manufacturing,pmma-blank,material,approved_rule,legacy_category_rule,,unmatched,false,,材料,材料,PMMA 塊
ZZ-TMAE8116,TEMP PREMIUM FLEXIBLE TRANSPA 98H16 WITH STEP,Zirkonzahn,digital-manufacturing,pmma-blank,material,approved_rule,legacy_category_rule,,unmatched,false,,材料,材料,PMMA 塊
ZZ-TMAE8120,TEMP PREMIUM FLEXIBLE TRANSPA 98H20 WITH STEP,Zirkonzahn,digital-manufacturing,pmma-blank,material,approved_rule,legacy_category_rule,,unmatched,false,,材料,材料,PMMA 塊
ZZ-TMAH0112,Tecno Med 95H12,Zirkonzahn,digital-manufacturing,pmma-blank,material,approved_rule,legacy_category_rule,,unmatched,false,,材料,材料,PMMA 塊
ZZ-TMAH0116,Tecno Med 95H16,Zirkonzahn,digital-manufacturing,pmma-blank,material,approved_rule,legacy_category_rule,,unmatched,false,,材料,材料,PMMA 塊
ZZ-TMAH0120,Tecno Med 95H20,Zirkonzahn,digital-manufacturing,pmma-blank,material,approved_rule,legacy_category_rule,,unmatched,false,,材料,材料,PMMA 塊
ZZ-TMAH0125,Tecno Med 95H25,Zirkonzahn,digital-manufacturing,pmma-blank,material,approved_rule,legacy_category_rule,,unmatched,false,,材料,材料,PMMA 塊
ZZ-TMAH6116,TECNO MED 98H16,Zirkonzahn,digital-manufacturing,pmma-blank,material,approved_rule,legacy_category_rule,,unmatched,false,,材料,材料,PMMA 塊
ZZ-TMAO0120,MULTISTRATUMR FLEXIBLE A1-A2 95H20,Zirkonzahn,digital-manufacturing,pmma-blank,material,approved_rule,legacy_category_rule,,unmatched,false,,材料,材料,PMMA 塊
ZZ-TMAO0125,MULTISTRATUMR FLEXIBLE A1-A2 95H25,Zirkonzahn,digital-manufacturing,pmma-blank,material,approved_rule,legacy_category_rule,,unmatched,false,,材料,材料,PMMA 塊
ZZ-TMAO0316,MULTISTRATUMR FLEXIBLE A3 95H16,Zirkonzahn,digital-manufacturing,pmma-blank,material,approved_rule,legacy_category_rule,,unmatched,false,,材料,材料,PMMA 塊
ZZ-TMAO0320,MULTISTRATUMR FLEXIBLE A3 95H20,Zirkonzahn,digital-manufacturing,pmma-blank,material,approved_rule,legacy_category_rule,,unmatched,false,,材料,材料,PMMA 塊
ZZ-TMAR0216,SCREW BLANK A2-B2 95H16,Zirkonzahn,fixed-restorative,ceramic-material,material,approved_rule,legacy_category_rule,,unmatched,false,,材料,材料,瓷粉 / 陶瓷
ZZ-TMAY12529,MODEL BLANK H29,Zirkonzahn,fixed-restorative,ceramic-material,material,approved_rule,legacy_category_rule,,unmatched,false,,材料,材料,瓷粉 / 陶瓷
ZZ-TMAY12534,MODEL BLANK H34,Zirkonzahn,fixed-restorative,ceramic-material,material,approved_rule,legacy_category_rule,,unmatched,false,,材料,材料,瓷粉 / 陶瓷
ZZ-ZBAC2111,Anodizing Powder 電解粉,Zirkonzahn,fixed-restorative,ceramic-material,material,approved_rule,legacy_category_rule,,unmatched,false,,材料,材料,瓷粉 / 陶瓷
ZZ-ZBAC2116,Etching Powder 清潔粉(50g),Zirkonzahn,lab-production,process-liquid,consumable,approved_rule,legacy_category_rule,,unmatched,false,,藥液,輔助工具,專用液 / 藥劑
ZZ-ZBAC2118,Cooling Lubricant Milling 冷卻液(1L),Zirkonzahn,digital-manufacturing,milling-machine,equipment,approved_rule,legacy_category_rule,,unmatched,false,,設備,設備,車機 / 研磨機
ZZ-ZBAC2161,Orbit Cleaning Liquid 清潔液(100ml),Zirkonzahn,lab-equipment,cleaning-dust-control,equipment,needs_review,researched_unresolved,,unmatched,true,ambiguous_legacy_category,藥液,耗材,清潔 / 吸塵
ZZ-ZBAC2171,Clip Anodizer,Zirkonzahn,fixed-restorative,ceramic-material,material,approved_rule,legacy_category_rule,,unmatched,false,,材料,材料,瓷粉 / 陶瓷
ZZ-ZBAD0132,Set Scanmarker 3.5/4.0,Zirkonzahn,digital-manufacturing,scanner,equipment,approved_rule,legacy_category_rule,,unmatched,false,,設備,設備,掃描儀
ZZ-ZBAD0133,Set Scanmarker 4.5/5.0,Zirkonzahn,digital-manufacturing,scanner,equipment,approved_rule,legacy_category_rule,,unmatched,false,,設備,設備,掃描儀
ZZ-ZBAD0231,Nobel-Branemark Scanmarker 3.5,Zirkonzahn,digital-manufacturing,scanner,equipment,approved_rule,legacy_category_rule,,unmatched,false,,設備,設備,掃描儀
ZZ-ZBAD0232,Nobel-Branemark Scanmarker 4.1,Zirkonzahn,digital-manufacturing,scanner,equipment,approved_rule,legacy_category_rule,,unmatched,false,,設備,設備,掃描儀
ZZ-ZBAD0233,Nobel-Branemark Scanmarker 5.1,Zirkonzahn,digital-manufacturing,scanner,equipment,approved_rule,legacy_category_rule,,unmatched,false,,設備,設備,掃描儀
ZZ-ZBAD0331,Noble-Scanmarker 3.5,Zirkonzahn,digital-manufacturing,scanner,equipment,approved_rule,legacy_category_rule,,unmatched,false,,設備,設備,掃描儀
ZZ-ZBAD0332,Noble-Scanmarker 4.3,Zirkonzahn,digital-manufacturing,scanner,equipment,approved_rule,legacy_category_rule,,unmatched,false,,設備,設備,掃描儀
ZZ-ZBAD0333,Noble-Scanmarker 5.0,Zirkonzahn,digital-manufacturing,scanner,equipment,approved_rule,legacy_category_rule,,unmatched,false,,設備,設備,掃描儀
ZZ-ZBAD0334,Noble-Scanmarker 6.0,Zirkonzahn,digital-manufacturing,scanner,equipment,approved_rule,legacy_category_rule,,unmatched,false,,設備,設備,掃描儀
ZZ-ZBAD0431,Nobel Biocare Set Scanmarker NP-RP,Zirkonzahn,digital-manufacturing,scanner,equipment,approved_rule,legacy_category_rule,,unmatched,false,,設備,設備,掃描儀
ZZ-ZBAD0432,Nobel Biocare Set Scanmarker WP,Zirkonzahn,digital-manufacturing,scanner,equipment,approved_rule,legacy_category_rule,,unmatched,false,,設備,設備,掃描儀
ZZ-ZBAD0531,ST-BL-SM RC3.3(Scanmarker and screw),Zirkonzahn,digital-manufacturing,scanner,equipment,approved_rule,legacy_category_rule,,unmatched,false,,設備,設備,掃描儀
ZZ-ZBAD0532,ST-BL-SM RC4.1(Scanmarker and screw),Zirkonzahn,digital-manufacturing,scanner,equipment,approved_rule,legacy_category_rule,,unmatched,false,,設備,設備,掃描儀
ZZ-ZBAD0533,Set Scanmarker SC,Zirkonzahn,digital-manufacturing,scanner,equipment,approved_rule,legacy_category_rule,,unmatched,false,,設備,設備,掃描儀
ZZ-ZBAD0631,Straumann-Scanmarker NN3.5,Zirkonzahn,digital-manufacturing,scanner,equipment,approved_rule,legacy_category_rule,,unmatched,false,,設備,設備,掃描儀
ZZ-ZBAD0632,Straumann-Scanmarker RN4.8,Zirkonzahn,digital-manufacturing,scanner,equipment,approved_rule,legacy_category_rule,,unmatched,false,,設備,設備,掃描儀
ZZ-ZBAD0633,Straumann-Scanmarker WN6.5,Zirkonzahn,digital-manufacturing,scanner,equipment,approved_rule,legacy_category_rule,,unmatched,false,,設備,設備,掃描儀
ZZ-ZBAD0642,Straumann-Scanmarker RN4.8,Zirkonzahn,digital-manufacturing,scanner,equipment,approved_rule,legacy_category_rule,,unmatched,false,,設備,設備,掃描儀
ZZ-ZBAD0643,Straumann-Scanmarker WN6.5,Zirkonzahn,digital-manufacturing,scanner,equipment,approved_rule,legacy_category_rule,,unmatched,false,,設備,設備,掃描儀
ZZ-ZBAD0831,Set ZZ Base B-C-SM 3.4 (Scanmarker),Zirkonzahn,clinical-tools,implant-component,accessory,approved_rule,researched_sku_rule,,unmatched,false,,藥液,輔助工具,植體配件
ZZ-ZBAD0832,Set ZZ Base B-C-SM 4.1 (Scanmarker),Zirkonzahn,clinical-tools,implant-component,accessory,approved_rule,researched_sku_rule,,unmatched,false,,藥液,輔助工具,植體配件
ZZ-ZBAD0833,Set ZZ Base B-C-SM 5.0 (Scanmarker),Zirkonzahn,clinical-tools,implant-component,accessory,approved_rule,researched_sku_rule,,unmatched,false,,藥液,輔助工具,植體配件
ZZ-ZBAD0931,Biomet 3i-Scanmarker 3.4,Zirkonzahn,digital-manufacturing,scanner,equipment,approved_rule,legacy_category_rule,,unmatched,false,,設備,設備,掃描儀
ZZ-ZBAD0932,Biomet 3i-Scanmarker 4.1,Zirkonzahn,digital-manufacturing,scanner,equipment,approved_rule,legacy_category_rule,,unmatched,false,,設備,設備,掃描儀
ZZ-ZBAD0933,Set Scanmarker 5.0,Zirkonzahn,digital-manufacturing,scanner,equipment,approved_rule,legacy_category_rule,,unmatched,false,,設備,設備,掃描儀
ZZ-ZBAD1032,Xive & Scanmarker 3.8,Zirkonzahn,digital-manufacturing,scanner,equipment,approved_rule,legacy_category_rule,,unmatched,false,,設備,設備,掃描儀
ZZ-ZBAD1033,Xive & Frialit-Scanmarker 4.5,Zirkonzahn,digital-manufacturing,scanner,equipment,approved_rule,legacy_category_rule,,unmatched,false,,設備,設備,掃描儀
ZZ-ZBAD1034,Set Scanmarker 5.5,Zirkonzahn,digital-manufacturing,scanner,equipment,approved_rule,legacy_category_rule,,unmatched,false,,設備,設備,掃描儀
ZZ-ZBAD1131,Zimmer-Scanmarker 3.5,Zirkonzahn,digital-manufacturing,scanner,equipment,approved_rule,legacy_category_rule,,unmatched,false,,設備,設備,掃描儀
ZZ-ZBAD1132,Zimmer-Scanmarker 4.5,Zirkonzahn,digital-manufacturing,scanner,equipment,approved_rule,legacy_category_rule,,unmatched,false,,設備,設備,掃描儀
ZZ-ZBAD1231,SIC-Scanmarker 3.3,Zirkonzahn,digital-manufacturing,scanner,equipment,approved_rule,legacy_category_rule,,unmatched,false,,設備,設備,掃描儀
ZZ-ZBAD1232,SIC-Scanmarker 4.2,Zirkonzahn,digital-manufacturing,scanner,equipment,approved_rule,legacy_category_rule,,unmatched,false,,設備,設備,掃描儀
ZZ-ZBAD1831,Alpha-Scanmarker 3.75,Zirkonzahn,digital-manufacturing,scanner,equipment,approved_rule,legacy_category_rule,,unmatched,false,,設備,設備,掃描儀
ZZ-ZBAD2035,Camlog-Scanmarker 6.0,Zirkonzahn,digital-manufacturing,scanner,equipment,approved_rule,legacy_category_rule,,unmatched,false,,設備,設備,掃描儀
ZZ-ZBAD2431,Noble-Set Scanmarker NP,Zirkonzahn,digital-manufacturing,scanner,equipment,approved_rule,legacy_category_rule,,unmatched,false,,設備,設備,掃描儀
ZZ-ZBAD2432,Noble-Set Scanmarker RP,Zirkonzahn,digital-manufacturing,scanner,equipment,approved_rule,legacy_category_rule,,unmatched,false,,設備,設備,掃描儀
ZZ-ZBAD2433,Noble-Set Scanmarker 3.0,Zirkonzahn,digital-manufacturing,scanner,equipment,approved_rule,legacy_category_rule,,unmatched,false,,設備,設備,掃描儀
ZZ-ZBAD3031,F-DA-Scanmarker 3.5,Zirkonzahn,digital-manufacturing,scanner,equipment,approved_rule,legacy_category_rule,,unmatched,false,,設備,設備,掃描儀
ZZ-ZBAD3731,Set Scanmarker 3.0,Zirkonzahn,digital-manufacturing,scanner,equipment,approved_rule,legacy_category_rule,,unmatched,false,,設備,設備,掃描儀
ZZ-ZBAD3732,Set Scanmarker 3.5,Zirkonzahn,digital-manufacturing,scanner,equipment,approved_rule,legacy_category_rule,,unmatched,false,,設備,設備,掃描儀
ZZ-ZBAD4231,OS-GS-SM Scanmarker and Screw 4.0/4.5/5.0,Zirkonzahn,digital-manufacturing,scanner,equipment,approved_rule,legacy_category_rule,,unmatched,false,,設備,設備,掃描儀
ZZ-ZBAD4232,Set Scanmarker Ø 3.5,Zirkonzahn,digital-manufacturing,scanner,equipment,approved_rule,legacy_category_rule,,unmatched,false,,設備,設備,掃描儀
ZZ-ZBAD4332,OS-US-SM Scanmarker and Screw 4.1,Zirkonzahn,digital-manufacturing,scanner,equipment,approved_rule,legacy_category_rule,,unmatched,false,,設備,設備,掃描儀
ZZ-ZBAD4831,D-I-SM Scanmarker and Screw 3.4,Zirkonzahn,digital-manufacturing,scanner,equipment,approved_rule,legacy_category_rule,,unmatched,false,,設備,設備,掃描儀
ZZ-ZBAD4833,D-I-SM-Scanmarker and Screw 4.3,Zirkonzahn,digital-manufacturing,scanner,equipment,approved_rule,legacy_category_rule,,unmatched,false,,設備,設備,掃描儀
ZZ-ZBAD4931,Set Scanmarker 4.5,Zirkonzahn,digital-manufacturing,scanner,equipment,approved_rule,legacy_category_rule,,unmatched,false,,設備,設備,掃描儀
ZZ-ZBAD6831,Set Scanmarker 3.5 - 8.0,Zirkonzahn,digital-manufacturing,scanner,equipment,approved_rule,legacy_category_rule,,unmatched,false,,設備,設備,掃描儀
ZZ-ZBAD7632,Set Scanmarker 3.6,Zirkonzahn,digital-manufacturing,scanner,equipment,approved_rule,legacy_category_rule,,unmatched,false,,設備,設備,掃描儀
ZZ-ZBAD7633,Set Scanmarker 4.2,Zirkonzahn,digital-manufacturing,scanner,equipment,approved_rule,legacy_category_rule,,unmatched,false,,設備,設備,掃描儀
ZZ-ZBAD7731,Multi Unit Abutment Scanmarker                        Scanmarker,Zirkonzahn,digital-manufacturing,scanner,equipment,approved_rule,legacy_category_rule,,unmatched,false,,設備,設備,掃描儀
ZZ-ZBAD8032,Set Scanmarker 4.6,Zirkonzahn,digital-manufacturing,scanner,equipment,approved_rule,legacy_category_rule,,unmatched,false,,設備,設備,掃描儀
ZZ-ZBAD8231,Balance Base Abutment Narrow,Zirkonzahn,clinical-tools,implant-component,accessory,approved_rule,researched_sku_rule,,unmatched,false,,藥液,輔助工具,植體配件
ZZ-ZBAD8731,Set Scanmarker 3.0,Zirkonzahn,digital-manufacturing,scanner,equipment,approved_rule,legacy_category_rule,,unmatched,false,,設備,設備,掃描儀
ZZ-ZBCD0131,Set White Scanmarker  3.0,Zirkonzahn,digital-manufacturing,scanner,equipment,approved_rule,legacy_category_rule,,unmatched,false,,設備,設備,掃描儀
ZZ-ZBCD0132,Set White Scanmarker 3.5/4.0,Zirkonzahn,digital-manufacturing,scanner,equipment,approved_rule,legacy_category_rule,,unmatched,false,,設備,設備,掃描儀
ZZ-ZBCD0133,Set White Scanmarker 4.5/5.0,Zirkonzahn,digital-manufacturing,scanner,equipment,approved_rule,legacy_category_rule,,unmatched,false,,設備,設備,掃描儀
ZZ-ZBCD0233,SET ZZ White Scanmarker 5.1,Zirkonzahn,digital-manufacturing,scanner,equipment,approved_rule,legacy_category_rule,,unmatched,false,,設備,設備,掃描儀
ZZ-ZBCD0432,SET ZZ White Scanmarker and screw,Zirkonzahn,digital-manufacturing,scanner,equipment,approved_rule,legacy_category_rule,,unmatched,false,,設備,設備,掃描儀
ZZ-ZBCD0632,SET ZZ BASE ST-SO-WSM RN 4.8 (White Scanmarker and screw),Zirkonzahn,clinical-tools,implant-component,accessory,approved_rule,researched_sku_rule,,unmatched,false,,藥液,輔助工具,植體配件
ZZ-ZBCD0832,BioMate 3i 4.1 (Scanbodies),Zirkonzahn,digital-manufacturing,scanner,equipment,approved_rule,legacy_category_rule,,unmatched,false,,設備,設備,掃描儀
ZZ-ZBCD0833,BioMate 3i 5.0 (Scanbodies),Zirkonzahn,digital-manufacturing,scanner,equipment,approved_rule,legacy_category_rule,,unmatched,false,,設備,設備,掃描儀
ZZ-ZBCD0931,Set White Scanmarker Ø 3.4,Zirkonzahn,digital-manufacturing,scanner,equipment,approved_rule,legacy_category_rule,,unmatched,false,,設備,設備,掃描儀
ZZ-ZBCD0932,Set White Scanmarker Ø 4.1,Zirkonzahn,digital-manufacturing,scanner,equipment,approved_rule,legacy_category_rule,,unmatched,false,,設備,設備,掃描儀
ZZ-ZBCD0933,Set White Scanmarker Ø 5.0,Zirkonzahn,digital-manufacturing,scanner,equipment,approved_rule,legacy_category_rule,,unmatched,false,,設備,設備,掃描儀
ZZ-ZBCD1031,Spare Part F-DX-WSM 3.4 (Screw),Zirkonzahn,clinical-tools,implant-component,spare_part,approved_rule,researched_sku_rule,,unmatched,false,,材料,耗材,設備配件
ZZ-ZBCD1032,Set White Scanmarker Ø 3.8,Zirkonzahn,digital-manufacturing,scanner,equipment,approved_rule,legacy_category_rule,,unmatched,false,,設備,設備,掃描儀
ZZ-ZBCD1033,Spare Part F-DX-WSM 4.5 (Screw),Zirkonzahn,clinical-tools,implant-component,spare_part,approved_rule,researched_sku_rule,,unmatched,false,,材料,耗材,設備配件
ZZ-ZBCD1034,Spare Part F-DX-WSM 5.5 (Screw),Zirkonzahn,clinical-tools,implant-component,spare_part,approved_rule,researched_sku_rule,,unmatched,false,,材料,耗材,設備配件
ZZ-ZBCD1035,Spare Part F-DX-WSM 3.0 (Screw),Zirkonzahn,clinical-tools,implant-component,spare_part,approved_rule,researched_sku_rule,,unmatched,false,,材料,耗材,設備配件
ZZ-ZBCD1132,Set White Scanmarker 4.5,Zirkonzahn,digital-manufacturing,scanner,equipment,approved_rule,legacy_category_rule,,unmatched,false,,設備,設備,掃描儀
ZZ-ZBCD1831,Set White Scanmarker 3.75,Zirkonzahn,digital-manufacturing,scanner,equipment,approved_rule,legacy_category_rule,,unmatched,false,,設備,設備,掃描儀
ZZ-ZBCD1832,Set White Scanmarker TC,Zirkonzahn,digital-manufacturing,scanner,equipment,approved_rule,legacy_category_rule,,unmatched,false,,設備,設備,掃描儀
ZZ-ZBCD2432,Set White Scanmarker RP,Zirkonzahn,digital-manufacturing,scanner,equipment,approved_rule,legacy_category_rule,,unmatched,false,,設備,設備,掃描儀
ZZ-ZBCD2433,Set White Scanmarker CC 3.0,Zirkonzahn,digital-manufacturing,scanner,equipment,approved_rule,legacy_category_rule,,unmatched,false,,設備,設備,掃描儀
ZZ-ZBCD3731,Set White Scanmarker 3.0,Zirkonzahn,digital-manufacturing,scanner,equipment,approved_rule,legacy_category_rule,,unmatched,false,,設備,設備,掃描儀
ZZ-ZBCD3731L,Set White Scanmarker 3.0,Zirkonzahn,digital-manufacturing,scanner,equipment,approved_rule,legacy_category_rule,,unmatched,false,,設備,設備,掃描儀
ZZ-ZBCD3732,Set White Scanmarker 3.5,Zirkonzahn,digital-manufacturing,scanner,equipment,approved_rule,legacy_category_rule,,unmatched,false,,設備,設備,掃描儀
ZZ-ZBCD4231,Set White Scanmarker 4.0/4.5/5.0,Zirkonzahn,digital-manufacturing,scanner,equipment,approved_rule,legacy_category_rule,,unmatched,false,,設備,設備,掃描儀
ZZ-ZBCD4232,Set White Scanmarker 3.5,Zirkonzahn,digital-manufacturing,scanner,equipment,approved_rule,legacy_category_rule,,unmatched,false,,設備,設備,掃描儀
ZZ-ZBCD5036,SET ZZ BASE BE-SE-S/RI-WSM MP(White Scanmarker and screw),Zirkonzahn,clinical-tools,implant-component,accessory,approved_rule,researched_sku_rule,,unmatched,false,,藥液,輔助工具,植體配件
ZZ-ZBCD7636,Set White Scanmarker,Zirkonzahn,digital-manufacturing,scanner,equipment,approved_rule,legacy_category_rule,,unmatched,false,,設備,設備,掃描儀
ZZ-ZBCD8031,Straumann 3.5 scanbody,Zirkonzahn,digital-manufacturing,scanner,equipment,approved_rule,legacy_category_rule,,unmatched,false,,設備,設備,掃描儀
ZZ-ZBCD8131,Set White Scanmark  Sq,Zirkonzahn,digital-manufacturing,scanner,equipment,approved_rule,legacy_category_rule,,unmatched,false,,設備,設備,掃描儀
ZZ-ZBCD8231,Set White Scanmark Balance Base Abutment Narrow,Zirkonzahn,clinical-tools,implant-component,accessory,approved_rule,researched_sku_rule,,unmatched,false,,藥液,輔助工具,植體配件
ZZ-ZBCD8631,Set White Scanmarker MedentiBASE,Zirkonzahn,clinical-tools,implant-component,accessory,approved_rule,researched_sku_rule,,unmatched,false,,藥液,輔助工具,植體配件
ZZ-ZBCD9131,SET ZZ BASE OS-GS-WSM MA (White Scanmarker and screw),Zirkonzahn,clinical-tools,implant-component,accessory,approved_rule,researched_sku_rule,,unmatched,false,,藥液,輔助工具,植體配件
ZZ-ZBCD9231,Set White Scanmarker Zirkonzahn MUA Non Hex,Zirkonzahn,digital-manufacturing,scanner,equipment,approved_rule,legacy_category_rule,,unmatched,false,,設備,設備,掃描儀
ZZ-ZBCD9931,Set White Scanmarker Ø 4.1,Zirkonzahn,digital-manufacturing,scanner,equipment,approved_rule,legacy_category_rule,,unmatched,false,,設備,設備,掃描儀
ZZ-ZBDE0233,ScanAnalog 5.1,Zirkonzahn,digital-manufacturing,scanner,equipment,approved_rule,legacy_category_rule,,unmatched,false,,設備,設備,掃描儀
ZZ-ZBDE0431,ScanAnalog NP/RP,Zirkonzahn,digital-manufacturing,scanner,equipment,approved_rule,legacy_category_rule,,unmatched,false,,設備,設備,掃描儀
ZZ-ZBDE0432,ScanAnalog WP,Zirkonzahn,digital-manufacturing,scanner,equipment,approved_rule,legacy_category_rule,,unmatched,false,,設備,設備,掃描儀
ZZ-ZBDE0532,ScanAnalog ψRCψ4.1,Zirkonzahn,digital-manufacturing,scanner,equipment,approved_rule,legacy_category_rule,,unmatched,false,,設備,設備,掃描儀
ZZ-ZBDE0632,ScanAnalog 4.8,Zirkonzahn,digital-manufacturing,scanner,equipment,approved_rule,legacy_category_rule,,unmatched,false,,設備,設備,掃描儀
ZZ-ZBDE0633,ScanAnalog 6.5,Zirkonzahn,digital-manufacturing,scanner,equipment,approved_rule,legacy_category_rule,,unmatched,false,,設備,設備,掃描儀
ZZ-ZBDE0831,ScanAnalog 3.4,Zirkonzahn,digital-manufacturing,scanner,equipment,approved_rule,legacy_category_rule,,unmatched,false,,設備,設備,掃描儀
ZZ-ZBDE0832,ScanAnalog 4.1,Zirkonzahn,digital-manufacturing,scanner,equipment,approved_rule,legacy_category_rule,,unmatched,false,,設備,設備,掃描儀
ZZ-ZBDE0833,ScanAnalog 5.0,Zirkonzahn,digital-manufacturing,scanner,equipment,approved_rule,legacy_category_rule,,unmatched,false,,設備,設備,掃描儀
ZZ-ZBDE1032,XIVER ScanAnalog,Zirkonzahn,digital-manufacturing,scanner,equipment,approved_rule,legacy_category_rule,,unmatched,false,,設備,設備,掃描儀
ZZ-ZBDE1131,ScanAnalog Φ3.5,Zirkonzahn,digital-manufacturing,scanner,equipment,approved_rule,legacy_category_rule,,unmatched,false,,設備,設備,掃描儀
ZZ-ZBDE1132,ScanAnalog Φ4.5,Zirkonzahn,digital-manufacturing,scanner,equipment,approved_rule,legacy_category_rule,,unmatched,false,,設備,設備,掃描儀
ZZ-ZBDE2431,ScanAnalog NP,Zirkonzahn,digital-manufacturing,scanner,equipment,approved_rule,legacy_category_rule,,unmatched,false,,設備,設備,掃描儀
ZZ-ZBDE2432,ScanAnalog RP,Zirkonzahn,digital-manufacturing,scanner,equipment,approved_rule,legacy_category_rule,,unmatched,false,,設備,設備,掃描儀
ZZ-ZBDE2433,ScanAnalog CC 3.0,Zirkonzahn,digital-manufacturing,scanner,equipment,approved_rule,legacy_category_rule,,unmatched,false,,設備,設備,掃描儀
ZZ-ZBDE4231,ScanAnalog Φ4.0/4.5/5.0,Zirkonzahn,digital-manufacturing,scanner,equipment,approved_rule,legacy_category_rule,,unmatched,false,,設備,設備,掃描儀
ZZ-ZBDE4232,ScanAnalog Φ3.5,Zirkonzahn,digital-manufacturing,scanner,equipment,approved_rule,legacy_category_rule,,unmatched,false,,設備,設備,掃描儀
ZZ-ZBDE4931,ScanAnalog Φ4.5,Zirkonzahn,digital-manufacturing,scanner,equipment,approved_rule,legacy_category_rule,,unmatched,false,,設備,設備,掃描儀
ZZ-ZBDE7636,ASTRA ScanAnalog,Zirkonzahn,digital-manufacturing,scanner,equipment,approved_rule,legacy_category_rule,,unmatched,false,,設備,設備,掃描儀
ZZ-ZBDE8231,ScanAnalog Balance Base Abutment,Zirkonzahn,clinical-tools,implant-component,accessory,approved_rule,researched_sku_rule,,unmatched,false,,藥液,輔助工具,植體配件
ZZ-ZBDE9131,ScanAnalog Multi Abutment,Zirkonzahn,digital-manufacturing,scanner,equipment,approved_rule,legacy_category_rule,,unmatched,false,,設備,設備,掃描儀
ZZ-ZBDE9231L12,Set White Metal Scanmarker L12 Zirkonzahn MUA Non Hex,Zirkonzahn,digital-manufacturing,scanner,equipment,approved_rule,legacy_category_rule,,unmatched,false,,設備,設備,掃描儀
ZZ-ZBED0131L12,Set White Metal Scanmarker L12 Ø 3.0,Zirkonzahn,digital-manufacturing,scanner,equipment,approved_rule,legacy_category_rule,,unmatched,false,,設備,設備,掃描儀
ZZ-ZBED0132L10,Set White Metal Scanmarker L10 Ø 3.5/4.0,Zirkonzahn,digital-manufacturing,scanner,equipment,approved_rule,legacy_category_rule,,unmatched,false,,設備,設備,掃描儀
ZZ-ZBED0132L12,Set White Metal Scanmarker L12 Ø 3.5/4.0,Zirkonzahn,digital-manufacturing,scanner,equipment,approved_rule,legacy_category_rule,,unmatched,false,,設備,設備,掃描儀
ZZ-ZBED0133L10,Set White Metal Scanmarker L10 Ø 4.5/5.0,Zirkonzahn,digital-manufacturing,scanner,equipment,approved_rule,legacy_category_rule,,unmatched,false,,設備,設備,掃描儀
ZZ-ZBED0133L12,Set White Metal Scanmarker L12 Ø 4.5/5.0,Zirkonzahn,digital-manufacturing,scanner,equipment,approved_rule,legacy_category_rule,,unmatched,false,,設備,設備,掃描儀
ZZ-ZBED0431L10,Set White Metal Scanmarker L10 NP-RP,Zirkonzahn,digital-manufacturing,scanner,equipment,approved_rule,legacy_category_rule,,unmatched,false,,設備,設備,掃描儀
ZZ-ZBED0431L12,Set White Metal Scanmarker L12 NP-RP,Zirkonzahn,digital-manufacturing,scanner,equipment,approved_rule,legacy_category_rule,,unmatched,false,,設備,設備,掃描儀
ZZ-ZBED0431L15,Set White Metal Scanmarker L15 NP-RP,Zirkonzahn,digital-manufacturing,scanner,equipment,approved_rule,legacy_category_rule,,unmatched,false,,設備,設備,掃描儀
ZZ-ZBED0432L12,Set White Metal Scanmarker L12 WP,Zirkonzahn,digital-manufacturing,scanner,equipment,approved_rule,legacy_category_rule,,unmatched,false,,設備,設備,掃描儀
ZZ-ZBED0632L12,Set White Metal Scanmarker L12 RN4.8,Zirkonzahn,digital-manufacturing,scanner,equipment,approved_rule,legacy_category_rule,,unmatched,false,,設備,設備,掃描儀
ZZ-ZBED0831L12,Set White Metal Scanmarker L12 3.4,Zirkonzahn,digital-manufacturing,scanner,equipment,approved_rule,legacy_category_rule,,unmatched,false,,設備,設備,掃描儀
ZZ-ZBED0832L12,Set White Metal Scanmarker L12 4.1,Zirkonzahn,digital-manufacturing,scanner,equipment,approved_rule,legacy_category_rule,,unmatched,false,,設備,設備,掃描儀
ZZ-ZBED0833L12,Set White Metal Scanmarker L12 5.0,Zirkonzahn,digital-manufacturing,scanner,equipment,approved_rule,legacy_category_rule,,unmatched,false,,設備,設備,掃描儀
ZZ-ZBED1131L10,Set White Metal Scanmarker L10 3.5,Zirkonzahn,digital-manufacturing,scanner,equipment,approved_rule,legacy_category_rule,,unmatched,false,,設備,設備,掃描儀
ZZ-ZBED1131L12,Set White Metal Scanmarker L12 4.5,Zirkonzahn,digital-manufacturing,scanner,equipment,approved_rule,legacy_category_rule,,unmatched,false,,設備,設備,掃描儀
ZZ-ZBED1132L10,Set White Metal Scanmarker L10  4.5,Zirkonzahn,digital-manufacturing,scanner,equipment,approved_rule,legacy_category_rule,,unmatched,false,,設備,設備,掃描儀
ZZ-ZBED1132L12,Set White Metal Scanmarker L12 4.5,Zirkonzahn,digital-manufacturing,scanner,equipment,approved_rule,legacy_category_rule,,unmatched,false,,設備,設備,掃描儀
ZZ-ZBED14131L2,Set White Metal Scanmarker L12 RB/WB,Zirkonzahn,digital-manufacturing,scanner,equipment,approved_rule,legacy_category_rule,,unmatched,false,,設備,設備,掃描儀
ZZ-ZBED2431L10,Set White Metal Scanmarker L10 NP,Zirkonzahn,digital-manufacturing,scanner,equipment,approved_rule,legacy_category_rule,,unmatched,false,,設備,設備,掃描儀
ZZ-ZBED2431L12,Set White Metal Scanmarker L12 NP,Zirkonzahn,digital-manufacturing,scanner,equipment,approved_rule,legacy_category_rule,,unmatched,false,,設備,設備,掃描儀
ZZ-ZBED2431L15,Set White Metal Scanmarker L15 NP,Zirkonzahn,digital-manufacturing,scanner,equipment,approved_rule,legacy_category_rule,,unmatched,false,,設備,設備,掃描儀
ZZ-ZBED2432L10,Set White Metal Scanmarker L10 RP,Zirkonzahn,digital-manufacturing,scanner,equipment,approved_rule,legacy_category_rule,,unmatched,false,,設備,設備,掃描儀
ZZ-ZBED2432L12,Set White Metal Scanmarker L12 RP,Zirkonzahn,digital-manufacturing,scanner,equipment,approved_rule,legacy_category_rule,,unmatched,false,,設備,設備,掃描儀
ZZ-ZBED2432L15,Set White Metal Scanmarker L15 RP,Zirkonzahn,digital-manufacturing,scanner,equipment,approved_rule,legacy_category_rule,,unmatched,false,,設備,設備,掃描儀
ZZ-ZBED2433L12,Set White Metal Scanmarker L12 CC 3.0,Zirkonzahn,digital-manufacturing,scanner,equipment,approved_rule,legacy_category_rule,,unmatched,false,,設備,設備,掃描儀
ZZ-ZBED2433L15,Set White Metal Scanmarker L15 CC 3.0,Zirkonzahn,digital-manufacturing,scanner,equipment,approved_rule,legacy_category_rule,,unmatched,false,,設備,設備,掃描儀
ZZ-ZBED3731L,Set White Metal Scanmarker 3.0,Zirkonzahn,digital-manufacturing,scanner,equipment,approved_rule,legacy_category_rule,,unmatched,false,,設備,設備,掃描儀
ZZ-ZBED3731L12,Set White Metal Scanmarker 3.0,Zirkonzahn,digital-manufacturing,scanner,equipment,approved_rule,legacy_category_rule,,unmatched,false,,設備,設備,掃描儀
ZZ-ZBED3732L,Set White Metal Scanmarker 3.5,Zirkonzahn,digital-manufacturing,scanner,equipment,approved_rule,legacy_category_rule,,unmatched,false,,設備,設備,掃描儀
ZZ-ZBED3732L12,Set White Metal Scanmarker 3.5,Zirkonzahn,digital-manufacturing,scanner,equipment,approved_rule,legacy_category_rule,,unmatched,false,,設備,設備,掃描儀
ZZ-ZBED4232L12,Set White Metal Scanmarker L12 Ø 3.5,Zirkonzahn,digital-manufacturing,scanner,equipment,approved_rule,legacy_category_rule,,unmatched,false,,設備,設備,掃描儀
ZZ-ZBED4731L12,Set White Metal Scanmarker L12  3.3,Zirkonzahn,digital-manufacturing,scanner,equipment,approved_rule,legacy_category_rule,,unmatched,false,,設備,設備,掃描儀
ZZ-ZBED4733L12,Set White Metal Scanmarker L12  4.3,Zirkonzahn,digital-manufacturing,scanner,equipment,approved_rule,legacy_category_rule,,unmatched,false,,設備,設備,掃描儀
ZZ-ZBED8032L12,Set White Metal Scanmarker L12 Ø 4.6,Zirkonzahn,digital-manufacturing,scanner,equipment,approved_rule,legacy_category_rule,,unmatched,false,,設備,設備,掃描儀
ZZ-ZBED9231L12,"Set White Metal Scanmarker L12 Zirkonzahn MUA Non Hex
Non Hex",Zirkonzahn,digital-manufacturing,scanner,equipment,approved_rule,legacy_category_rule,,unmatched,false,,設備,設備,掃描儀
ZZ-ZBEDO133L12,Set White Metal Scanmarker L12-Ø 4.5/5.0,Zirkonzahn,digital-manufacturing,scanner,equipment,approved_rule,legacy_category_rule,,unmatched,false,,設備,設備,掃描儀
ZZ-ZBZA0101,Workbench 工作桌(M2 Dual),Zirkonzahn,lab-equipment,workbench,equipment,approved_rule,researched_sku_rule,,unmatched,false,,工具,設備,技工桌
ZZ-ZBZA0112,Workbench M2工作桌,Zirkonzahn,lab-equipment,workbench,equipment,approved_rule,researched_sku_rule,,unmatched,false,,工具,設備,技工桌
ZZ-ZRAC0931,ICE PLUS 98H20,Zirkonzahn,digital-manufacturing,zirconia-blank,material,approved_rule,legacy_category_rule,,unmatched,false,,材料,材料,氧化鋯塊
ZZ-ZRAC0951,ICE PLUS 98H22,Zirkonzahn,digital-manufacturing,zirconia-blank,material,approved_rule,legacy_category_rule,,unmatched,false,,材料,材料,氧化鋯塊
ZZ-ZRAC0971,ICE PLUS 98H25,Zirkonzahn,digital-manufacturing,zirconia-blank,material,approved_rule,legacy_category_rule,,unmatched,false,,材料,材料,氧化鋯塊
ZZ-ZRAC8051,ICE PLUS 95H20,Zirkonzahn,digital-manufacturing,zirconia-blank,material,approved_rule,legacy_category_rule,,unmatched,false,,材料,材料,氧化鋯塊
ZZ-ZRAC8061,ICE PLUS 95H22,Zirkonzahn,digital-manufacturing,zirconia-blank,material,approved_rule,legacy_category_rule,,unmatched,false,,材料,材料,氧化鋯塊
ZZ-ZRAC8101,ICE PLUS 95H25,Zirkonzahn,digital-manufacturing,zirconia-blank,material,approved_rule,legacy_category_rule,,unmatched,false,,材料,材料,氧化鋯塊
ZZ-ZRKC3101A02,Prettau 2 Dispersive 98H30 A2,Zirkonzahn,digital-manufacturing,zirconia-blank,material,approved_rule,legacy_category_rule,,unmatched,false,,材料,材料,氧化鋯塊
ZZ-ZRKC5103D04,Prettau 2 Dispersive 1H22 D4 (3pcs),Zirkonzahn,digital-manufacturing,zirconia-blank,material,approved_rule,legacy_category_rule,,unmatched,false,,材料,材料,氧化鋯塊
ZZ-ZROC01030M2,Prettau 3 Dispersive 1H16 0M2 (3pcs),Zirkonzahn,digital-manufacturing,zirconia-blank,material,approved_rule,legacy_category_rule,,unmatched,false,,材料,材料,氧化鋯塊
ZZ-ZROC09110M1,Prettau 3 98H14 0M1,Zirkonzahn,digital-manufacturing,zirconia-blank,material,approved_rule,legacy_category_rule,,unmatched,false,,材料,材料,氧化鋯塊
ZZ-ZROC09110M2,Prettau 3 98H14 0M2,Zirkonzahn,digital-manufacturing,zirconia-blank,material,approved_rule,legacy_category_rule,,unmatched,false,,材料,材料,氧化鋯塊
ZZ-ZROC09110M3,Prettau 3 98H14 0M3,Zirkonzahn,digital-manufacturing,zirconia-blank,material,approved_rule,legacy_category_rule,,unmatched,false,,材料,材料,氧化鋯塊
ZZ-ZROC0911A01,Prettau 3 98H14 A1,Zirkonzahn,digital-manufacturing,zirconia-blank,material,approved_rule,legacy_category_rule,,unmatched,false,,材料,材料,氧化鋯塊
ZZ-ZROC0911A02,Prettau 3 98H14 A2,Zirkonzahn,digital-manufacturing,zirconia-blank,material,approved_rule,legacy_category_rule,,unmatched,false,,材料,材料,氧化鋯塊
ZZ-ZROC0911A03,Prettau 3 98H14 A3,Zirkonzahn,digital-manufacturing,zirconia-blank,material,approved_rule,legacy_category_rule,,unmatched,false,,材料,材料,氧化鋯塊
ZZ-ZROC0911A04,Prettau 3 98H14 A4,Zirkonzahn,digital-manufacturing,zirconia-blank,material,approved_rule,legacy_category_rule,,unmatched,false,,材料,材料,氧化鋯塊
ZZ-ZROC0911A35,Prettau 3 98H14 A3.5,Zirkonzahn,digital-manufacturing,zirconia-blank,material,approved_rule,legacy_category_rule,,unmatched,false,,材料,材料,氧化鋯塊
ZZ-ZROC0911B01,Prettau 3 98H14 B1,Zirkonzahn,digital-manufacturing,zirconia-blank,material,approved_rule,legacy_category_rule,,unmatched,false,,材料,材料,氧化鋯塊
ZZ-ZROC0911B02,Prettau 3 98H14 B2,Zirkonzahn,digital-manufacturing,zirconia-blank,material,approved_rule,legacy_category_rule,,unmatched,false,,材料,材料,氧化鋯塊
ZZ-ZROC0911B03,Prettau 3 98H14 B3,Zirkonzahn,digital-manufacturing,zirconia-blank,material,approved_rule,legacy_category_rule,,unmatched,false,,材料,材料,氧化鋯塊
ZZ-ZROC0911B04,Prettau 3 98H14 B4,Zirkonzahn,digital-manufacturing,zirconia-blank,material,approved_rule,legacy_category_rule,,unmatched,false,,材料,材料,氧化鋯塊
ZZ-ZROC0911C01,Prettau 3 98H14 C1,Zirkonzahn,digital-manufacturing,zirconia-blank,material,approved_rule,legacy_category_rule,,unmatched,false,,材料,材料,氧化鋯塊
ZZ-ZROC0911C02,Prettau 3 98H14 C2,Zirkonzahn,digital-manufacturing,zirconia-blank,material,approved_rule,legacy_category_rule,,unmatched,false,,材料,材料,氧化鋯塊
ZZ-ZROC0911C03,Prettau 3 98H14 C3,Zirkonzahn,digital-manufacturing,zirconia-blank,material,approved_rule,legacy_category_rule,,unmatched,false,,材料,材料,氧化鋯塊
ZZ-ZROC0911C04,Prettau 3 98H14 C4,Zirkonzahn,digital-manufacturing,zirconia-blank,material,approved_rule,legacy_category_rule,,unmatched,false,,材料,材料,氧化鋯塊
ZZ-ZROC0911D02,Prettau 3 98H14 D2,Zirkonzahn,digital-manufacturing,zirconia-blank,material,approved_rule,legacy_category_rule,,unmatched,false,,材料,材料,氧化鋯塊
ZZ-ZROC0911D03,Prettau 3 98H14 D3,Zirkonzahn,digital-manufacturing,zirconia-blank,material,approved_rule,legacy_category_rule,,unmatched,false,,材料,材料,氧化鋯塊
ZZ-ZROC0911D04,Prettau 3 98H14 D4,Zirkonzahn,digital-manufacturing,zirconia-blank,material,approved_rule,legacy_category_rule,,unmatched,false,,材料,材料,氧化鋯塊
ZZ-ZROC09210M1,Prettau 3 98H18 OM1,Zirkonzahn,digital-manufacturing,zirconia-blank,material,approved_rule,legacy_category_rule,,unmatched,false,,材料,材料,氧化鋯塊
ZZ-ZROC09210M2,Prettau 3 98H18 OM2,Zirkonzahn,digital-manufacturing,zirconia-blank,material,approved_rule,legacy_category_rule,,unmatched,false,,材料,材料,氧化鋯塊
ZZ-ZROC09210M3,Prettau 3 98H18 OM3,Zirkonzahn,digital-manufacturing,zirconia-blank,material,approved_rule,legacy_category_rule,,unmatched,false,,材料,材料,氧化鋯塊
ZZ-ZROC0921A01,Prettau 3 98H18 A1,Zirkonzahn,digital-manufacturing,zirconia-blank,material,approved_rule,legacy_category_rule,,unmatched,false,,材料,材料,氧化鋯塊
ZZ-ZROC0921A02,Prettau 3 98H18 A2,Zirkonzahn,digital-manufacturing,zirconia-blank,material,approved_rule,legacy_category_rule,,unmatched,false,,材料,材料,氧化鋯塊
ZZ-ZROC0921A03,Prettau 3 98H18 A3,Zirkonzahn,digital-manufacturing,zirconia-blank,material,approved_rule,legacy_category_rule,,unmatched,false,,材料,材料,氧化鋯塊
ZZ-ZROC0921A04,Prettau 3 98H18 A4,Zirkonzahn,digital-manufacturing,zirconia-blank,material,approved_rule,legacy_category_rule,,unmatched,false,,材料,材料,氧化鋯塊
ZZ-ZROC0921A35,Prettau 3 98H18 A3.5,Zirkonzahn,digital-manufacturing,zirconia-blank,material,approved_rule,legacy_category_rule,,unmatched,false,,材料,材料,氧化鋯塊
ZZ-ZROC0921B01,Prettau 3 98H18 B1,Zirkonzahn,digital-manufacturing,zirconia-blank,material,approved_rule,legacy_category_rule,,unmatched,false,,材料,材料,氧化鋯塊
ZZ-ZROC0921B02,Prettau 3 98H18 B2,Zirkonzahn,digital-manufacturing,zirconia-blank,material,approved_rule,legacy_category_rule,,unmatched,false,,材料,材料,氧化鋯塊
ZZ-ZROC0921B03,Prettau 3 98H18 B3,Zirkonzahn,digital-manufacturing,zirconia-blank,material,approved_rule,legacy_category_rule,,unmatched,false,,材料,材料,氧化鋯塊
ZZ-ZROC0921B04,Prettau 3 98H18 B4,Zirkonzahn,digital-manufacturing,zirconia-blank,material,approved_rule,legacy_category_rule,,unmatched,false,,材料,材料,氧化鋯塊
ZZ-ZROC0921C01,Prettau 3 98H18 C1,Zirkonzahn,digital-manufacturing,zirconia-blank,material,approved_rule,legacy_category_rule,,unmatched,false,,材料,材料,氧化鋯塊
ZZ-ZROC0921C02,Prettau 3 98H18 C2,Zirkonzahn,digital-manufacturing,zirconia-blank,material,approved_rule,legacy_category_rule,,unmatched,false,,材料,材料,氧化鋯塊
ZZ-ZROC0921C03,Prettau 3 98H18 C3,Zirkonzahn,digital-manufacturing,zirconia-blank,material,approved_rule,legacy_category_rule,,unmatched,false,,材料,材料,氧化鋯塊
ZZ-ZROC0921C04,Prettau 3 98H18 C4,Zirkonzahn,digital-manufacturing,zirconia-blank,material,approved_rule,legacy_category_rule,,unmatched,false,,材料,材料,氧化鋯塊
ZZ-ZROC0921D02,Prettau 3 98H18 D2,Zirkonzahn,digital-manufacturing,zirconia-blank,material,approved_rule,legacy_category_rule,,unmatched,false,,材料,材料,氧化鋯塊
ZZ-ZROC0921D03,Prettau 3 98H18 D3,Zirkonzahn,digital-manufacturing,zirconia-blank,material,approved_rule,legacy_category_rule,,unmatched,false,,材料,材料,氧化鋯塊
ZZ-ZROC0921D04,Prettau 3 98H18 D4,Zirkonzahn,digital-manufacturing,zirconia-blank,material,approved_rule,legacy_category_rule,,unmatched,false,,材料,材料,氧化鋯塊
ZZ-ZROC0941A02,Prettau 3 98H12 A2,Zirkonzahn,digital-manufacturing,zirconia-blank,material,approved_rule,legacy_category_rule,,unmatched,false,,材料,材料,氧化鋯塊
ZZ-ZROC0941A03,Prettau 3 98H12 A3,Zirkonzahn,digital-manufacturing,zirconia-blank,material,approved_rule,legacy_category_rule,,unmatched,false,,材料,材料,氧化鋯塊
ZZ-ZROC09510M1,Prettau 3 98H22 OM1,Zirkonzahn,digital-manufacturing,zirconia-blank,material,approved_rule,legacy_category_rule,,unmatched,false,,材料,材料,氧化鋯塊
ZZ-ZROC09510M2,Prettau 3 98H22 OM2,Zirkonzahn,digital-manufacturing,zirconia-blank,material,approved_rule,legacy_category_rule,,unmatched,false,,材料,材料,氧化鋯塊
ZZ-ZROC0951A01,Prettau 3 98H22 A1,Zirkonzahn,digital-manufacturing,zirconia-blank,material,approved_rule,legacy_category_rule,,unmatched,false,,材料,材料,氧化鋯塊
ZZ-ZROC0951A02,Prettau 3 98H22 A2,Zirkonzahn,digital-manufacturing,zirconia-blank,material,approved_rule,legacy_category_rule,,unmatched,false,,材料,材料,氧化鋯塊
ZZ-ZROC0951A03,Prettau 3 98H22 A3,Zirkonzahn,digital-manufacturing,zirconia-blank,material,approved_rule,legacy_category_rule,,unmatched,false,,材料,材料,氧化鋯塊
ZZ-ZROC0951A04,Prettau 3 98H22 A4,Zirkonzahn,digital-manufacturing,zirconia-blank,material,approved_rule,legacy_category_rule,,unmatched,false,,材料,材料,氧化鋯塊
ZZ-ZROC0951A35,Prettau 3 98H22 A3.5,Zirkonzahn,digital-manufacturing,zirconia-blank,material,approved_rule,legacy_category_rule,,unmatched,false,,材料,材料,氧化鋯塊
ZZ-ZROC0951B01,Prettau 3 98H22 B1,Zirkonzahn,digital-manufacturing,zirconia-blank,material,approved_rule,legacy_category_rule,,unmatched,false,,材料,材料,氧化鋯塊
ZZ-ZROC0951B02,Prettau 3 98H22 B2,Zirkonzahn,digital-manufacturing,zirconia-blank,material,approved_rule,legacy_category_rule,,unmatched,false,,材料,材料,氧化鋯塊
ZZ-ZROC0951B03,Prettau 3 98H22 B3,Zirkonzahn,digital-manufacturing,zirconia-blank,material,approved_rule,legacy_category_rule,,unmatched,false,,材料,材料,氧化鋯塊
ZZ-ZROC0951B04,Prettau 3 98H22 B4,Zirkonzahn,digital-manufacturing,zirconia-blank,material,approved_rule,legacy_category_rule,,unmatched,false,,材料,材料,氧化鋯塊
ZZ-ZROC0951C01,Prettau 3 98H22 C1,Zirkonzahn,digital-manufacturing,zirconia-blank,material,approved_rule,legacy_category_rule,,unmatched,false,,材料,材料,氧化鋯塊
ZZ-ZROC0951C02,Prettau 3 98H22 C2,Zirkonzahn,digital-manufacturing,zirconia-blank,material,approved_rule,legacy_category_rule,,unmatched,false,,材料,材料,氧化鋯塊
ZZ-ZROC0951C03,Prettau 3 98H22 C3,Zirkonzahn,digital-manufacturing,zirconia-blank,material,approved_rule,legacy_category_rule,,unmatched,false,,材料,材料,氧化鋯塊
ZZ-ZROC0951D02,Prettau 3 98H22 D2,Zirkonzahn,digital-manufacturing,zirconia-blank,material,approved_rule,legacy_category_rule,,unmatched,false,,材料,材料,氧化鋯塊
ZZ-ZROC0951D03,Prettau 3 98H22 D3,Zirkonzahn,digital-manufacturing,zirconia-blank,material,approved_rule,legacy_category_rule,,unmatched,false,,材料,材料,氧化鋯塊
ZZ-ZROC09620M3,Prettau 3 98H16 OM3,Zirkonzahn,digital-manufacturing,zirconia-blank,material,approved_rule,legacy_category_rule,,unmatched,false,,材料,材料,氧化鋯塊
ZZ-ZROC0962A01,Prettau 3 98H16 A1,Zirkonzahn,digital-manufacturing,zirconia-blank,material,approved_rule,legacy_category_rule,,unmatched,false,,材料,材料,氧化鋯塊
ZZ-ZROC0962A02,Prettau 3 98H16 A2,Zirkonzahn,digital-manufacturing,zirconia-blank,material,approved_rule,legacy_category_rule,,unmatched,false,,材料,材料,氧化鋯塊
ZZ-ZROC0962A03,Prettau 3 98H16 A3,Zirkonzahn,digital-manufacturing,zirconia-blank,material,approved_rule,legacy_category_rule,,unmatched,false,,材料,材料,氧化鋯塊
ZZ-ZROC0962A04,Prettau 3 98H16 A4,Zirkonzahn,digital-manufacturing,zirconia-blank,material,approved_rule,legacy_category_rule,,unmatched,false,,材料,材料,氧化鋯塊
ZZ-ZROC0962A35,Prettau 3 98H16 A3.5,Zirkonzahn,digital-manufacturing,zirconia-blank,material,approved_rule,legacy_category_rule,,unmatched,false,,材料,材料,氧化鋯塊
ZZ-ZROC0962B01,Prettau 3 98H16 B1,Zirkonzahn,digital-manufacturing,zirconia-blank,material,approved_rule,legacy_category_rule,,unmatched,false,,材料,材料,氧化鋯塊
ZZ-ZROC0962B02,Prettau 3 98H16 B2,Zirkonzahn,digital-manufacturing,zirconia-blank,material,approved_rule,legacy_category_rule,,unmatched,false,,材料,材料,氧化鋯塊
ZZ-ZROC0962B03,Prettau 3 98H16 B3,Zirkonzahn,digital-manufacturing,zirconia-blank,material,approved_rule,legacy_category_rule,,unmatched,false,,材料,材料,氧化鋯塊
ZZ-ZROC0962B04,Prettau 3 98H16 B4,Zirkonzahn,digital-manufacturing,zirconia-blank,material,approved_rule,legacy_category_rule,,unmatched,false,,材料,材料,氧化鋯塊
ZZ-ZROC0962C01,Prettau 3 98H16 C1,Zirkonzahn,digital-manufacturing,zirconia-blank,material,approved_rule,legacy_category_rule,,unmatched,false,,材料,材料,氧化鋯塊
ZZ-ZROC0962C02,Prettau 3 98H16 C2,Zirkonzahn,digital-manufacturing,zirconia-blank,material,approved_rule,legacy_category_rule,,unmatched,false,,材料,材料,氧化鋯塊
ZZ-ZROC0962C03,Prettau 3 98H16 C3,Zirkonzahn,digital-manufacturing,zirconia-blank,material,approved_rule,legacy_category_rule,,unmatched,false,,材料,材料,氧化鋯塊
ZZ-ZROC0962C04,Prettau 3 98H16 C4,Zirkonzahn,digital-manufacturing,zirconia-blank,material,approved_rule,legacy_category_rule,,unmatched,false,,材料,材料,氧化鋯塊
ZZ-ZROC0962D02,Prettau 3 98H16 D2,Zirkonzahn,digital-manufacturing,zirconia-blank,material,approved_rule,legacy_category_rule,,unmatched,false,,材料,材料,氧化鋯塊
ZZ-ZROC0962OM1,Prettau 3 98H16 OM1,Zirkonzahn,digital-manufacturing,zirconia-blank,material,approved_rule,legacy_category_rule,,unmatched,false,,材料,材料,氧化鋯塊
ZZ-ZROC0962OM2,Prettau 3 98H16 OM2,Zirkonzahn,digital-manufacturing,zirconia-blank,material,approved_rule,legacy_category_rule,,unmatched,false,,材料,材料,氧化鋯塊
ZZ-ZROC09710M1,Prettau 3 98H25 OM1,Zirkonzahn,digital-manufacturing,zirconia-blank,material,approved_rule,legacy_category_rule,,unmatched,false,,材料,材料,氧化鋯塊
ZZ-ZROC0971A01,Prettau 3 98H25 A1,Zirkonzahn,digital-manufacturing,zirconia-blank,material,approved_rule,legacy_category_rule,,unmatched,false,,材料,材料,氧化鋯塊
ZZ-ZROC0971A02,Prettau 3 98H25 A2,Zirkonzahn,digital-manufacturing,zirconia-blank,material,approved_rule,legacy_category_rule,,unmatched,false,,材料,材料,氧化鋯塊
ZZ-ZROC0971A03,Prettau 3 98H25 A3,Zirkonzahn,digital-manufacturing,zirconia-blank,material,approved_rule,legacy_category_rule,,unmatched,false,,材料,材料,氧化鋯塊
ZZ-ZROC0971B01,Prettau 3 98H25 B1,Zirkonzahn,digital-manufacturing,zirconia-blank,material,approved_rule,legacy_category_rule,,unmatched,false,,材料,材料,氧化鋯塊
ZZ-ZROC51030M2,Prettau 3 Dispersive 1H22 0M2 (3pcs),Zirkonzahn,digital-manufacturing,zirconia-blank,material,approved_rule,legacy_category_rule,,unmatched,false,,材料,材料,氧化鋯塊
ZZ-ZROC8001A03,Prettau 3 95H10 A3,Zirkonzahn,digital-manufacturing,zirconia-blank,material,approved_rule,legacy_category_rule,,unmatched,false,,材料,材料,氧化鋯塊
ZZ-ZROC8011A03,Prettau 3 95H12 A3,Zirkonzahn,digital-manufacturing,zirconia-blank,material,approved_rule,legacy_category_rule,,unmatched,false,,材料,材料,氧化鋯塊
ZZ-ZROC8011B01,Prettau 3 95H12 B1,Zirkonzahn,digital-manufacturing,zirconia-blank,material,approved_rule,legacy_category_rule,,unmatched,false,,材料,材料,氧化鋯塊
ZZ-ZROC8011C02,Prettau 3 95H12 C2,Zirkonzahn,digital-manufacturing,zirconia-blank,material,approved_rule,legacy_category_rule,,unmatched,false,,材料,材料,氧化鋯塊
ZZ-ZROC8021A01,Prettau 3 95H14 A1,Zirkonzahn,digital-manufacturing,zirconia-blank,material,approved_rule,legacy_category_rule,,unmatched,false,,材料,材料,氧化鋯塊
ZZ-ZROC8021A02,Prettau 3 95H14 A2,Zirkonzahn,digital-manufacturing,zirconia-blank,material,approved_rule,legacy_category_rule,,unmatched,false,,材料,材料,氧化鋯塊
ZZ-ZROC8021A03,Prettau 3 95H14 A3,Zirkonzahn,digital-manufacturing,zirconia-blank,material,approved_rule,legacy_category_rule,,unmatched,false,,材料,材料,氧化鋯塊
ZZ-ZROC8021A04,Prettau 3 95H14 A4,Zirkonzahn,digital-manufacturing,zirconia-blank,material,approved_rule,legacy_category_rule,,unmatched,false,,材料,材料,氧化鋯塊
ZZ-ZROC8021A35,Prettau 3 95H14 A3.5,Zirkonzahn,digital-manufacturing,zirconia-blank,material,approved_rule,legacy_category_rule,,unmatched,false,,材料,材料,氧化鋯塊
ZZ-ZROC8021B01,Prettau 3 95H14 B1,Zirkonzahn,digital-manufacturing,zirconia-blank,material,approved_rule,legacy_category_rule,,unmatched,false,,材料,材料,氧化鋯塊
ZZ-ZROC8021B02,Prettau 3 95H14 B2,Zirkonzahn,digital-manufacturing,zirconia-blank,material,approved_rule,legacy_category_rule,,unmatched,false,,材料,材料,氧化鋯塊
ZZ-ZROC8021B03,Prettau 3 95H14 B3,Zirkonzahn,digital-manufacturing,zirconia-blank,material,approved_rule,legacy_category_rule,,unmatched,false,,材料,材料,氧化鋯塊
ZZ-ZROC8021B04,Prettau 3 95H14 B4,Zirkonzahn,digital-manufacturing,zirconia-blank,material,approved_rule,legacy_category_rule,,unmatched,false,,材料,材料,氧化鋯塊
ZZ-ZROC8021C01,Prettau 3 95H14 C1,Zirkonzahn,digital-manufacturing,zirconia-blank,material,approved_rule,legacy_category_rule,,unmatched,false,,材料,材料,氧化鋯塊
ZZ-ZROC8021C02,Prettau 3 95H14 C2,Zirkonzahn,digital-manufacturing,zirconia-blank,material,approved_rule,legacy_category_rule,,unmatched,false,,材料,材料,氧化鋯塊
ZZ-ZROC8021C03,Prettau 3 95H14 C3,Zirkonzahn,digital-manufacturing,zirconia-blank,material,approved_rule,legacy_category_rule,,unmatched,false,,材料,材料,氧化鋯塊
ZZ-ZROC8021C04,Prettau 3 95H14 C4,Zirkonzahn,digital-manufacturing,zirconia-blank,material,approved_rule,legacy_category_rule,,unmatched,false,,材料,材料,氧化鋯塊
ZZ-ZROC8021D02,Prettau 3 95H14 D2,Zirkonzahn,digital-manufacturing,zirconia-blank,material,approved_rule,legacy_category_rule,,unmatched,false,,材料,材料,氧化鋯塊
ZZ-ZROC8021D03,Prettau 3 95H14 D3,Zirkonzahn,digital-manufacturing,zirconia-blank,material,approved_rule,legacy_category_rule,,unmatched,false,,材料,材料,氧化鋯塊
ZZ-ZROC8021D04,Prettau 3 95H14 D4,Zirkonzahn,digital-manufacturing,zirconia-blank,material,approved_rule,legacy_category_rule,,unmatched,false,,材料,材料,氧化鋯塊
ZZ-ZROC80310M1,Prettau 3 95H16 0M1,Zirkonzahn,digital-manufacturing,zirconia-blank,material,approved_rule,legacy_category_rule,,unmatched,false,,材料,材料,氧化鋯塊
ZZ-ZROC80310M2,Prettau 3 95H16 0M2,Zirkonzahn,digital-manufacturing,zirconia-blank,material,approved_rule,legacy_category_rule,,unmatched,false,,材料,材料,氧化鋯塊
ZZ-ZROC8031A01,Prettau 3 95H16 A1,Zirkonzahn,digital-manufacturing,zirconia-blank,material,approved_rule,legacy_category_rule,,unmatched,false,,材料,材料,氧化鋯塊
ZZ-ZROC8031A02,Prettau 3 95H16 A2,Zirkonzahn,digital-manufacturing,zirconia-blank,material,approved_rule,legacy_category_rule,,unmatched,false,,材料,材料,氧化鋯塊
ZZ-ZROC8031A03,Prettau 3 95H16 A3,Zirkonzahn,digital-manufacturing,zirconia-blank,material,approved_rule,legacy_category_rule,,unmatched,false,,材料,材料,氧化鋯塊
ZZ-ZROC8031A35,Prettau 3 95H16 A3.5,Zirkonzahn,digital-manufacturing,zirconia-blank,material,approved_rule,legacy_category_rule,,unmatched,false,,材料,材料,氧化鋯塊
ZZ-ZROC8031B01,Prettau 3 95H16 B1,Zirkonzahn,digital-manufacturing,zirconia-blank,material,approved_rule,legacy_category_rule,,unmatched,false,,材料,材料,氧化鋯塊
ZZ-ZROC8031B03,Prettau 3 95H16 B3,Zirkonzahn,digital-manufacturing,zirconia-blank,material,approved_rule,legacy_category_rule,,unmatched,false,,材料,材料,氧化鋯塊
ZZ-ZROC8031C01,Prettau 3 95H16 C1,Zirkonzahn,digital-manufacturing,zirconia-blank,material,approved_rule,legacy_category_rule,,unmatched,false,,材料,材料,氧化鋯塊
ZZ-ZROC8031C02,Prettau 3 95H16 C2,Zirkonzahn,digital-manufacturing,zirconia-blank,material,approved_rule,legacy_category_rule,,unmatched,false,,材料,材料,氧化鋯塊
ZZ-ZROC8031C03,Prettau 3 95H16 C3,Zirkonzahn,digital-manufacturing,zirconia-blank,material,approved_rule,legacy_category_rule,,unmatched,false,,材料,材料,氧化鋯塊
ZZ-ZROC8031D02,Prettau 3 95H16 D2,Zirkonzahn,digital-manufacturing,zirconia-blank,material,approved_rule,legacy_category_rule,,unmatched,false,,材料,材料,氧化鋯塊
ZZ-ZROC80410M1,Prettau 3 95H18 0M1,Zirkonzahn,digital-manufacturing,zirconia-blank,material,approved_rule,legacy_category_rule,,unmatched,false,,材料,材料,氧化鋯塊
ZZ-ZROC80410M2,Prettau 3 95H18 0M2,Zirkonzahn,digital-manufacturing,zirconia-blank,material,approved_rule,legacy_category_rule,,unmatched,false,,材料,材料,氧化鋯塊
ZZ-ZROC8041A01,Prettau 3 95H18 A1,Zirkonzahn,digital-manufacturing,zirconia-blank,material,approved_rule,legacy_category_rule,,unmatched,false,,材料,材料,氧化鋯塊
ZZ-ZROC8041A02,Prettau 3 95H18 A2,Zirkonzahn,digital-manufacturing,zirconia-blank,material,approved_rule,legacy_category_rule,,unmatched,false,,材料,材料,氧化鋯塊
ZZ-ZROC8041A03,Prettau 3 95H18 A3,Zirkonzahn,digital-manufacturing,zirconia-blank,material,approved_rule,legacy_category_rule,,unmatched,false,,材料,材料,氧化鋯塊
ZZ-ZROC8041A04,Prettau 3 95H18 A4,Zirkonzahn,digital-manufacturing,zirconia-blank,material,approved_rule,legacy_category_rule,,unmatched,false,,材料,材料,氧化鋯塊
ZZ-ZROC8041A35,Prettau 3 95H18 A3.5,Zirkonzahn,digital-manufacturing,zirconia-blank,material,approved_rule,legacy_category_rule,,unmatched,false,,材料,材料,氧化鋯塊
ZZ-ZROC8041B01,Prettau 3 95H18 B1,Zirkonzahn,digital-manufacturing,zirconia-blank,material,approved_rule,legacy_category_rule,,unmatched,false,,材料,材料,氧化鋯塊
ZZ-ZROC8041B02,Prettau 3 95H18 B2,Zirkonzahn,digital-manufacturing,zirconia-blank,material,approved_rule,legacy_category_rule,,unmatched,false,,材料,材料,氧化鋯塊
ZZ-ZROC8041B03,Prettau 3 95H18 B3,Zirkonzahn,digital-manufacturing,zirconia-blank,material,approved_rule,legacy_category_rule,,unmatched,false,,材料,材料,氧化鋯塊
ZZ-ZROC8041B04,Prettau 3 95H18 B4,Zirkonzahn,digital-manufacturing,zirconia-blank,material,approved_rule,legacy_category_rule,,unmatched,false,,材料,材料,氧化鋯塊
ZZ-ZROC8041C01,Prettau 3 95H18 C1,Zirkonzahn,digital-manufacturing,zirconia-blank,material,approved_rule,legacy_category_rule,,unmatched,false,,材料,材料,氧化鋯塊
ZZ-ZROC8041C02,Prettau 3 95H18 C2,Zirkonzahn,digital-manufacturing,zirconia-blank,material,approved_rule,legacy_category_rule,,unmatched,false,,材料,材料,氧化鋯塊
ZZ-ZROC8041C03,Prettau 3 95H18 C3,Zirkonzahn,digital-manufacturing,zirconia-blank,material,approved_rule,legacy_category_rule,,unmatched,false,,材料,材料,氧化鋯塊
ZZ-ZROC8041C04,Prettau 3 95H18 C4,Zirkonzahn,digital-manufacturing,zirconia-blank,material,approved_rule,legacy_category_rule,,unmatched,false,,材料,材料,氧化鋯塊
ZZ-ZROC8041D02,Prettau 3 95H18 D2,Zirkonzahn,digital-manufacturing,zirconia-blank,material,approved_rule,legacy_category_rule,,unmatched,false,,材料,材料,氧化鋯塊
ZZ-ZROC8041D03,Prettau 3 95H18 D3,Zirkonzahn,digital-manufacturing,zirconia-blank,material,approved_rule,legacy_category_rule,,unmatched,false,,材料,材料,氧化鋯塊
ZZ-ZROC8041D04,Prettau 3 95H18 D4,Zirkonzahn,digital-manufacturing,zirconia-blank,material,approved_rule,legacy_category_rule,,unmatched,false,,材料,材料,氧化鋯塊
ZZ-ZROC8061A01,Prettau 3 95H22 A1,Zirkonzahn,digital-manufacturing,zirconia-blank,material,approved_rule,legacy_category_rule,,unmatched,false,,材料,材料,氧化鋯塊
ZZ-ZROC8061A02,Prettau 3 95H22 A2,Zirkonzahn,digital-manufacturing,zirconia-blank,material,approved_rule,legacy_category_rule,,unmatched,false,,材料,材料,氧化鋯塊
ZZ-ZROC8061A03,Prettau 3 95H22 A3,Zirkonzahn,digital-manufacturing,zirconia-blank,material,approved_rule,legacy_category_rule,,unmatched,false,,材料,材料,氧化鋯塊
ZZ-ZROC8061A04,Prettau 3 95H22 A4,Zirkonzahn,digital-manufacturing,zirconia-blank,material,approved_rule,legacy_category_rule,,unmatched,false,,材料,材料,氧化鋯塊
ZZ-ZROC8061A35,Prettau 3 95H22 A3.5,Zirkonzahn,digital-manufacturing,zirconia-blank,material,approved_rule,legacy_category_rule,,unmatched,false,,材料,材料,氧化鋯塊
ZZ-ZROC8061C02,Prettau 3 95H22 C2,Zirkonzahn,digital-manufacturing,zirconia-blank,material,approved_rule,legacy_category_rule,,unmatched,false,,材料,材料,氧化鋯塊
ZZ-ZROC8061C03,Prettau 3 95H22 C3,Zirkonzahn,digital-manufacturing,zirconia-blank,material,approved_rule,legacy_category_rule,,unmatched,false,,材料,材料,氧化鋯塊
ZZ-ZROC8061C04,Prettau 3 95H22 C4,Zirkonzahn,digital-manufacturing,zirconia-blank,material,approved_rule,legacy_category_rule,,unmatched,false,,材料,材料,氧化鋯塊
ZZ-ZROC8071A02,Prettau 3 95XH30 A2,Zirkonzahn,digital-manufacturing,zirconia-blank,material,approved_rule,legacy_category_rule,,unmatched,false,,材料,材料,氧化鋯塊
ZZ-ZROC8071A03,Prettau 3 95XH30 A3,Zirkonzahn,digital-manufacturing,zirconia-blank,material,approved_rule,legacy_category_rule,,unmatched,false,,材料,材料,氧化鋯塊
ZZ-ZROC81010M2,Prettau 3 95H25 0M2,Zirkonzahn,digital-manufacturing,zirconia-blank,material,approved_rule,legacy_category_rule,,unmatched,false,,材料,材料,氧化鋯塊
ZZ-ZROC8101A01,Prettau 3 95H25 A1,Zirkonzahn,digital-manufacturing,zirconia-blank,material,approved_rule,legacy_category_rule,,unmatched,false,,材料,材料,氧化鋯塊
ZZ-ZROC8101A02,Prettau 3 95H25 A2,Zirkonzahn,digital-manufacturing,zirconia-blank,material,approved_rule,legacy_category_rule,,unmatched,false,,材料,材料,氧化鋯塊
ZZ-ZROC8101A03,Prettau 3 95H25 A3,Zirkonzahn,digital-manufacturing,zirconia-blank,material,approved_rule,legacy_category_rule,,unmatched,false,,材料,材料,氧化鋯塊
ZZ-ZROC8101A35,Prettau 3 95H25 A3.5,Zirkonzahn,digital-manufacturing,zirconia-blank,material,approved_rule,legacy_category_rule,,unmatched,false,,材料,材料,氧化鋯塊
ZZ-ZROC8101B01,Prettau 3 95H25 B1,Zirkonzahn,digital-manufacturing,zirconia-blank,material,approved_rule,legacy_category_rule,,unmatched,false,,材料,材料,氧化鋯塊
WM-202-4450,#4450 包埋機拌碗-小 (300ml),WHIP MIX,lab-production,investment-gypsum,material,approved_rule,legacy_category_rule,,unmatched,false,,材料,材料,包埋 / 石膏
WM-202-6500,#6500 包埋機拌碗-中 (500ml),WHIP MIX,lab-production,investment-gypsum,material,approved_rule,legacy_category_rule,,unmatched,false,,材料,材料,包埋 / 石膏
WM-202-6600,#6600 包埋機拌碗-大 (875ml),WHIP MIX,lab-production,investment-gypsum,material,approved_rule,legacy_category_rule,,unmatched,false,,材料,材料,包埋 / 石膏
WM-208,VACUUM PUMP 115V,WHIP MIX,lab-equipment,furnace-accessory,accessory,approved_rule,researched_sku_rule,,unmatched,false,,設備,耗材,清潔 / 吸塵
WM-211-2407,#01745 Incisal Guide Pin,WHIP MIX,fixed-restorative,ceramic-material,material,approved_rule,legacy_category_rule,,unmatched,false,,材料,材料,瓷粉 / 陶瓷
WM-211-28701,Quickmount Plates 磁鐵固定板(2個1組),WHIP MIX,clinical-tools,articulator-accessory,accessory,approved_rule,legacy_category_rule,,unmatched,false,,工具,輔助工具,咬合器 / 配件
WM-211-MA8786,WM橡皮筋,WHIP MIX,lab-production,investment-gypsum,material,approved_rule,legacy_category_rule,,unmatched,false,,材料,材料,包埋 / 石膏
WM-217,Digital Water Bath 恆溫器 115V,WHIP MIX,lab-production,investment-gypsum,material,approved_rule,legacy_category_rule,,unmatched,false,,材料,材料,包埋 / 石膏
WM-218-000301,Alcohol Torch,WHIP MIX,lab-production,investment-gypsum,material,approved_rule,legacy_category_rule,,unmatched,false,,材料,材料,包埋 / 石膏
WM-218-002809,Butane Gas 瓦斯燈,WHIP MIX,lab-production,investment-gypsum,material,approved_rule,legacy_category_rule,,unmatched,false,,材料,材料,包埋 / 石膏
WM-220,Dlx Ortho Trimmer 矯正石膏研磨機,WHIP MIX,lab-production,investment-gypsum,material,approved_rule,legacy_category_rule,,unmatched,false,,材料,材料,包埋 / 石膏
WM-221,Dlx Model Trimmer 石膏研磨機(自動進水閥),WHIP MIX,lab-production,investment-gypsum,material,approved_rule,legacy_category_rule,,unmatched,false,,材料,材料,包埋 / 石膏
WM-29401,VPMmini Vacuum Mixer  Mini真空包埋機 (附掛壁支架),WHIP MIX,lab-production,investment-gypsum,material,approved_rule,legacy_category_rule,,unmatched,false,,材料,材料,包埋 / 石膏
WM-305,Smoothex 除泡劑(500ml),WHIP MIX,lab-production,process-liquid,consumable,approved_rule,legacy_category_rule,,unmatched,false,,藥液,輔助工具,專用液 / 藥劑
WM-309,WM 石棉紙,WHIP MIX,lab-production,investment-gypsum,material,approved_rule,legacy_category_rule,,unmatched,false,,材料,材料,包埋 / 石膏
WM-312-010885,Wide Vue Articulator,WHIP MIX,clinical-tools,articulator-accessory,accessory,approved_rule,legacy_category_rule,,unmatched,false,,工具,輔助工具,咬合器 / 配件
WM-312-1100026,Mounting Plates (2個),WHIP MIX,clinical-tools,articulator-accessory,accessory,approved_rule,legacy_category_rule,,unmatched,false,,工具,輔助工具,咬合器 / 配件
WM-330007,Jade Stone Blue 藍石膏,WHIP MIX,lab-production,investment-gypsum,material,approved_rule,legacy_category_rule,,unmatched,false,,材料,材料,包埋 / 石膏
WM-330008,Jade Stone Green 綠石膏,WHIP MIX,lab-production,investment-gypsum,material,approved_rule,legacy_category_rule,,unmatched,false,,材料,材料,包埋 / 石膏
WM-330012,Resinrock Green 樹脂石膏(綠) 15Kg/箱,WHIP MIX,lab-production,investment-gypsum,material,approved_rule,legacy_category_rule,,unmatched,false,,材料,材料,包埋 / 石膏
WM-330013,Resinrock Grey  樹脂石膏(灰) 15Kg/箱,WHIP MIX,lab-production,investment-gypsum,material,approved_rule,legacy_category_rule,,unmatched,false,,材料,材料,包埋 / 石膏
WM-330014,Resinrock Ivory 樹脂石膏(象牙白)15Kg/箱,WHIP MIX,lab-production,investment-gypsum,material,approved_rule,legacy_category_rule,,unmatched,false,,材料,材料,包埋 / 石膏
WM-330015,Resinrock Peach 樹脂石膏(桃黃) 15Kg/箱,WHIP MIX,lab-production,investment-gypsum,material,approved_rule,legacy_category_rule,,unmatched,false,,材料,材料,包埋 / 石膏
WM-330023,Silky Rock Ivory 象牙白石膏,WHIP MIX,lab-production,investment-gypsum,material,approved_rule,legacy_category_rule,,unmatched,false,,材料,材料,包埋 / 石膏
WM-330026,Silky Rock Violet 紅石膏,WHIP MIX,lab-production,investment-gypsum,material,approved_rule,legacy_category_rule,,unmatched,false,,材料,材料,包埋 / 石膏
WM-330027,Silky Rock White 白石膏,WHIP MIX,lab-production,investment-gypsum,material,approved_rule,legacy_category_rule,,unmatched,false,,材料,材料,包埋 / 石膏
WM-330028,Silky Rock Yellow 黃石膏,WHIP MIX,lab-production,investment-gypsum,material,approved_rule,legacy_category_rule,,unmatched,false,,材料,材料,包埋 / 石膏
WM-330040,Ultirock Golden Brown 石膏(金棕色) 15Kg/箱,WHIP MIX,lab-production,investment-gypsum,material,approved_rule,legacy_category_rule,,unmatched,false,,材料,材料,包埋 / 石膏
WM-330041,Ultirock Ivory 石膏(象牙白) 15Kg/箱,WHIP MIX,lab-production,investment-gypsum,material,approved_rule,legacy_category_rule,,unmatched,false,,材料,材料,包埋 / 石膏
WM-330042,Ultirock White 石膏(白色) 15Kg/箱,WHIP MIX,lab-production,investment-gypsum,material,approved_rule,legacy_category_rule,,unmatched,false,,材料,材料,包埋 / 石膏
SY-01010,無碳刷馬達,Song Young,lab-equipment,motor-handpiece,equipment,approved_rule,legacy_category_rule,,unmatched,false,,設備,設備,馬達 / 手機
SY-01010-MH,無碳刷馬達手機,Song Young,lab-equipment,motor-handpiece,equipment,approved_rule,legacy_category_rule,,unmatched,false,,設備,設備,馬達 / 手機
SY-01010B,無碳刷馬達,Song Young,lab-equipment,motor-handpiece,equipment,approved_rule,legacy_category_rule,,unmatched,false,,設備,設備,馬達 / 手機
SY-01013F,無碳刷馬達腳踏板,Song Young,lab-equipment,motor-handpiece,equipment,approved_rule,legacy_category_rule,,unmatched,false,,設備,設備,馬達 / 手機
SY-01030,PORTABLE II MICRO MOTOR,Song Young,lab-equipment,motor-handpiece,equipment,approved_rule,legacy_category_rule,,unmatched,false,,設備,設備,馬達 / 手機
SY-01035-110V,膝控式 MICRO MOTOR,Song Young,lab-equipment,motor-handpiece,equipment,approved_rule,legacy_category_rule,,unmatched,false,,設備,設備,馬達 / 手機
SY-01044,電腊刀-腊刀頭,Song Young,lab-equipment,wax-equipment,equipment,approved_rule,legacy_category_rule,,unmatched,false,,設備,設備,蠟工設備
SY-01046,電腊刀-III代電熱筆(粗),Song Young,lab-equipment,wax-equipment,equipment,approved_rule,legacy_category_rule,,unmatched,false,,設備,設備,蠟工設備
SY-01050-3,光重合機-燈管,Song Young,lab-equipment,light-curing-equipment,spare_part,approved_rule,verified_sku_rule,,unmatched,false,,設備,設備,光固化機
SY-01051,光重合機(LED),Song Young,lab-equipment,light-curing-equipment,equipment,approved_rule,verified_sku_rule,,unmatched,false,,設備,設備,光固化機
SY-01055-110V,3孔熔腊機,Song Young,lab-equipment,wax-equipment,equipment,approved_rule,legacy_category_rule,,unmatched,false,,設備,設備,蠟工設備
SY-01055-230V,3孔熔腊機,Song Young,lab-equipment,wax-equipment,equipment,approved_rule,legacy_category_rule,,unmatched,false,,設備,設備,蠟工設備
SY-01100,排水淨化器,Song Young,lab-equipment,other-equipment,equipment,needs_review,researched_unresolved,,unmatched,true,ambiguous_legacy_category,設備,設備,其他設備
SY-01130A-17,3D 技工桌吸塵袋,Song Young,lab-equipment,cleaning-dust-control,equipment,needs_review,researched_unresolved,,unmatched,true,ambiguous_legacy_category|equipment_axis_conflict,設備,耗材,清潔 / 吸塵
SY-01130A-6,技工桌-橡膠氣槍,Song Young,lab-equipment,workbench,equipment,needs_review,researched_unresolved,,unmatched,true,equipment_axis_conflict,工具,設備,技工桌
SY-01130A-61,技工桌-電源開關,Song Young,lab-equipment,workbench,equipment,needs_review,researched_unresolved,,unmatched,true,equipment_axis_conflict,工具,設備,技工桌
SY-01130A-66,技工桌-技工盒,Song Young,lab-equipment,workbench,equipment,needs_review,researched_unresolved,,unmatched,true,equipment_axis_conflict,工具,設備,技工桌
SY-01130C-1,JT-53技工桌LED燈條,Song Young,lab-equipment,workbench,equipment,needs_review,researched_unresolved,,unmatched,true,equipment_axis_conflict,工具,設備,技工桌
SY-01131-1.8,3D日式技工桌1.8米(雙人),Song Young,lab-equipment,workbench,equipment,needs_review,researched_unresolved,,unmatched,true,equipment_axis_conflict,工具,設備,技工桌
SY-01131A,3D日式技工桌(1.2米),Song Young,lab-equipment,workbench,equipment,needs_review,researched_unresolved,,unmatched,true,equipment_axis_conflict,工具,設備,技工桌
SY-01131B,3D日式技工桌(1.2米)黑色,Song Young,lab-equipment,workbench,equipment,needs_review,researched_unresolved,,unmatched,true,equipment_axis_conflict,工具,設備,技工桌
SY-01206,New Flask 煮模盒(兩用),Song Young,lab-production,flasking-pressing-tool,durable_tool,needs_review,researched_unresolved,,unmatched,true,ambiguous_legacy_category|equipment_axis_conflict,工具,設備,煮模 / 壓模工具
SY-01410N-110V,NEW ACCU-雙筆式數位電腊刀(附8支刀頭),Song Young,lab-equipment,wax-equipment,equipment,approved_rule,legacy_category_rule,,unmatched,false,,設備,設備,蠟工設備
SY-01420A,Han-D-III Waxer 電腊刀(附4支刀頭),Song Young,lab-equipment,wax-equipment,equipment,approved_rule,legacy_category_rule,,unmatched,false,,設備,設備,蠟工設備
SY-01510-110V,單孔數位型浸腊機(110V)#01510,Song Young,lab-equipment,wax-equipment,equipment,approved_rule,legacy_category_rule,,unmatched,false,,設備,設備,蠟工設備
SY-02010,LABO-MATE 90 咬合器,Song Young,clinical-tools,articulator-accessory,accessory,approved_rule,legacy_category_rule,,unmatched,false,,工具,輔助工具,咬合器 / 配件
SY-02011,LABO-MATE 90咬合器 (尼龍座)/2PCS,Song Young,clinical-tools,articulator-accessory,accessory,approved_rule,legacy_category_rule,,unmatched,false,,工具,輔助工具,咬合器 / 配件
SY-02012,咬合器-小鐵盤(厚),Song Young,clinical-tools,articulator-accessory,accessory,approved_rule,legacy_category_rule,,unmatched,false,,工具,輔助工具,咬合器 / 配件
SY-02013,LABO-MATE 90型咬合器-PIN,Song Young,clinical-tools,articulator-accessory,accessory,approved_rule,legacy_category_rule,,unmatched,false,,工具,輔助工具,咬合器 / 配件
SY-02019,LABO-MATE 90型咬合器-PIN螺絲,Song Young,clinical-tools,articulator-accessory,accessory,approved_rule,legacy_category_rule,,unmatched,false,,工具,輔助工具,咬合器 / 配件
SY-02020,LABO-MATE II 咬合器,Song Young,clinical-tools,articulator-accessory,accessory,approved_rule,legacy_category_rule,,unmatched,false,,工具,輔助工具,咬合器 / 配件
SY-02021,80型咬合器-螺母,Song Young,clinical-tools,articulator-accessory,accessory,approved_rule,legacy_category_rule,,unmatched,false,,工具,輔助工具,咬合器 / 配件
SY-02022,LABO-MATE II 咬合器-彈簧片,Song Young,clinical-tools,articulator-accessory,accessory,approved_rule,legacy_category_rule,,unmatched,false,,工具,輔助工具,咬合器 / 配件
SY-02030,KEYSTONE 吸鐵型咬合器,Song Young,clinical-tools,articulator-accessory,accessory,approved_rule,legacy_category_rule,,unmatched,false,,工具,輔助工具,咬合器 / 配件
SY-02040,簡易型咬合器,Song Young,clinical-tools,articulator-accessory,accessory,approved_rule,legacy_category_rule,,unmatched,false,,工具,輔助工具,咬合器 / 配件
SY-02043,Chrome Denture 鋅合架,Song Young,clinical-tools,model-accessory,accessory,approved_rule,legacy_category_rule,,unmatched,false,,配件,耗材,模型配件
SY-02047,拋棄式咬合器,Song Young,clinical-tools,articulator-accessory,accessory,approved_rule,legacy_category_rule,,unmatched,false,,工具,輔助工具,咬合器 / 配件
SY-02049,拋棄式咬合器(黃),Song Young,clinical-tools,articulator-accessory,accessory,approved_rule,legacy_category_rule,,unmatched,false,,工具,輔助工具,咬合器 / 配件
SY-02050,LABO-MATE 30 咬合器,Song Young,clinical-tools,articulator-accessory,accessory,approved_rule,legacy_category_rule,,unmatched,false,,工具,輔助工具,咬合器 / 配件
SY-02060,LABO-MATE 150 咬合器(簡配),Song Young,clinical-tools,articulator-accessory,accessory,approved_rule,legacy_category_rule,,unmatched,false,,工具,輔助工具,咬合器 / 配件
SY-02072-1,矽膠模型底座(9個),Song Young,clinical-tools,model-accessory,accessory,approved_rule,legacy_category_rule,,unmatched,false,,配件,耗材,模型配件
SY-02080,KS 100 咬合器(簡配),Song Young,clinical-tools,articulator-accessory,accessory,approved_rule,legacy_category_rule,,unmatched,false,,工具,輔助工具,咬合器 / 配件
SY-02080-1,KS 100 咬合器 (全配),Song Young,clinical-tools,articulator-accessory,accessory,approved_rule,legacy_category_rule,,unmatched,false,,工具,輔助工具,咬合器 / 配件
SY-02083,KS 100 Mounting Plate(尼龍座),Song Young,clinical-tools,articulator-accessory,accessory,approved_rule,legacy_category_rule,,unmatched,false,,工具,輔助工具,咬合器 / 配件
SY-02085,咬合器-小鐵盤(薄),Song Young,clinical-tools,articulator-accessory,accessory,approved_rule,legacy_category_rule,,unmatched,false,,工具,輔助工具,咬合器 / 配件
SY-02089,100型咬合器-彈簧,Song Young,clinical-tools,articulator-accessory,accessory,approved_rule,legacy_category_rule,,unmatched,false,,工具,輔助工具,咬合器 / 配件
SY-02090,KS 100咬合器-PIN螺絲 (02090),Song Young,clinical-tools,articulator-accessory,accessory,approved_rule,legacy_category_rule,,unmatched,false,,工具,輔助工具,咬合器 / 配件
SY-02091,KS 100咬合器-PIN黑(有洞),Song Young,clinical-tools,articulator-accessory,accessory,approved_rule,legacy_category_rule,,unmatched,false,,工具,輔助工具,咬合器 / 配件
SY-02095,KS 100咬合器塑膠旋鈕螺絲,Song Young,clinical-tools,articulator-accessory,accessory,approved_rule,legacy_category_rule,,unmatched,false,,工具,輔助工具,咬合器 / 配件
SY-02100-03-01C,定位珠5X8mm,Song Young,clinical-tools,articulator-accessory,accessory,approved_rule,legacy_category_rule,,unmatched,false,,工具,輔助工具,咬合器 / 配件
SY-02100-04E,Magnet 磁鐵,Song Young,clinical-tools,articulator-accessory,accessory,approved_rule,legacy_category_rule,,unmatched,false,,工具,輔助工具,咬合器 / 配件
SY-02100-05-BP,Incisal Pin (126mm),Song Young,fixed-restorative,ceramic-material,material,approved_rule,legacy_category_rule,,unmatched,false,,材料,材料,瓷粉 / 陶瓷
SY-02100-05P,前齒導引針Incisal Pin (126mm),Song Young,fixed-restorative,ceramic-material,material,approved_rule,legacy_category_rule,,unmatched,false,,材料,材料,瓷粉 / 陶瓷
SY-02100-06F,髁頭軸(白鐵),Song Young,clinical-tools,articulator-accessory,accessory,approved_rule,legacy_category_rule,,unmatched,false,,工具,輔助工具,咬合器 / 配件
SY-02100-06I,咬合器-左.右窩O-Ring,Song Young,clinical-tools,articulator-accessory,accessory,approved_rule,legacy_category_rule,,unmatched,false,,工具,輔助工具,咬合器 / 配件
SY-02100-06K,咬合器-波浪板銅螺絲,Song Young,clinical-tools,articulator-accessory,accessory,approved_rule,legacy_category_rule,,unmatched,false,,工具,輔助工具,咬合器 / 配件
SY-02100-06L,咬合器-波浪板(左),Song Young,clinical-tools,articulator-accessory,accessory,approved_rule,legacy_category_rule,,unmatched,false,,工具,輔助工具,咬合器 / 配件
SY-02100-06N,前凸螺絲,Song Young,clinical-tools,articulator-accessory,accessory,approved_rule,researched_sku_rule,,unmatched,false,,配件,耗材,設備配件
SY-02100-06R,咬合器-波浪板(右),Song Young,clinical-tools,articulator-accessory,accessory,approved_rule,legacy_category_rule,,unmatched,false,,工具,輔助工具,咬合器 / 配件
SY-02100-07A,咬合器八字環,Song Young,clinical-tools,articulator-accessory,accessory,approved_rule,legacy_category_rule,,unmatched,false,,工具,輔助工具,咬合器 / 配件
SY-02100-1,500 半調節咬合器修理,Song Young,clinical-tools,articulator-accessory,accessory,approved_rule,legacy_category_rule,,unmatched,false,,工具,輔助工具,咬合器 / 配件
SY-02100-14,支撐釘,Song Young,clinical-tools,articulator-accessory,accessory,approved_rule,legacy_category_rule,,unmatched,false,,工具,輔助工具,咬合器 / 配件
SY-02100-16,咬合器排牙板座,Song Young,clinical-tools,articulator-accessory,accessory,approved_rule,legacy_category_rule,,unmatched,false,,工具,輔助工具,咬合器 / 配件
SY-02100-17-A,Centric Lock(左鉤),Song Young,clinical-tools,articulator-accessory,accessory,approved_rule,legacy_category_rule,,unmatched,false,,工具,輔助工具,咬合器 / 配件
SY-02100-17-A1,Centric Lock(右鉤),Song Young,clinical-tools,articulator-accessory,accessory,approved_rule,legacy_category_rule,,unmatched,false,,工具,輔助工具,咬合器 / 配件
SY-02100-17-C,左 .右鉤 O-Ring,Song Young,clinical-tools,articulator-accessory,accessory,approved_rule,researched_sku_rule,,unmatched,false,,配件,耗材,設備配件
SY-02100-2,500 半調節咬合器校正+清潔,Song Young,clinical-tools,articulator-accessory,accessory,approved_rule,legacy_category_rule,,unmatched,false,,工具,輔助工具,咬合器 / 配件
SY-02100-21,CD Fork 活動咬叉,Song Young,clinical-tools,articulator-accessory,accessory,approved_rule,researched_sku_rule,,unmatched,false,,配件,耗材,設備配件
SY-02100-22,FPD Fork 固定咬叉,Song Young,clinical-tools,articulator-accessory,accessory,approved_rule,researched_sku_rule,,unmatched,false,,配件,耗材,設備配件
SY-02100-29,中央指針,Song Young,clinical-tools,articulator-accessory,accessory,approved_rule,researched_sku_rule,,unmatched,false,,配件,耗材,設備配件
SY-02100-31,Plastic Plate 塑膠底板,Song Young,clinical-tools,articulator-accessory,accessory,approved_rule,researched_sku_rule,,unmatched,false,,配件,耗材,設備配件
SY-02100-31C,Plastic Plate 塑膠底板(NEW),Song Young,clinical-tools,articulator-accessory,accessory,approved_rule,researched_sku_rule,,unmatched,false,,配件,耗材,設備配件
SY-02100-44-0R,咬合器排牙板 0R,Song Young,clinical-tools,articulator-accessory,accessory,approved_rule,legacy_category_rule,,unmatched,false,,工具,輔助工具,咬合器 / 配件
SY-02100-44-125R,咬合器排牙板 125R,Song Young,clinical-tools,articulator-accessory,accessory,approved_rule,legacy_category_rule,,unmatched,false,,工具,輔助工具,咬合器 / 配件
SY-02100-44-B-SET,咬合器排牙板(5片)(黑),Song Young,clinical-tools,articulator-accessory,accessory,approved_rule,legacy_category_rule,,unmatched,false,,工具,輔助工具,咬合器 / 配件
SY-02100-44-C000R,500型 排牙板CLEAR 0度(0R),Song Young,clinical-tools,articulator-accessory,accessory,approved_rule,researched_sku_rule,,unmatched,false,,配件,耗材,設備配件
SY-02100-44-C100R,500型 排牙板CLEAR (100R),Song Young,clinical-tools,articulator-accessory,accessory,approved_rule,researched_sku_rule,,unmatched,false,,配件,耗材,設備配件
SY-02100-44-C125R,500型 排牙板CLEAR (125R),Song Young,clinical-tools,articulator-accessory,accessory,approved_rule,researched_sku_rule,,unmatched,false,,配件,耗材,設備配件
SY-02100-44-C140R,500型 排牙板CLEAR (140R),Song Young,clinical-tools,articulator-accessory,accessory,approved_rule,researched_sku_rule,,unmatched,false,,配件,耗材,設備配件
SY-02100-44-C160R,500型 排牙板CLEAR (160R),Song Young,clinical-tools,articulator-accessory,accessory,approved_rule,researched_sku_rule,,unmatched,false,,配件,耗材,設備配件
SY-02100-45,Carry Box盒子,Song Young,clinical-tools,articulator-accessory,accessory,approved_rule,researched_sku_rule,,unmatched,false,,配件,耗材,設備配件
SY-02100-45A,Carry Box盒子(高),Song Young,clinical-tools,articulator-accessory,accessory,approved_rule,researched_sku_rule,,unmatched,false,,配件,耗材,設備配件
SY-02100-5,320 咬合器修理,Song Young,clinical-tools,articulator-accessory,accessory,approved_rule,legacy_category_rule,,unmatched,false,,工具,輔助工具,咬合器 / 配件
SY-02100-52,長型尺規,Song Young,clinical-tools,articulator-accessory,accessory,approved_rule,researched_sku_rule,,unmatched,false,,配件,耗材,設備配件
SY-02100-53,圓型尺規,Song Young,clinical-tools,articulator-accessory,accessory,approved_rule,researched_sku_rule,,unmatched,false,,配件,耗材,設備配件
SY-02100-58,3D 排牙板調節升降座,Song Young,clinical-tools,articulator-accessory,accessory,approved_rule,researched_sku_rule,,unmatched,false,,配件,耗材,設備配件
SY-02100-60B-SET,Face Bow 2-V 面弓,Song Young,clinical-tools,articulator-accessory,accessory,approved_rule,researched_sku_rule,,unmatched,false,,配件,耗材,設備配件
SY-02100H-TW,LABO-MATE 500H 半調節咬合器,Song Young,clinical-tools,articulator-accessory,accessory,approved_rule,legacy_category_rule,,unmatched,false,,工具,輔助工具,咬合器 / 配件
SY-02100H-TW(GD),LABO-MATE 500H 半調節咬合器(黑金色),Song Young,clinical-tools,articulator-accessory,accessory,approved_rule,legacy_category_rule,,unmatched,false,,工具,輔助工具,咬合器 / 配件
SY-02130H-TW,LABO-MATE 320H 咬合器,Song Young,clinical-tools,articulator-accessory,accessory,approved_rule,legacy_category_rule,,unmatched,false,,工具,輔助工具,咬合器 / 配件
SY-02150H,LABO-MATE 350H 半調節咬合器,Song Young,clinical-tools,articulator-accessory,accessory,approved_rule,legacy_category_rule,,unmatched,false,,工具,輔助工具,咬合器 / 配件
SY-02410-1,氣動式除石膏機(氣動鏟),Song Young,lab-production,investment-gypsum,material,approved_rule,legacy_category_rule,,unmatched,false,,材料,材料,包埋 / 石膏
SY-02410-3,氣動式除石膏-氣缸環(含心),Song Young,lab-production,investment-gypsum,material,approved_rule,legacy_category_rule,,unmatched,false,,材料,材料,包埋 / 石膏
SY-02414,氣動式除石膏機-刀頭(3支),Song Young,lab-production,investment-gypsum,material,approved_rule,legacy_category_rule,,unmatched,false,,材料,材料,包埋 / 石膏
SY-02420,Air Chisel氣動式除石膏機(桌上型),Song Young,lab-production,investment-gypsum,material,approved_rule,legacy_category_rule,,unmatched,false,,材料,材料,包埋 / 石膏
SY-02772,Resin Jig Spring 壓榨器,Song Young,lab-equipment,equipment-accessory,accessory,needs_review,researched_unresolved,,unmatched,true,ambiguous_legacy_category,配件,耗材,設備配件
SY-02803,加強網架(上),Song Young,lab-equipment,equipment-accessory,accessory,needs_review,researched_unresolved,,unmatched,true,ambiguous_legacy_category,配件,耗材,設備配件
SY-02804,加強網架(下),Song Young,lab-equipment,equipment-accessory,accessory,needs_review,researched_unresolved,,unmatched,true,ambiguous_legacy_category,配件,耗材,設備配件
SY-02805,加強網架(上.金色),Song Young,lab-equipment,equipment-accessory,accessory,needs_review,researched_unresolved,,unmatched,true,ambiguous_legacy_category,配件,耗材,設備配件
SY-02820-1,吸塵袋,Song Young,lab-production,filter-consumable,consumable,approved_rule,researched_sku_rule,,unmatched,false,,設備,耗材,清潔 / 吸塵
SY-02820-110V,吸塵器110V,Song Young,lab-equipment,cleaning-dust-control,equipment,approved_rule,researched_sku_rule,,unmatched,false,,設備,耗材,清潔 / 吸塵
SY-02820-9,3D技工桌吸塵器馬達 -碳刷,Song Young,lab-equipment,motor-handpiece,equipment,approved_rule,legacy_category_rule,,unmatched,false,,設備,設備,馬達 / 手機
SY-02820A-1,吸塵器馬達 110V(新),Song Young,lab-equipment,motor-handpiece,equipment,approved_rule,legacy_category_rule,,unmatched,false,,設備,設備,馬達 / 手機
SY-02820A-2,吸塵器馬達 230V(新),Song Young,lab-equipment,motor-handpiece,equipment,approved_rule,legacy_category_rule,,unmatched,false,,設備,設備,馬達 / 手機
SY-02880,High Speed 噴水氣動機(整組),Song Young,lab-equipment,other-equipment,equipment,approved_rule,researched_sku_rule,,unmatched,false,,配件,耗材,設備配件
SY-02880-1,High Speed 高速手機,Song Young,lab-equipment,motor-accessory,accessory,approved_rule,legacy_category_rule,,unmatched,false,,配件,耗材,馬達配件
SY-03020,BI-PIN 雙釘 短 (1000支),Song Young,lab-production,die-model-accessory,consumable,approved_rule,researched_sku_rule,,unmatched,false,,配件,耗材,設備配件
SY-03022,BI-V-PIN雙釘+套子(1000組),Song Young,lab-production,die-model-accessory,consumable,approved_rule,researched_sku_rule,,unmatched,false,,配件,耗材,設備配件
SY-03028,BI-V-PIN雙釘+套子(1000組)(短),Song Young,lab-production,die-model-accessory,consumable,approved_rule,researched_sku_rule,,unmatched,false,,配件,耗材,設備配件
SY-03030,PIN-S 鋅質(1000支),Song Young,lab-production,die-model-accessory,consumable,approved_rule,researched_sku_rule,,unmatched,false,,配件,耗材,設備配件
SY-03040,PIN-L 鋅質(1000支),Song Young,lab-production,die-model-accessory,consumable,approved_rule,researched_sku_rule,,unmatched,false,,配件,耗材,設備配件
SY-03060B,"PIN 白銅,長(1000支)",Song Young,lab-production,die-model-accessory,consumable,approved_rule,researched_sku_rule,,unmatched,false,,配件,耗材,設備配件
SY-03070B,"PIN 白銅,短(1000支)",Song Young,lab-production,die-model-accessory,consumable,approved_rule,researched_sku_rule,,unmatched,false,,配件,耗材,設備配件
SY-03080B,PIN 細長銅質 (1000支),Song Young,lab-production,die-model-accessory,consumable,approved_rule,researched_sku_rule,,unmatched,false,,配件,耗材,設備配件
SY-03120,PIN用橡皮套(210粒),Song Young,lab-production,die-model-accessory,consumable,approved_rule,researched_sku_rule,,unmatched,false,,配件,耗材,設備配件
SY-03130,BI-PIN 雙釘-橡皮墊(100個),Song Young,lab-production,die-model-accessory,consumable,approved_rule,researched_sku_rule,,unmatched,false,,配件,耗材,設備配件
SY-03140,WING PIN 雙翼釘(粗)/(1000支),Song Young,lab-production,die-model-accessory,consumable,approved_rule,researched_sku_rule,,unmatched,false,,配件,耗材,設備配件
SY-03141,WING PIN 雙翼釘(細)/1000支,Song Young,lab-production,die-model-accessory,consumable,approved_rule,researched_sku_rule,,unmatched,false,,配件,耗材,設備配件
SY-03165A,PIN(半節釘)/1000支,Song Young,lab-production,die-model-accessory,consumable,approved_rule,researched_sku_rule,,unmatched,false,,配件,耗材,設備配件
SY-04020,MICRO TORCH 瓦斯噴槍,Song Young,clinical-tools,general-tool,durable_tool,approved_rule,researched_sku_rule,,unmatched,false,,配件,耗材,設備配件
SY-04037N,酒精噴燈#04037,Song Young,clinical-tools,general-tool,durable_tool,approved_rule,researched_sku_rule,,unmatched,false,,配件,耗材,設備配件
SY-04038,HANAU Loopheatcd 配件,Song Young,lab-equipment,equipment-accessory,accessory,needs_review,researched_unresolved,,unmatched,true,ambiguous_legacy_category,配件,耗材,設備配件
SY-04040,ST CASE 盒子,Song Young,lab-equipment,equipment-accessory,accessory,needs_review,researched_unresolved,,unmatched,true,ambiguous_legacy_category,配件,耗材,設備配件
SY-04040-1,ST CASE 盒子夾板,Song Young,lab-equipment,equipment-accessory,accessory,needs_review,researched_unresolved,,unmatched,true,ambiguous_legacy_category,配件,耗材,設備配件
SY-04040-7,夾板用彈簧,Song Young,clinical-tools,articulator-accessory,accessory,approved_rule,legacy_category_rule,,unmatched,false,,工具,輔助工具,咬合器 / 配件
SY-04050,金屬量錶 #04050,Song Young,fixed-restorative,metal-material,material,approved_rule,legacy_category_rule,,unmatched,false,,材料,材料,金屬材料
SY-04051,數位金屬量錶 #04051,Song Young,fixed-restorative,metal-material,material,approved_rule,legacy_category_rule,,unmatched,false,,材料,材料,金屬材料
SY-04070,量金尺,Song Young,clinical-tools,dental-instrument,durable_tool,approved_rule,researched_sku_rule,,unmatched,false,,配件,耗材,設備配件
SY-04080,大頭車心#304-8,Song Young,lab-production,grinding-tool,accessory,approved_rule,researched_sku_rule,,unmatched,false,,配件,耗材,設備配件
SY-04082,車心(單截)#303,Song Young,lab-production,grinding-tool,accessory,approved_rule,researched_sku_rule,,unmatched,false,,配件,耗材,設備配件
SY-04083,POINT 車心#302,Song Young,lab-production,grinding-tool,accessory,approved_rule,researched_sku_rule,,unmatched,false,,配件,耗材,設備配件
SY-04084,車心(不銹鋼),Song Young,lab-production,grinding-tool,accessory,approved_rule,researched_sku_rule,,unmatched,false,,配件,耗材,設備配件
SY-04085-305,砂紙車心#305,Song Young,lab-production,grinding-tool,accessory,approved_rule,researched_sku_rule,,unmatched,false,,配件,耗材,設備配件
SY-04095-110V,Vibrator 大型振盪器(110V),Song Young,lab-equipment,other-equipment,equipment,approved_rule,researched_sku_rule,,unmatched,false,,配件,耗材,設備配件
SY-04105-C38/050,全鑽石針(大) C38/050,Song Young,lab-production,bur-drill,consumable,approved_rule,legacy_category_rule,,unmatched,false,,耗材,耗材,車針 / 鑽針
SY-04105-C45S/040,全鑽石針 C45S/040(小),Song Young,lab-production,bur-drill,consumable,approved_rule,legacy_category_rule,,unmatched,false,,耗材,耗材,車針 / 鑽針
SY-04105-P,矽膠石膏底座 #P(藍),Song Young,lab-production,investment-gypsum,material,approved_rule,legacy_category_rule,,unmatched,false,,材料,材料,包埋 / 石膏
SY-04111-S,棉輪-軟 (100pcs),Song Young,lab-production,polishing-consumable,consumable,approved_rule,researched_sku_rule,,unmatched,false,,配件,耗材,設備配件
SY-04114-L,矽膠模型石膏底座 #L,Song Young,lab-production,investment-gypsum,material,approved_rule,legacy_category_rule,,unmatched,false,,材料,材料,包埋 / 石膏
SY-04114-LS,矽膠模型石膏底座 #LS,Song Young,lab-production,investment-gypsum,material,approved_rule,legacy_category_rule,,unmatched,false,,材料,材料,包埋 / 石膏
SY-04114-M,矽膠模型石膏底座 #M,Song Young,lab-production,investment-gypsum,material,approved_rule,legacy_category_rule,,unmatched,false,,材料,材料,包埋 / 石膏
SY-04114-MS,矽膠模型石膏底座 #MS,Song Young,lab-production,investment-gypsum,material,approved_rule,legacy_category_rule,,unmatched,false,,材料,材料,包埋 / 石膏
SY-04114-P,矽膠模型石膏底座 #P,Song Young,lab-production,investment-gypsum,material,approved_rule,legacy_category_rule,,unmatched,false,,材料,材料,包埋 / 石膏
SY-04114-X,矽膠模型石膏底座 #X,Song Young,lab-production,investment-gypsum,material,approved_rule,legacy_category_rule,,unmatched,false,,材料,材料,包埋 / 石膏
SY-04114-Y,矽膠模型石膏底座 #Y,Song Young,lab-production,investment-gypsum,material,approved_rule,legacy_category_rule,,unmatched,false,,材料,材料,包埋 / 石膏
SY-04120,SULFON PAT 菜瓜布輪 (硬),Song Young,lab-production,grinding-tool,consumable,approved_rule,legacy_category_rule,,unmatched,false,,耗材,耗材,磨石 / 研磨工具
SY-04121,SULFON PAT 菜瓜布輪 (軟),Song Young,lab-production,grinding-tool,consumable,approved_rule,legacy_category_rule,,unmatched,false,,耗材,耗材,磨石 / 研磨工具
SY-04123-12,小毛刷(中)#04123-12,Song Young,lab-production,polishing-consumable,consumable,approved_rule,researched_sku_rule,,unmatched,false,,配件,耗材,設備配件
SY-04124-12,小毛刷(軟)#04124-12,Song Young,lab-production,polishing-consumable,consumable,approved_rule,researched_sku_rule,,unmatched,false,,配件,耗材,設備配件
SY-04140,瓷粉雕刀(3支),Song Young,color-characterization,ceramic-brush,durable_tool,approved_rule,legacy_category_rule,,unmatched,false,,材料,輔助工具,瓷筆 / 刷具
SY-04142-A,瓷粉雕刀(刀片),Song Young,color-characterization,ceramic-brush,durable_tool,approved_rule,legacy_category_rule,,unmatched,false,,材料,輔助工具,瓷筆 / 刷具
SY-04142-B,瓷粉雕刀(刀片),Song Young,color-characterization,ceramic-brush,durable_tool,approved_rule,legacy_category_rule,,unmatched,false,,材料,輔助工具,瓷筆 / 刷具
SY-04142-C,瓷粉雕刀(刀片),Song Young,color-characterization,ceramic-brush,durable_tool,approved_rule,legacy_category_rule,,unmatched,false,,材料,輔助工具,瓷筆 / 刷具
SY-04142-D,瓷粉雕刀(刀片),Song Young,color-characterization,ceramic-brush,durable_tool,approved_rule,legacy_category_rule,,unmatched,false,,材料,輔助工具,瓷筆 / 刷具
SY-04142-E,瓷粉雕刀(刀片),Song Young,color-characterization,ceramic-brush,durable_tool,approved_rule,legacy_category_rule,,unmatched,false,,材料,輔助工具,瓷筆 / 刷具
SY-04160,K-CRUCIBLE 離心坩堝,Song Young,lab-production,casting-pressing-equipment,accessory,approved_rule,researched_sku_rule,,unmatched,false,,配件,耗材,設備配件
SY-04163,K-CRUCIBLE 離心坩堝#4,Song Young,lab-production,casting-pressing-equipment,accessory,approved_rule,researched_sku_rule,,unmatched,false,,配件,耗材,設備配件
SY-04170,DIE LOCK TRAY(免PIN台),Song Young,lab-production,die-model-accessory,accessory,approved_rule,verified_sku_rule,,unmatched,false,,配件,耗材,3D列印機配件
SY-04188-H,Wet Trays 瓷盤(H)#04188-H,Song Young,lab-equipment,equipment-accessory,accessory,approved_rule,researched_sku_rule,,unmatched,false,,工具,耗材,其他工具
SY-04188-M,保濕瓷盤(小片)#04188-M,Song Young,lab-equipment,equipment-accessory,accessory,approved_rule,researched_sku_rule,,unmatched,false,,工具,耗材,其他工具
SY-04189-19,STAIN瓷盤(19孔),Song Young,lab-equipment,equipment-accessory,accessory,approved_rule,researched_sku_rule,,unmatched,false,,工具,耗材,其他工具
SY-04190,5孔瓷盤,Song Young,lab-equipment,equipment-accessory,accessory,approved_rule,researched_sku_rule,,unmatched,false,,工具,耗材,其他工具
SY-04190-1,5孔瓷盤蓋子,Song Young,lab-equipment,equipment-accessory,accessory,approved_rule,researched_sku_rule,,unmatched,false,,工具,耗材,其他工具
SY-04191,瓷牙燒付台+支柱 #04191,Song Young,lab-equipment,furnace-accessory,accessory,approved_rule,legacy_category_rule,,unmatched,false,,配件,耗材,爐具配件
SY-04191-1,燒付台-支柱#04191-1,Song Young,lab-equipment,furnace-accessory,accessory,approved_rule,legacy_category_rule,,unmatched,false,,配件,耗材,爐具配件
SY-04192,瓷牙燒付支柱(變色)/8支,Song Young,lab-equipment,equipment-accessory,accessory,approved_rule,researched_sku_rule,,unmatched,false,,配件,耗材,設備配件
SY-04193-1,燒付台-鐵支柱,Song Young,lab-equipment,furnace-accessory,accessory,approved_rule,legacy_category_rule,,unmatched,false,,配件,耗材,爐具配件
SY-04210,超音波潔牙機,Song Young,lab-equipment,equipment-accessory,accessory,needs_review,researched_unresolved,,unmatched,true,ambiguous_legacy_category,配件,耗材,設備配件
SY-04222,義齒盒子(黃),Song Young,clinical-tools,model-accessory,accessory,approved_rule,researched_sku_rule,,unmatched,false,,配件,耗材,設備配件
SY-04223,義齒盒子(白),Song Young,clinical-tools,model-accessory,accessory,approved_rule,researched_sku_rule,,unmatched,false,,配件,耗材,設備配件
SY-04230,DENTURE SPA 潔牙機,Song Young,lab-equipment,cleaning-dust-control,equipment,approved_rule,researched_sku_rule,,unmatched,false,,配件,耗材,設備配件
SY-04237,MOUTH MOULDS (L.M.S)/組,Song Young,clinical-tools,model-accessory,accessory,approved_rule,researched_sku_rule,,unmatched,false,,配件,耗材,設備配件
SY-04244,內冠金屬夾#04244,Song Young,fixed-restorative,metal-material,material,approved_rule,legacy_category_rule,,unmatched,false,,材料,材料,金屬材料
SY-04244B,內冠金屬夾#04244B,Song Young,fixed-restorative,metal-material,material,approved_rule,legacy_category_rule,,unmatched,false,,材料,材料,金屬材料
SY-04245,內冠金屬夾(圓)#04245,Song Young,fixed-restorative,metal-material,material,approved_rule,legacy_category_rule,,unmatched,false,,材料,材料,金屬材料
SY-04248,14cm 直止血鉗(大),Song Young,clinical-tools,dental-instrument,durable_tool,approved_rule,researched_sku_rule,,unmatched,false,,配件,耗材,設備配件
SY-04249,手術刀柄,Song Young,clinical-tools,dental-instrument,durable_tool,approved_rule,researched_sku_rule,,unmatched,false,,配件,耗材,設備配件
SY-04260-1,Protioner Big (瓷粉量具),Song Young,fixed-restorative,ceramic-material,material,approved_rule,legacy_category_rule,,unmatched,false,,材料,材料,瓷粉 / 陶瓷
SY-04260-2,Protioner small(瓷粉量具),Song Young,fixed-restorative,ceramic-material,material,approved_rule,legacy_category_rule,,unmatched,false,,材料,材料,瓷粉 / 陶瓷
SY-04270-1,脫水刀,Song Young,clinical-tools,dental-instrument,durable_tool,approved_rule,researched_sku_rule,,unmatched,false,,配件,耗材,設備配件
SY-04270-5,腊刀(活動床用),Song Young,clinical-tools,dental-instrument,durable_tool,approved_rule,researched_sku_rule,,unmatched,false,,配件,耗材,設備配件
SY-04287,旋轉磁鐵鑽針座(綠),Song Young,lab-production,bur-drill,consumable,approved_rule,legacy_category_rule,,unmatched,false,,耗材,耗材,車針 / 鑽針
SY-04297,Metal Hammer 金屬槌,Song Young,fixed-restorative,metal-material,material,approved_rule,legacy_category_rule,,unmatched,false,,材料,材料,金屬材料
SY-04411-L,石膏拌碗#L,Song Young,lab-production,investment-gypsum,material,approved_rule,legacy_category_rule,,unmatched,false,,材料,材料,包埋 / 石膏
SY-04411-M,石膏拌碗#M,Song Young,lab-production,investment-gypsum,material,approved_rule,legacy_category_rule,,unmatched,false,,材料,材料,包埋 / 石膏
SY-04411-XL,石膏拌碗#XL,Song Young,lab-production,investment-gypsum,material,approved_rule,legacy_category_rule,,unmatched,false,,材料,材料,包埋 / 石膏
SY-05012,金屬切片(22mm*0.25mm )#05012 /100pcs,Song Young,fixed-restorative,metal-material,material,approved_rule,legacy_category_rule,,unmatched,false,,材料,材料,金屬材料
SY-05031,快速切片(25mm*0.6mm)/100pcs #05031,Song Young,lab-production,bur-drill,consumable,approved_rule,legacy_category_rule,,unmatched,false,,耗材,耗材,車針 / 鑽針
SY-05050,金屬切片(25mm*0.6mm)黑色 /100pcs #05050,Song Young,fixed-restorative,metal-material,material,approved_rule,legacy_category_rule,,unmatched,false,,材料,材料,金屬材料
SY-05060,金屬切片(25mm*0.6mm)紅色 /100pcs #05060,Song Young,fixed-restorative,metal-material,material,approved_rule,legacy_category_rule,,unmatched,false,,材料,材料,金屬材料
SY-05060A,金屬切片(25mm*0.6mm)紅色 /100pcs #05060A,Song Young,fixed-restorative,metal-material,material,approved_rule,legacy_category_rule,,unmatched,false,,材料,材料,金屬材料
SY-05061,大切片(38mm*0.6mm)紅色 /100PCS,Song Young,lab-production,cutting-disc,consumable,approved_rule,legacy_category_rule,,unmatched,false,,耗材,耗材,切片 / 鋸片
SY-05076,車石(31.8mmX2.5mm) /20Pcs,Song Young,lab-production,grinding-tool,consumable,approved_rule,researched_sku_rule,,unmatched,false,,配件,耗材,設備配件
SY-06010-10,Silicone Point #10,Song Young,removable-prosthetics,impression-material,material,approved_rule,legacy_category_rule,,unmatched,false,,材料,材料,印模材料
SY-06010-13,Silicone Point #13 (棕),Song Young,removable-prosthetics,impression-material,material,approved_rule,legacy_category_rule,,unmatched,false,,材料,材料,印模材料
SY-06010-147B,Silicone Point #147B,Song Young,removable-prosthetics,impression-material,material,approved_rule,legacy_category_rule,,unmatched,false,,材料,材料,印模材料
SY-06010-147C,Silicone Point #147C(棕色),Song Young,removable-prosthetics,impression-material,material,approved_rule,legacy_category_rule,,unmatched,false,,材料,材料,印模材料
SY-06010-G157A,Silicone Point #G157A,Song Young,removable-prosthetics,impression-material,material,approved_rule,legacy_category_rule,,unmatched,false,,材料,材料,印模材料
SY-06015-W147B,Silicone Point #W147B,Song Young,removable-prosthetics,impression-material,material,approved_rule,legacy_category_rule,,unmatched,false,,材料,材料,印模材料
SY-06030-1,BIG POINT #10B (樹脂用),Song Young,lab-production,grinding-tool,consumable,approved_rule,researched_sku_rule,,unmatched,false,,配件,耗材,設備配件
SY-06030-2,BIG POINT #10C (樹脂用),Song Young,lab-production,grinding-tool,consumable,approved_rule,researched_sku_rule,,unmatched,false,,配件,耗材,設備配件
SY-06030-3,BIG POINT #8B (樹脂用),Song Young,lab-production,grinding-tool,consumable,approved_rule,researched_sku_rule,,unmatched,false,,配件,耗材,設備配件
SY-06030-4,BIG POINT #8C (樹脂用),Song Young,lab-production,grinding-tool,consumable,approved_rule,researched_sku_rule,,unmatched,false,,配件,耗材,設備配件
SY-06120-3,白布輪(06120-3L),Song Young,lab-production,polishing-consumable,consumable,approved_rule,researched_sku_rule,,unmatched,false,,配件,耗材,設備配件
SY-06150-5,大毛刷#06150-5,Song Young,lab-production,polishing-consumable,consumable,approved_rule,researched_sku_rule,,unmatched,false,,配件,耗材,設備配件
SY-06150-8,大毛刷#06150-8,Song Young,lab-production,polishing-consumable,consumable,approved_rule,researched_sku_rule,,unmatched,false,,配件,耗材,設備配件
SY-06180-4,帶柄白棉輪#4,Song Young,lab-production,polishing-consumable,consumable,approved_rule,researched_sku_rule,,unmatched,false,,配件,耗材,設備配件
SY-06180-5,帶柄棉線輪#5,Song Young,lab-production,polishing-consumable,consumable,approved_rule,researched_sku_rule,,unmatched,false,,配件,耗材,設備配件
SY-06180-6,帶柄白布輪#6,Song Young,lab-production,polishing-consumable,consumable,approved_rule,researched_sku_rule,,unmatched,false,,配件,耗材,設備配件
SY-07046ULT,TTL輕量型-防護面罩(5片),Song Young,clinical-tools,dental-instrument,consumable,approved_rule,researched_sku_rule,,unmatched,false,,配件,耗材,設備配件
SY-07150-0,貂毛瓷筆 #0,Song Young,color-characterization,ceramic-brush,durable_tool,approved_rule,legacy_category_rule,,unmatched,false,,工具,輔助工具,瓷筆 / 刷具
SY-07150-00,貂毛瓷筆 #00,Song Young,color-characterization,ceramic-brush,durable_tool,approved_rule,legacy_category_rule,,unmatched,false,,工具,輔助工具,瓷筆 / 刷具
SY-07150-1,貂毛瓷筆 #1,Song Young,color-characterization,ceramic-brush,durable_tool,approved_rule,legacy_category_rule,,unmatched,false,,工具,輔助工具,瓷筆 / 刷具
SY-07150-4,貂毛鋼珠瓷筆 #4,Song Young,color-characterization,ceramic-brush,durable_tool,approved_rule,legacy_category_rule,,unmatched,false,,工具,輔助工具,瓷筆 / 刷具
SY-07150-6,貂毛鋼珠瓷筆 #6,Song Young,color-characterization,ceramic-brush,durable_tool,approved_rule,legacy_category_rule,,unmatched,false,,工具,輔助工具,瓷筆 / 刷具
SY-07150-7,貂毛鋼珠瓷筆 #7,Song Young,color-characterization,ceramic-brush,durable_tool,approved_rule,legacy_category_rule,,unmatched,false,,工具,輔助工具,瓷筆 / 刷具
SY-07150-8,貂毛鋼珠瓷筆 #8,Song Young,color-characterization,ceramic-brush,durable_tool,approved_rule,legacy_category_rule,,unmatched,false,,工具,輔助工具,瓷筆 / 刷具
SY-07150-2,貂毛瓷筆 #2,Song Young,color-characterization,ceramic-brush,durable_tool,approved_rule,legacy_category_rule,,unmatched,false,,工具,輔助工具,瓷筆 / 刷具
SY-07150-3,貂毛瓷筆 #3,Song Young,color-characterization,ceramic-brush,durable_tool,approved_rule,legacy_category_rule,,unmatched,false,,工具,輔助工具,瓷筆 / 刷具
SY-07150-5,貂毛鋼珠瓷筆 #5,Song Young,color-characterization,ceramic-brush,durable_tool,approved_rule,legacy_category_rule,,unmatched,false,,工具,輔助工具,瓷筆 / 刷具
SY-07230-L,ANTERIOR-SHELL FORMERS 蠟型即座-LL.L,Song Young,lab-production,wax-pressing-material,durable_tool,approved_rule,researched_sku_rule,,unmatched,false,,配件,耗材,設備配件
SY-07240-M5,OCL-PATTERN-FORMERS 蠟型即座-M5度,Song Young,lab-production,wax-pressing-material,durable_tool,approved_rule,researched_sku_rule,,unmatched,false,,配件,耗材,設備配件
WM-211-01,Whip Mix 咬合器(含面弓),WHIP MIX,clinical-tools,articulator,equipment,approved_rule,legacy_category_rule,,unmatched,false,,設備,設備,咬合器
SY-010885-000,Hanau Wide-vue 咬合器 (含面弓),Song Young,clinical-tools,articulator,equipment,approved_rule,legacy_category_rule,,unmatched,false,,設備,設備,咬合器
WM-79250,VERIWASH 洗淨機,WHIP MIX,additive-manufacturing,post-processing,equipment,approved_rule,researched_sku_rule,,unmatched,false,,設備,設備,設備
YMH-46,SCAN WAX 掃描腊,YAMAHACHI,lab-production,wax-pressing-material,material,approved_rule,legacy_category_rule,,unmatched,false,,材料,材料,蠟 / 壓鑄材
C0-028,Diamond 半鑽石針,,lab-production,bur-drill,consumable,needs_review,researched_sku_rule,,unmatched,true,missing_brand,耗材,耗材,車針 / 鑽針
SY-08370A,獨立調整放大眼鏡,Song Young,lab-equipment,optical-equipment,equipment,approved_rule,legacy_category_rule,,unmatched,false,,設備,設備,光學設備
SY-08370B,獨立調整放大眼鏡,Song Young,lab-equipment,optical-equipment,equipment,approved_rule,legacy_category_rule,,unmatched,false,,設備,設備,光學設備
SY-08280A,可調倍數放大眼鏡,Song Young,lab-equipment,optical-equipment,equipment,approved_rule,legacy_category_rule,,unmatched,false,,設備,設備,光學設備
SY-08360A,4.5X放大眼鏡(Keplerian Loupes),Song Young,lab-equipment,optical-equipment,equipment,approved_rule,legacy_category_rule,,unmatched,false,,設備,設備,光學設備
SY-08360B,4.5X放大眼鏡(Keplerian Loupes),Song Young,lab-equipment,optical-equipment,equipment,approved_rule,legacy_category_rule,,unmatched,false,,設備,設備,光學設備
SY-08090,頭戴式放大眼鏡,Song Young,lab-equipment,optical-equipment,equipment,approved_rule,legacy_category_rule,,unmatched,false,,設備,設備,光學設備
SY-08266,LED 頭燈,Song Young,lab-equipment,optical-equipment,equipment,approved_rule,legacy_category_rule,,unmatched,false,,設備,設備,光學設備
SY-08265,無線頭燈,Song Young,lab-equipment,optical-equipment,equipment,approved_rule,legacy_category_rule,,unmatched,false,,設備,設備,光學設備
VP,軟床,,removable-prosthetics,resin-material,material,needs_review,researched_sku_rule,,unmatched,true,missing_brand,材料,材料,樹脂材料
VP-03,修補液,,removable-prosthetics,resin-material,material,needs_review,researched_sku_rule,,unmatched,true,missing_brand,材料,材料,樹脂材料
VP-04,結合劑,,removable-prosthetics,resin-material,material,needs_review,researched_sku_rule,,unmatched,true,missing_brand,材料,材料,樹脂材料
VP-05-06,鑽冠 #6 #9 #12 (6支),,lab-production,bur-drill,consumable,needs_review,researched_sku_rule,,unmatched,true,missing_brand,耗材,耗材,車針 / 鑽針
VP-07,Rag Buffs 棉輪,,lab-production,polishing-consumable,consumable,needs_review,researched_sku_rule,,unmatched,true,missing_brand,工具,輔助工具,拋光 / 研磨
WM-206,恆溫器,WHIP MIX,other-review,generic-equipment,equipment,unresolved,researched_unresolved,,unmatched,true,ambiguous_legacy_category,設備,設備,設備
SY-04199,燒付台+支架 (附15支支架) #1,Song Young,lab-equipment,equipment-accessory,accessory,approved_rule,researched_sku_rule,,unmatched,false,,工具,輔助工具,工具
SY-04215,Sonic Cleaner 音波假牙洗淨器,Song Young,lab-equipment,cleaning-dust-control,equipment,approved_rule,researched_sku_rule,,unmatched,false,,設備,設備,設備
C0-056-01,Mixing Bowls 石膏拌碗,,clinical-tools,general-tool,durable_tool,needs_review,researched_sku_rule,,unmatched,true,missing_brand,工具,輔助工具,工具
SY-05030,ST瓷牙切片 22mm×0.35mm (100片),Song Young,lab-production,cutting-disc,consumable,approved_rule,researched_sku_rule,,unmatched,false,,耗材,耗材,切片
SY-08100,比色燈,Song Young,other-review,generic-equipment,equipment,unresolved,researched_unresolved,,unmatched,true,ambiguous_legacy_category|equipment_axis_conflict,其他,設備,設備
SY-08420,顯微放大鏡+環形燈,Song Young,lab-equipment,optical-equipment,equipment,approved_rule,legacy_category_rule,,unmatched,false,,設備,設備,光學設備
SY-09100,教學雕刻模型(小),Song Young,clinical-tools,model-accessory,accessory,approved_rule,researched_sku_rule,,unmatched,false,,工具,輔助工具,工具
SY-09110,教學雕刻模型(大),Song Young,clinical-tools,model-accessory,accessory,approved_rule,researched_sku_rule,,unmatched,false,,工具,輔助工具,工具
ST-121,石膏橡膠底座 (1.5cm),,clinical-tools,model-accessory,accessory,needs_review,researched_sku_rule,,unmatched,true,missing_brand,工具,輔助工具,工具
SY-08380,輕量型伽利略放大眼鏡,Song Young,lab-equipment,optical-equipment,equipment,approved_rule,legacy_category_rule,,unmatched,false,,設備,設備,光學設備
SY-08385,輕量型TTL放大眼鏡,Song Young,lab-equipment,optical-equipment,equipment,approved_rule,legacy_category_rule,,unmatched,false,,設備,設備,光學設備
SY-08350A,一般型TTL放大眼鏡,Song Young,lab-equipment,optical-equipment,equipment,approved_rule,legacy_category_rule,,unmatched,false,,設備,設備,光學設備
SY-08350B,一般型TTL放大眼鏡,Song Young,lab-equipment,optical-equipment,equipment,approved_rule,legacy_category_rule,,unmatched,false,,設備,設備,光學設備
ST-001,Super Jet 彈性義齒床鑄造機,,lab-production,casting-pressing-equipment,equipment,needs_review,researched_sku_rule,,unmatched,true,missing_brand,設備,設備,設備
ST-006,沖腊機,,lab-equipment,wax-equipment,equipment,needs_review,researched_sku_rule,,unmatched,true,missing_brand,設備,設備,設備
SY-01520-110V,三孔數位融腊機,Song Young,lab-equipment,wax-equipment,equipment,approved_rule,researched_sku_rule,,unmatched,false,,設備,設備,設備
SY-02750,Puplocating Flask 寒天材翻模合(鋁質),Song Young,clinical-tools,general-tool,durable_tool,needs_review,researched_unresolved,,unmatched,true,ambiguous_legacy_category,工具,輔助工具,工具
SY-01300,簡易型精密平行器,Song Young,lab-equipment,other-equipment,equipment,approved_rule,researched_sku_rule,,unmatched,false,,設備,設備,設備
SY-01310,精密平行器,Song Young,lab-equipment,other-equipment,equipment,approved_rule,researched_sku_rule,,unmatched,false,,設備,設備,設備
SY-01310-NB,新精密平行器(無刷),Song Young,lab-equipment,other-equipment,equipment,approved_rule,researched_sku_rule,,unmatched,false,,設備,設備,設備
SY-01550,數位型浸腊機及電磁加熱器,Song Young,lab-equipment,wax-equipment,equipment,approved_rule,researched_sku_rule,,unmatched,false,,設備,設備,設備
SY-01440,數位型浸腊機及電腊刀,Song Young,lab-equipment,wax-equipment,equipment,approved_rule,researched_sku_rule,,unmatched,false,,設備,設備,設備
SY-01540,新電磁加熱器,Song Young,lab-equipment,wax-equipment,equipment,approved_rule,researched_sku_rule,,unmatched,false,,設備,設備,設備
SY-01530,三孔數位浸腊機,Song Young,lab-equipment,wax-equipment,equipment,approved_rule,researched_sku_rule,,unmatched,false,,設備,設備,設備
SY-02120H,上顎用合架,Song Young,clinical-tools,articulator,equipment,approved_rule,legacy_category_rule,,unmatched,false,,設備,設備,咬合器
SY02100-60,新型面弓V2,Song Young,clinical-tools,articulator,equipment,approved_rule,legacy_category_rule,,unmatched,false,,設備,設備,咬合器
SY-02840,磁揚真空成形機,Song Young,other-review,generic-equipment,equipment,unresolved,researched_unresolved,,unmatched,true,ambiguous_legacy_category,設備,設備,設備
SY-02860N,石膏研磨機(附鑽石磨片),Song Young,lab-production,grinding-tool,equipment,approved_rule,researched_sku_rule,,unmatched,false,,設備,設備,設備
AB-15,PDS 活動金屬(散粒),Aalba Dent,fixed-restorative,metal-material,material,approved_rule,legacy_category_rule,,unmatched,false,,材料,材料,金屬材料
BF-01,Buffalo 毛刷,,lab-production,polishing-consumable,consumable,needs_review,researched_sku_rule,,unmatched,true,missing_brand,工具,輔助工具,拋光 / 研磨
